,iso3,year,gdp_per_capita,population_density,urban_population,hiv_prevalence,health_expenditure
0,,2000,22428.1726072309,24.1575742470418,76.1243587136707,2.87280879474132,9.34521106919875
1,,2001,22129.0189979774,24.2811850954491,76.3835804739705,2.81866828810534,9.81638224029344
2,,2002,22974.3592654579,24.4058781148535,76.70572876164,2.72379667559295,10.2424787532957
3,,2003,25642.0998662756,24.533525569898,77.0606383849569,2.62463350031246,10.4057550803766
4,,2004,28482.3042788075,24.66742254643,77.4095974944961,2.54769035537605,10.3262123369465
5,,2005,30080.7834726251,24.8013186146303,77.7101607010208,2.45727754274054,10.3433244324205
6,,2006,31743.3108447684,24.9527732277616,77.9906658084009,2.3798795545133,10.3646815753186
7,,2007,34703.2215480124,25.1199074291294,78.2586161871986,2.31724393222327,10.3126291946435
8,,2008,36948.6937394895,25.3025730470269,78.4997972665246,2.26430116207016,10.4337022587102
9,,2009,34160.3443365118,25.4576515994462,78.6868043607071,2.23619938807944,11.4205623145472
10,,2010,35833.7115834135,25.5705677162573,78.8495856511893,2.20568007318537,11.2716933458789
11,,2011,38837.3278350951,25.6839011579019,78.9755394321621,2.16284505799274,11.2225382579136
12,,2012,38756.7592855469,25.8352392053992,79.0761339258933,2.15194625281011,11.3356097862024
13,,2013,39099.8824050102,25.9831278025369,79.1842530422909,2.10995690910933,11.3372978700475
14,,2014,39576.1363506592,26.1252355290003,79.2816675807236,2.10842856456583,11.5370992796088
15,,2015,36734.6310227088,26.2894161660926,79.387375702382,2.06302320193934,11.9835677648013
16,,2016,37232.2355227355,26.4431373577626,79.4995336680827,2.03821895364681,12.1464340437715
17,,2017,38970.4660370017,26.559616576169,79.5646323222643,1.97373554081409,12.0573603254639
18,,2018,41295.6262218527,26.6460082284745,79.6265084521732,1.93867913211044,11.9733880524105
19,,2019,41570.3760789982,26.7407562332035,79.6868403779463,1.88130292184671,12.1635303867058
20,,2020,40453.9686533276,26.805040676527,79.7425183592538,1.82787700094659,13.6298864951756
21,,2021,45545.9474677756,26.8644658703963,79.808750690419,1.7617852080403,13.0944002745069
22,,2022,47056.4874992383,27.0030940724314,79.9047258563531,1.71096166692432,12.5509007800305
23,,2023,49141.5400740302,27.1982249860451,80.017512944144,1.64066127780418,12.5381196027244
24,,2024,50907.2761474674,,80.1320285164635,1.57456432364776,
25,,2025,53997.2579539931,,80.2483970459505,,
26,ABW,2000,20681.0230269625,503.266666666667,65.3545497799987,,
27,ABW,2001,20740.1325828172,507.994444444444,65.3351137913914,,
28,ABW,2002,21307.2482505267,511.522222222222,65.2820691308217,,
29,ABW,2003,21949.4859960868,517.377777777778,65.1982922587168,,
30,ABW,2004,23700.6319899197,528.544444444444,65.0886533661558,,
31,ABW,2005,24171.8371325422,542.416666666667,64.9580226442175,,
32,ABW,2006,24845.65848362,552.25,64.811270283981,,
33,ABW,2007,26736.3089444046,556.388888888889,64.6532664765254,,
34,ABW,2008,28171.9094008501,560.65,64.4888814129295,,
35,ABW,2009,25134.7712303589,564.466666666667,64.3229852842726,,
36,ABW,2010,24093.1401510626,565.766666666667,64.1612965549477,,
37,ABW,2011,25712.3843015186,569.95,63.9992605838571,,
38,ABW,2012,25119.6655449838,578.388888888889,63.8252085199599,,
39,ABW,2013,25813.5714408438,587.083333333333,63.6382914355326,,
40,ABW,2014,26129.8390617693,593.372222222222,63.4392531303795,,
41,ABW,2015,27458.2201537506,599.477777777778,63.2288374043053,,
42,ABW,2016,27441.5502144601,604.038888888889,63.0077880571142,,
43,ABW,2017,28440.0416881491,604.083333333333,62.7768488886109,,
44,ABW,2018,30082.1584226798,605.044444444444,62.5367636985996,,
45,ABW,2019,30654.4851235397,606.683333333333,62.288276286885,,
46,ABW,2020,22664.3709949437,603.261111111111,62.0028837566365,,
47,ABW,2021,26827.3447869986,598.333333333333,61.9275339886843,,
48,ABW,2022,31000.5713798732,596.166666666667,61.8811657924257,,
49,ABW,2023,34897.6183932009,596.438888888889,61.8351492675589,,
50,ABW,2024,38590.5650288641,,61.7909396819594,,
51,ABW,2025,,,61.7485249229588,,
52,AFE,2000,706.728440776917,33.3035106646153,28.4686879776452,6.75886389256322,5.65752277451423
53,AFE,2001,625.82886019759,34.1768746149742,28.8315061435738,6.6925241851865,5.80326727984876
54,AFE,2002,630.513380226995,35.0798625833507,29.2210306166309,6.59504903207733,5.40821268568021
55,AFE,2003,815.433657549659,36.010765348288,29.6390356014361,6.45990292102675,5.98967011756499
56,AFE,2004,989.017114690163,36.5295746590212,30.0878370669042,6.30948272722763,6.06992747717349
57,AFE,2005,1126.29920363201,37.5135919528181,30.5372758629303,6.16632748880233,5.90898113167535
58,AFE,2006,1235.17087902029,38.5286306361067,30.9876495544836,6.05012606826975,5.91102141456223
59,AFE,2007,1381.4452514345,39.5795390720338,31.3629773942904,5.96558411616014,5.92495785790316
60,AFE,2008,1447.42777531825,40.6724831497104,31.848999584948,5.87885514159126,5.80170556350869
61,AFE,2009,1408.61565890435,41.8010527779488,32.2400677597918,5.81776878903963,6.31330626650674
62,AFE,2010,1628.76857300184,42.9574912715677,32.5903609820214,5.7840935656365,6.35972537295694
63,AFE,2011,1761.83829586572,44.1254633537399,32.9380985869792,5.7315024698247,6.2708392029194
64,AFE,2012,1731.86909640114,37.6965165566856,33.2867060801392,5.68904496996849,6.07532688187087
65,AFE,2013,1705.83900348854,38.7469753050245,33.6673142772775,5.61150707791288,6.06318749507177
66,AFE,2014,1689.98238051624,39.809154639038,34.0775774023013,5.57963728787852,5.71319321750065
67,AFE,2015,1498.71597073834,40.8918114438629,34.4906809355644,5.50777587182294,5.89158804069771
68,AFE,2016,1335.7431649955,41.9804907421639,34.8812106693274,5.41344977118105,6.01013121696575
69,AFE,2017,1529.92307995549,43.0987829827225,35.2829868326458,5.27403926006284,5.8615134661489
70,AFE,2018,1553.61794421394,44.2875973919034,35.714718464725,5.16868738905315,5.72726191770079
71,AFE,2019,1508.0315245887,45.5034869166531,36.0973307017698,5.03125994904424,5.75412533119706
72,AFE,2020,1351.50316694933,46.7425596337459,36.4883219609866,4.90133813008973,5.98549369692664
73,AFE,2021,1560.89462580275,47.9972954785225,36.9085426088518,4.75016647047109,5.94632006946188
74,AFE,2022,1675.90252377611,49.2580431681559,37.3605781096471,4.59421132174566,5.56646899236104
75,AFE,2023,1571.13270407815,50.5146975127966,37.7723012408349,4.41506303269652,5.54379730412469
76,AFE,2024,1628.22728900442,,38.2414414289603,4.23405759192118,
77,AFE,2025,1722.38561960923,,38.7021396558821,,
78,AFG,2000,174.930991430166,30.8638471091486,18.5581995230666,0.1,
79,AFG,2001,138.706821676113,31.099929472732,18.7412381251552,0.1,
80,AFG,2002,178.954088379235,32.77696058139,18.9412480133309,0.1,9.44339085
81,AFG,2003,198.871115728727,34.8543443263879,19.1600346409089,0.1,8.94125843
82,AFG,2004,221.763653873013,36.1232295355933,19.3993593959593,0.1,9.80847359
83,AFG,2005,254.184249149336,37.4171181945019,19.7059095753667,0.1,9.94828892
84,AFG,2006,274.218553561575,38.9802584977692,20.1104530189181,0.1,10.62276554
85,AFG,2007,376.223152003876,39.7250233813225,20.5906579215423,0.1,9.90467453
86,AFG,2008,381.73323802844,40.6031951918802,21.1241481349633,0.1,10.25649548
87,AFG,2009,452.053705477043,42.1110666482682,21.6885475109053,0.1,9.81848717
88,AFG,2010,560.621505463146,43.3652070588596,22.2614799010924,0.1,8.56967163
89,AFG,2011,606.694676337726,44.9959492816951,22.8205691572485,0.1,8.56190777
90,AFG,2012,651.417134470046,46.8546892967205,23.3434391310979,0.1,7.89716864
91,AFG,2013,637.087099117099,48.4839765113534,23.8077136743646,0.1,8.80596447
92,AFG,2014,625.054941813938,50.2775447311531,24.1910166387726,0.1,9.52887821
93,AFG,2015,565.569730408751,51.8709105683578,24.4649118421568,0.1,10.10534763
94,AFG,2016,522.082215583898,53.2030296061205,24.6588345720126,0.1,11.81859016
95,AFG,2017,525.469770891619,54.7183278904681,24.8352821238871,0.1,12.62081718
96,AFG,2018,491.337221382603,56.3344817012404,24.9991645191406,0.1,14.20841885
97,AFG,2019,496.6025042585,58.0410606687825,25.1437258839803,0.1,14.83131981
98,AFG,2020,510.787063366811,59.9006163469942,25.2622103446137,0.1,15.53361416
99,AFG,2021,356.496214115892,61.3286907992579,25.3478620272481,0.1,21.50844383
100,AFG,2022,357.261152798144,62.2155405301811,25.3939250580909,0.1,23.0881691
101,AFG,2023,413.757894705303,63.5585008355948,25.4730529631167,0.1,14.9857626
102,AFG,2024,416.871146273728,,25.7007352636188,0.1,
103,AFG,2025,,,25.9401644699898,,
104,AFW,2000,519.642599510731,30.3580377811532,38.8599330559094,2.64775829453711,3.43757730828123
105,AFW,2001,533.677179675639,31.2198040412214,39.460746992679,2.61680318224039,3.43627952626766
106,AFW,2002,620.160708220684,32.1095196876334,40.0574081818729,2.56372739507771,3.09582574879302
107,AFW,2003,698.41059773746,33.02587394343,40.6531005844209,2.52135105513307,4.43612199959233
108,AFW,2004,839.345851531298,33.9727377849119,41.2483844799298,2.47008080466007,4.2695259185259
109,AFW,2005,1001.134464675,34.9507725149186,41.8453135723565,2.36143733297647,4.12261312394282
110,AFW,2006,1236.31604057497,35.9529143976528,42.4489363789709,2.29811459045382,4.03887465403461
111,AFW,2007,1407.72881703262,36.9834635598036,43.0212188517424,2.20861253245966,3.81897623428866
112,AFW,2008,1668.61565308526,38.0457445350208,43.5885609704807,2.1553996279663,3.63072424603027
113,AFW,2009,1455.22391926317,39.125749797143,44.1595723394052,2.13007500190667,3.73365983830438
114,AFW,2010,1664.49204549878,40.2343930539987,44.7340356184081,2.0761054599363,3.49414443704428
115,AFW,2011,1846.10292552744,41.3866190643593,45.306921990073,2.00010279092508,3.47733809150255
116,AFW,2012,1943.37255535786,42.5517015669185,45.8819111655464,1.96034646402795,3.45159999875064
117,AFW,2013,2134.24752369303,43.7268663398845,46.4556737847896,1.88096702993626,3.58102975824724
118,AFW,2014,2224.32958643376,44.9333546692491,47.0323463433828,1.82957478152705,3.59914074177932
119,AFW,2015,1863.40151301991,46.1581148336572,47.6135647497926,1.7489755714155,3.81020228561836
120,AFW,2016,1632.42497788744,47.4030252780855,48.1862744131428,1.71185002348265,3.80268742713908
121,AFW,2017,1577.20349674013,48.6580650867034,48.7610092648065,1.624545675018,3.73310550709269
122,AFW,2018,1723.11446346681,49.901207303295,49.3326762524323,1.59123080826967,3.28852693690847
123,AFW,2019,2219.41255534667,51.1313169145412,49.9054685471984,1.51257436708001,3.24983385590998
124,AFW,2020,2034.43793971923,52.3656565444401,50.4923214842153,1.42640459033144,3.78820568649626
125,AFW,2021,2116.9382941844,53.6138585392315,51.0894191806819,1.40295971543152,4.13565471129464
126,AFW,2022,2143.07209365676,54.8727077276867,51.7001028474527,1.32457702787343,4.17450107095049
127,AFW,2023,1846.24681069313,56.1939927079753,52.3021093132307,1.24703383562524,4.14260145115394
128,AFW,2024,1416.22841156776,,52.8788239433226,1.21659561149006,
129,AFW,2025,1600.05837434388,,53.4772052295821,,
130,AGO,2000,563.733795571487,12.9901892997513,50.5070653484197,1.4,1.68525279
131,AGO,2001,533.586202412447,13.4332301275367,51.7224790407329,1.4,3.95882654
132,AGO,2002,999.065855956628,13.8988521697281,52.8926234794038,1.5,2.9398222
133,AGO,2003,1133.66331960414,14.392967032967,54.0043545370761,1.5,3.10680342
134,AGO,2004,1451.47117870872,14.9197264779017,55.0445280863936,1.6,3.46084046
135,AGO,2005,2145.88621098663,15.4737795780861,56.0,1.6,2.54726577
136,AGO,2006,2930.44428606516,16.0546073634395,56.8939032662772,1.6,2.39833426
137,AGO,2007,3515.05678985496,16.6668492821048,57.7564632930133,1.7,2.65790844
138,AGO,2008,4578.15526451058,17.3086187535093,58.5851745819614,1.7,2.97807598
139,AGO,2009,3645.14846565169,17.9792837089917,59.3775316348744,1.7,3.30655909
140,AGO,2010,4101.63715564669,18.6851888986925,60.1310289535053,1.7,2.36373854
141,AGO,2011,5184.15269151846,19.4259661506377,60.8431610396073,1.8,2.35561895
142,AGO,2012,5702.45306277434,20.1952306088073,61.5114223949332,1.8,2.13677311
143,AGO,2013,5688.57916213471,20.9879040667362,62.1333075212361,1.8,2.4297719
144,AGO,2014,5649.68762467535,21.7861305847437,62.723115793241,1.8,2.15680027
145,AGO,2015,3641.72893920253,22.5858650838213,63.51567832685,1.8,2.29966879
146,AGO,2016,2082.37343594705,23.4082537900056,64.2992302517989,1.8,2.39068723
147,AGO,2017,2832.14997950512,24.2518962059838,65.0850525086068,1.8,2.4379425
148,AGO,2018,2891.83032378747,25.1039985561883,65.8732136723372,1.7,2.29887486
149,AGO,2019,2507.86807213642,25.969063928772,66.6637823180533,1.7,2.20394278
150,AGO,2020,1749.1794838482,26.8317413972888,67.4568270208187,1.7,2.81688905
151,AGO,2021,2266.96834861584,27.6990687414775,68.2524163556969,1.7,2.73987103
152,AGO,2022,3598.53669077341,28.5834835966953,69.0506188977513,1.6,2.60041046
153,AGO,2023,2885.51349130806,29.4777460495709,69.8515032220457,1.6,2.54692864
154,AGO,2024,2720.81900669715,,70.6551379036435,1.6,
155,AGO,2025,3129.47662331063,,71.4615915176085,,
156,ALB,2000,1160.42047054038,112.738211678832,41.6135829609314,0.1,5.87429667
157,ALB,2001,1326.41652388077,111.685145985401,42.354513990929,0.1,5.8561573
158,ALB,2002,1479.83884572006,111.350729927007,43.1520419609419,0.1,5.59802675
159,ALB,2003,1908.69900687608,110.934890510949,44.0295089223208,0.1,5.84188986
160,ALB,2004,2446.90949947798,110.472226277372,44.9784925669394,0.1,5.82433939
161,ALB,2005,2741.72136549578,109.908284671533,45.9937666920583,0.1,5.6621623
162,ALB,2006,3057.77257038113,109.21704379562,47.0701050949378,0.1,5.56553745
163,ALB,2007,3743.05529896187,108.394781021898,48.2022815728384,0.1,5.85639858
164,ALB,2008,4498.50486763601,107.566204379562,49.3850699230207,0.1,5.44421673
165,ALB,2009,4213.65007574693,106.843759124088,50.6132439427449,0.1,5.75751925
166,ALB,2010,4149.14469936847,106.314635036496,51.8815774292716,0.1,6.16333199
167,ALB,2011,4465.70914328865,106.02901459854,53.2917382892465,0.1,6.11026192
168,ALB,2012,4280.93316338873,104.405401459854,53.8637553661449,0.1,6.08504725
169,ALB,2013,4542.92903556739,102.806642335766,54.2979678058548,0.1,6.20897436
170,ALB,2014,4793.59751131525,101.232372262774,54.7325813178673,0.1,6.35884142
171,ALB,2015,4199.53912925398,99.6822262773723,55.1579291374894,0.1,6.38810158
172,ALB,2016,4457.63412207495,98.155802919708,55.5738734464276,0.1,6.65018797
173,ALB,2017,5006.36012951959,96.6527372262774,55.980276426546,0.1,6.50111914
174,ALB,2018,5897.65452588774,95.1727372262774,56.377000259892,0.1,6.59002447
175,ALB,2019,6069.43903131027,93.7153649635036,56.7639071287255,0.1,6.78144073
176,ALB,2020,6027.91350716348,92.2802919708029,57.1408592155544,0.1,7.46513748
177,ALB,2021,7242.45513146613,90.8672262773723,57.5077187031778,0.1,7.35750389
178,ALB,2022,7756.96188744253,89.4757664233577,57.8643477747383,0.1,7.53646231
179,ALB,2023,9740.7023414631,88.0167153284672,58.2106086137857,0.1,7.05240345
180,ALB,2024,11374.0085781236,,58.5463634043555,0.1,
181,ALB,2025,12998.147869552,,58.871474331067,,
182,AND,2000,21810.2487426174,139.755319148936,92.2559356689453,,5.93342304
183,AND,2001,23511.2951466328,140.110638297872,91.8949711110146,,5.86402225
184,AND,2002,26528.1301571494,141.502127659574,91.4605308311615,,5.99621153
185,AND,2003,34063.5784040571,147.842553191489,90.9887515425879,,5.54293585
186,AND,2004,39021.1278078772,158.13829787234,90.5157699584961,,5.27989149
187,AND,2005,40829.801878928,164.725531914894,89.9563631945418,,5.58296251
188,AND,2006,43467.210990395,169.329787234043,89.3789218918348,,4.95078182
189,AND,2007,48336.2283340364,174.206382978723,89.0500030517578,,4.94078732
190,AND,2008,49132.5157047203,177.648936170213,88.9407363930477,,5.6787138
191,AND,2009,43975.0183658196,178.485106382979,88.84433315185,,6.09363031
192,AND,2010,42746.830952263,171.714893617021,88.7604726056609,,7.68835258
193,AND,2011,46657.1561204071,165.495744680851,88.6888340319763,,7.62052774
194,AND,2012,41500.5435782722,163.476595744681,88.6290967082924,,6.71966314
195,AND,2013,42470.3161158563,159.987234042553,88.5809399121053,,6.79758358
196,AND,2014,44369.6596894579,156.887234042553,88.544042920911,,6.77313089
197,AND,2015,38654.9347217207,153.56170212766,88.5180850122057,,6.91368532
198,AND,2016,40129.8192026671,153.576595744681,88.5027454634853,,6.94162941
199,AND,2017,40672.9943362327,156.942553191489,88.4977035522461,,7.07158232
200,AND,2018,42819.774579353,159.91914893617,88.5080998493791,,7.37781096
201,AND,2019,41257.8045861543,162.710638297872,88.5391793666245,,7.32238626
202,AND,2020,37361.090067211,164.63829787234,88.5907780427517,,8.78462029
203,AND,2021,42425.6996761083,166.731914893617,88.6627318165299,,8.64671707
204,AND,2022,42414.0590111349,169.585106382979,88.7548766267286,,7.52135801
205,AND,2023,46812.448450114,172.034042553191,88.8201609217082,,7.69928026
206,AND,2024,49357.437070178,,88.8850044816278,,
207,AND,2025,54291.5026031052,,88.9492672283129,,
208,ARB,2000,2664.12544702947,25.5039700746683,52.4414305753963,0.119482887396917,3.94168493226604
209,ARB,2001,2536.15266480025,26.1298611508539,52.738168430817,0.119564308116177,4.22190895554047
210,ARB,2002,2483.50270297478,26.7627925444071,53.0428526060555,0.116874608937706,4.20069318198424
211,ARB,2003,2696.67250919404,27.3972610847768,53.3521913954159,0.116537430317985,3.99548079029995
212,ARB,2004,3133.70136960221,28.0421467594687,53.6638769892058,0.116123083678238,3.7307018776003
213,ARB,2005,3750.69817199291,28.7157314954512,53.9820002905638,0.115725952022135,3.44633698866979
214,ARB,2006,4355.05761532494,29.4185278894372,54.3116023572253,0.114567060971337,3.42808736043941
215,ARB,2007,4940.70153714799,30.1680454274111,54.6554574046587,0.113996659308157,3.53654789560243
216,ARB,2008,6100.53937632387,30.9456223002043,55.012130650449,0.113471189068788,3.37689475245828
217,ARB,2009,5142.65633137166,31.7272353692493,55.3595981551546,0.112434552434154,4.30434512450331
218,ARB,2010,5957.50539498481,32.3666218189319,55.5920977319462,0.109293546783877,3.89784073269193
219,ARB,2011,6924.20289420703,33.1221072734311,56.052080900428,0.108245537844981,3.81100934787733
220,ARB,2012,7392.55638357541,29.0844280794096,56.7609778940107,0.107750842748536,3.90798411215442
221,ARB,2013,7384.79221541888,29.8423825738577,57.5747135596837,0.107259869495319,4.16615940997274
222,ARB,2014,7347.6211570264,30.550772641086,58.0278238886845,0.106219942977083,4.50346171584294
223,ARB,2015,6299.87807685552,31.3110035717644,58.351712270484,0.105734216323572,5.01268980779963
224,ARB,2016,6051.26103619544,32.0451442075354,58.5622937950483,0.105506510084662,5.28754747977112
225,ARB,2017,6105.92161804571,32.6945464038478,58.6808941601595,0.104434904810817,5.16279232756299
226,ARB,2018,6708.53121256784,33.2809532562352,58.7847025324078,0.104219166278245,4.87070558790054
227,ARB,2019,6683.67016877686,33.91319330608,58.8962879377102,0.103986063180822,4.94577726319513
228,ARB,2020,5749.75163256627,34.6339076603654,59.0899689866908,0.103734150929332,5.72107292849238
229,ARB,2021,6708.20761928893,35.162359700654,59.112484714184,0.113277332557535,5.26248759924123
230,ARB,2022,7960.81158770821,35.9795356839708,59.3339325148117,0.113040538045389,4.6691857013873
231,ARB,2023,7504.35637695627,36.8003818154477,59.569940800309,0.112000477439926,5.16576491698387
232,ARB,2024,7602.41115691284,,59.8198752449274,0.111586877998884,
233,ARB,2025,7544.41435641482,,60.0362191816888,,
234,ARE,2000,29865.5285002232,49.1914249507181,79.287092479995,0.1,2.39504457
235,ARE,2001,27745.1684523079,52.4301605181639,79.7469002624215,0.1,2.48436403
236,ARE,2002,27753.5810466782,55.7142495071811,80.2705602850306,0.1,2.71770859
237,ARE,2003,29659.5710296993,59.0320613911574,80.8489432668434,0.1,2.64634395
238,ARE,2004,33376.6880534412,62.3622500704027,81.4729199268812,0.1,2.46225643
239,ARE,2005,38719.3138285388,65.6827654181921,82.2122832763517,0.1,2.3202107
240,ARE,2006,44342.603055045,70.5308363841172,82.5588968646829,0.1,2.3254137
241,ARE,2007,45854.7352436978,79.1979019994368,82.758608500318,0.1,2.56602693
242,ARE,2008,50054.1700685968,88.7449169248099,82.9658963549658,0.1,2.92857623
243,ARE,2009,37803.0663737818,94.439003097719,83.1701992996163,0.1,4.05000162
244,ARE,2010,44795.2846234991,96.7310335116868,83.3714299144178,0.1,3.74433136
245,ARE,2011,51921.8890746408,100.035736412278,83.5695007795347,0.1,3.56666398
246,ARE,2012,53141.6251661086,104.075584342439,83.7643244751488,0.1,3.33596373
247,ARE,2013,53247.2278745159,108.322036046184,83.9558135814626,0.1,3.50222182
248,ARE,2014,52725.2307981936,113.481272880879,84.1438806787019,0.1,3.53405499
249,ARE,2015,44910.3458860776,119.75833568009,84.3284383471193,0.1,3.46609354
250,ARE,2016,42721.1136110991,125.8109687412,84.5093991669984,0.1,3.89580107
251,ARE,2017,43733.6242018215,129.867994931005,84.686675718659,0.1,4.00854969
252,ARE,2018,47135.3478795605,131.606603773585,84.8601805824625,0.1,4.09854221
253,ARE,2019,45938.6084572227,133.001760067587,85.0298263388195,0.1,4.40291262
254,ARE,2020,37991.738387966,132.371698113208,85.1955255681984,0.1,5.82477045
255,ARE,2021,44118.4936214315,134.823317375387,85.3571908511355,0.1,5.30494308
256,ARE,2022,50759.7590190204,141.861123627147,85.5147347682487,0.1,4.56536388
257,ARE,2023,49850.6945082084,147.616882568291,85.6680699002526,0.1,4.97095108
258,ARE,2024,50273.5126243239,,85.8171088279791,0.1,
259,ARE,2025,,,85.9617641324017,,
260,ARG,2000,7637.01489203628,13.5981729753827,89.1760271133454,0.3,8.22001076
261,ARG,2001,7141.47507662826,13.7482962995443,89.3682951289372,0.3,8.26966286
262,ARG,2002,2569.69963519124,13.8961113608045,89.5616701920513,0.3,7.33203077
263,ARG,2003,3320.47775133903,14.0404218234436,89.752468256564,0.3,6.92670012
264,ARG,2004,4242.02099089422,14.1835268152403,89.9397208794212,0.3,7.09477043
265,ARG,2005,5067.65342293276,14.3300077831249,90.1233737736072,0.3,7.73392439
266,ARG,2006,5869.38028970204,14.4781158991336,90.3033726521064,0.4,7.70940399
267,ARG,2007,7185.25155147027,14.6223222213696,90.4796632279031,0.4,7.86196613
268,ARG,2008,8944.1102657357,14.7711827061158,90.6521912139817,0.4,8.24087811
269,ARG,2009,8150.23527028221,14.9285563947689,90.8209023233265,0.4,9.56852913
270,ARG,2010,10260.1313108254,15.0870920710786,90.9930051940977,0.4,9.4852438
271,ARG,2011,12704.2831819684,15.2485886234831,91.1072286738406,0.4,9.51042366
272,ARG,2012,12949.717486654,15.4061004351973,91.2041217246797,0.4,9.8851881
273,ARG,2013,12963.675773326,15.5598387102668,91.3014507719473,0.4,9.92091465
274,ARG,2014,12233.1444119186,15.7212073709481,91.3975345472954,0.4,9.79773045
275,ARG,2015,13679.6264980954,15.8867142423877,91.4923019108628,0.4,10.27364159
276,ARG,2016,12699.9623137756,16.0413905118958,91.5856817228217,0.4,10.05355549
277,ARG,2017,14532.5009308511,16.1833799224611,91.6776028433824,0.4,10.26057911
278,ARG,2018,11752.7998922979,16.3171137395905,91.7679941327998,0.4,10.17289257
279,ARG,2019,9955.97478680428,16.4335255363231,91.8567844513802,0.4,10.11911297
280,ARG,2020,8535.59938004389,16.5133665121004,91.9439026594897,0.4,10.67246342
281,ARG,2021,10738.0179223384,16.5573305708721,92.0292776175651,0.4,11.00910187
282,ARG,2022,13962.1894087223,16.5922716858687,92.112838186126,0.4,10.15950489
283,ARG,2023,14261.8465667948,16.6399559321662,92.1945132257907,0.4,10.2695179
284,ARG,2024,13969.7836603737,,92.2742315972952,0.4,
285,ARG,2025,14898.0885943842,,92.3519221615173,,
286,ARM,2000,593.450581742282,113.140147523709,64.959237917436,0.1,4.19581175
287,ARM,2001,659.588988535629,112.813487881981,64.8228123790872,0.1,4.64563894
288,ARM,2002,742.651118319819,112.391991570074,64.7396211980252,0.1,7.61358786
289,ARM,2003,882.030167695474,111.784334387074,64.6663537455064,0.1,7.17936182
290,ARM,2004,1130.08791444158,111.166139796277,64.5972633621116,0.1,6.05510139
291,ARM,2005,1557.48458908655,110.516332982086,64.5334210637509,0.1,5.8618803
292,ARM,2006,2041.65267068997,109.838426413769,64.4758978663344,0.1,5.85007095
293,ARM,2007,2962.70234594569,109.146469968388,64.4257647857723,0.1,5.49814034
294,ARM,2008,3777.66859313767,108.433438707411,64.3840928379746,0.1,6.63976622
295,ARM,2009,2820.5926553347,107.692307692308,64.3519530388516,0.1,8.44377708
296,ARM,2010,3041.34450723339,106.947664207938,64.3304164043132,0.1,9.23538303
297,ARM,2011,3349.55309771906,106.354056902002,64.3207449145194,0.1,9.37588882
298,ARM,2012,3511.56399687426,106.220583069898,64.3268379506998,0.1,9.13455009
299,ARM,2013,3680.16692158886,106.146821215314,64.3584061131466,0.1,10.32345009
300,ARM,2014,3852.11800610384,105.858798735511,64.4142934233291,0.2,10.17827892
301,ARM,2015,3512.39350276709,105.535651563049,64.4929623431549,0.2,10.11762714
302,ARM,2016,3524.42476874707,105.103617843344,64.5928753345316,0.2,9.95194912
303,ARM,2017,3869.05373867752,104.650509308044,64.7124948593667,0.2,10.36270332
304,ARM,2018,4196.00562301769,104.285212504391,64.8502833795679,0.3,10.00543404
305,ARM,2019,4597.22887399548,104.056902002107,65.0047033570428,0.3,11.3798008
306,ARM,2020,4268.68093304583,105.027376627853,65.174217253699,0.3,12.24056244
307,ARM,2021,4685.17997128509,105.056940272915,65.3572875314441,0.3,12.32268524
308,ARM,2022,6571.97445545099,105.297053157777,65.5624462874485,0.3,9.96211243
309,ARM,2023,8159.08720967996,105.119108748259,65.6956882008852,0.4,9.32119179
310,ARM,2024,8556.21406956719,,65.8113671449901,0.4,
311,ARM,2025,9474.01849300368,,65.9287015589872,,
312,ASM,2000,,284.275,88.6075809307222,,
313,ASM,2001,,285.265,88.553433064242,,
314,ASM,2002,8972.69636535698,285.31,88.4330093344384,,
315,ASM,2003,9197.66196836987,284.855,88.2572251046343,,
316,ASM,2004,8958.42866697173,284.09,88.0361455323111,,
317,ASM,2005,8831.26975996609,283.085,87.7798357749499,,
318,ASM,2006,8745.16621137404,281.87,87.4983609900321,,
319,ASM,2007,9231.37240924563,280.565,87.2017863350389,,
320,ASM,2008,10030.8089130902,279.14,86.9001769674517,,
321,ASM,2009,12156.0293905777,277.64,86.6035980447517,,
322,ASM,2010,10375.1720141957,276.14,86.3190673549669,,
323,ASM,2011,10383.459331451,274.475,86.0284991724475,,
324,ASM,2012,11745.4899153958,272.445,85.7161174344451,,
325,ASM,2013,11813.5022034589,270.03,85.3846465194761,,
326,ASM,2014,12026.3344929488,267.33,85.0351448001542,,
327,ASM,2015,12727.4102651386,264.39,84.668670649093,,
328,ASM,2016,12843.3342903627,261.225,84.2862824389061,,
329,ASM,2017,11863.6839452565,257.93,83.8890385422071,,
330,ASM,2018,12552.0546868861,254.54,83.4779973316097,,
331,ASM,2019,12886.1359517218,251.045,83.0542171797274,,
332,ASM,2020,14489.2586563775,248.805,82.6240780620716,,
333,ASM,2021,15236.1604875571,246.125,82.2127091544092,,
334,ASM,2022,18017.4589383973,241.71,81.794797704649,,
335,ASM,2023,,237.605,81.3721542708222,,
336,ASM,2024,,,80.9446986961818,,
337,ASM,2025,,,80.5123508239818,,
338,ATG,2000,12027.4949768222,170.254545454545,32.2326072041227,0.5,4.3239274
339,ATG,2001,11539.1825063308,172.884090909091,31.7554348168059,0.5,4.95880318
340,ATG,2002,11658.6949915956,175.072727272727,31.2280374899146,0.6,4.79512262
341,ATG,2003,12173.2319860305,177.009090909091,30.6003743426951,0.6,5.04073191
342,ATG,2004,13037.8895772257,178.906818181818,29.905566716031,0.6,4.58488464
343,ATG,2005,14368.5708796058,180.934090909091,29.1737995723752,0.6,4.46260214
344,ATG,2006,16173.8136329968,183.190909090909,28.43525787418,0.7,4.11220551
345,ATG,2007,18204.5124043068,185.690909090909,27.7201265838981,0.7,3.92354655
346,ATG,2008,18786.6743142216,188.436363636364,27.0585906639822,0.7,3.69396091
347,ATG,2009,16472.2478528568,191.302272727273,26.4808350768849,0.7,3.69979143
348,ATG,2010,15217.3950790922,193.909090909091,26.0170447850587,0.7,4.75770044
349,ATG,2011,14911.7275084471,196.209090909091,25.694689859722,0.8,4.81000614
350,ATG,2012,15639.8078114787,198.318181818182,25.4555618588267,0.8,4.81754541
351,ATG,2013,15051.5113587425,200.145454545455,25.2475667667937,0.8,4.9103117
352,ATG,2014,15532.1062063584,201.738636363636,25.0899726107741,0.9,5.32218313
353,ATG,2015,16077.6340769406,203.202272727273,25.0,0.9,4.90963078
354,ATG,2016,16556.8551801588,204.475,24.9239807471655,0.9,4.93979549
355,ATG,2017,16965.7288273816,205.609090909091,24.8500263836871,1.0,4.66318989
356,ATG,2018,18273.4270684912,206.65,24.7781432093764,1.0,4.6865654
357,ATG,2019,18896.3721832248,207.645454545455,24.708337524045,1.0,4.27709961
358,ATG,2020,15369.6082250401,208.740909090909,24.6406156275043,1.0,5.68408012
359,ATG,2021,17348.6006987182,209.884090909091,24.574983819566,1.0,4.81315422
360,ATG,2022,20003.3909394099,211.0,24.5114484000414,1.1,4.43146801
361,ATG,2023,22012.2625947994,212.081818181818,24.4500156687422,1.1,3.91348195
362,ATG,2024,23059.8330702839,,24.3906919254799,1.1,
363,ATG,2025,24819.2454680158,,24.3334834700661,,
364,AUS,2000,21908.9968019784,2.47696679379873,85.1071608578257,0.1,7.58869076
365,AUS,2001,19733.6510102645,2.50897530687424,85.1481094164726,0.1,7.67391729
366,AUS,2002,20335.0960191023,2.53767882014501,85.2842102783464,0.1,7.87221003
367,AUS,2003,23757.5898471684,2.5670355232157,85.4097077818668,0.1,7.87659502
368,AUS,2004,30886.0500949401,2.5946294729443,85.518767609412,0.1,8.08257675
369,AUS,2005,34535.20727091,2.62640667508428,85.6190871221958,0.1,7.9648633
370,AUS,2006,36658.8243476122,2.66208895773401,85.7492544263523,0.1,7.97161102
371,AUS,2007,41128.2476618402,2.71111802454994,85.8968519574969,0.1,8.0517149
372,AUS,2008,49811.2067218988,2.76599442875181,86.0253816967666,0.1,8.24737453
373,AUS,2009,42954.8494884573,2.8235883784804,86.1278139101818,0.1,8.54273987
374,AUS,2010,52313.8939041213,2.86785858401781,86.2198600512143,0.1,8.4193306
375,AUS,2011,62799.3895017032,2.90798641031983,86.3268946146423,0.1,8.53425312
376,AUS,2012,68301.4402512587,2.95920036968095,86.4451259136625,0.1,8.67020702
377,AUS,2013,68476.6788496118,3.01057352615753,86.5740515760243,0.1,8.7465601
378,AUS,2014,62817.2061751737,3.05581479504836,86.7221289343356,0.1,9.82833862
379,AUS,2015,56970.3613028094,3.10011259648803,86.8778642539361,0.1,10.13642025
380,AUS,2016,50084.4440606385,3.14493553058884,87.0166295249235,0.1,10.08958244
381,AUS,2017,54117.547718609,3.19715601363491,87.12809266445,0.1,10.10880566
382,AUS,2018,57410.1737346009,3.24534491589985,87.2267680845925,0.1,10.08907509
383,AUS,2019,55194.7585097428,3.29365056253104,87.3019647888406,0.1,10.25421429
384,AUS,2020,51983.4523666382,3.33452695130798,87.2713470458985,0.1,10.70324135
385,AUS,2021,60758.9044397144,3.33922844714392,87.2353407632761,0.1,10.51612186
386,AUS,2022,65169.5191118657,3.38256023775289,87.3343268253813,0.1,9.89226055
387,AUS,2023,65058.3773146674,3.46591948538875,87.4866955653765,0.1,10.39852047
388,AUS,2024,64609.9865116088,,87.6021469990446,0.1,
389,AUS,2025,65129.7227990563,,87.7192672666333,,
390,AUT,2000,24487.2974685956,97.0863548230732,66.7690238969566,,9.38934517
391,AUT,2001,24430.495982841,97.4587130392632,66.8408161285718,,9.45243549
392,AUT,2002,26334.862215032,97.9393722733883,66.8887457136458,,9.59139919
393,AUT,2003,32110.1159661425,98.4176320891905,66.9263574955092,,9.69844246
394,AUT,2004,36614.2506533707,99.0301260300533,66.9558612872944,,9.81532383
395,AUT,2005,38157.37022862,99.7070891904993,66.9797950654143,,9.71779728
396,AUT,2006,40382.2078298575,100.201660203587,67.0006968062814,,9.64073944
397,AUT,2007,46622.9622913635,100.526987396995,67.0211044863084,,9.60482597
398,AUT,2008,51581.3982361071,100.842171594765,67.0435560819078,,9.83415222
399,AUT,2009,47857.4446635266,101.106677169171,67.0705895694924,,10.31152916
400,AUT,2010,46611.1393420232,101.350024236549,67.1047429254747,,10.31620026
401,AUT,2011,51116.8953522042,101.692232186137,67.1484255415056,,10.1370182
402,AUT,2012,48250.4059142637,102.156943771207,67.2085909812279,,10.30198097
403,AUT,2013,50305.3545774973,102.760821619001,67.2981308784247,,10.40574837
404,AUT,2014,51314.9722616322,103.567086766844,67.4154327591781,,10.51159096
405,AUT,2015,43915.228020857,104.734597673291,67.5576175537383,,10.51688385
406,AUT,2016,45061.4993920192,105.873339796413,67.7218061923556,,10.51713753
407,AUT,2017,47163.7425775142,106.61131846825,67.9051196052802,,10.57132816
408,AUT,2018,51194.0749841299,107.131858943286,68.1046787227623,,10.5157156
409,AUT,2019,49885.9947355204,107.609306834707,68.3176044750522,,10.62530422
410,AUT,2020,48716.4098900349,108.057004362579,68.5410177924001,,11.41292953
411,AUT,2021,53648.6437976214,108.528805138148,68.773601700253,,12.185215
412,AUT,2022,52336.7725223758,109.571631119729,68.998085127906,,11.22519779
413,AUT,2023,56579.504175468,110.661185167232,69.2265358276021,,11.15297318
414,AUT,2024,58268.8787651601,,69.4658181096788,,11.8325634
415,AUT,2025,62930.0351324599,,69.7152152366353,,
416,AZE,2000,655.097249579917,97.434779976999,51.1320838928223,0.1,2.94891715
417,AZE,2001,703.670998584686,98.1937920681807,51.1584815979004,0.1,2.774194
418,AZE,2002,763.108895463487,98.9124645960929,51.2144165039062,0.1,2.73097301
419,AZE,2003,883.692580745256,99.6237235638581,51.7257995605469,0.1,2.72699213
420,AZE,2004,1045.0136328106,100.475372556609,52.2831993103027,0.1,2.65944242
421,AZE,2005,1578.36733030667,101.522501814662,52.5028533935547,0.1,2.22960997
422,AZE,2006,2472.95725732287,102.672531674674,52.6540145874023,0.1,2.07059145
423,AZE,2007,3851.33015175141,103.853368672016,52.8281555175781,0.1,1.99422264
424,AZE,2008,5574.46810432575,106.059762547351,53.063304901123,0.1,2.04814458
425,AZE,2009,4950.39949009423,108.291290455327,53.1358125434574,0.1,2.76541352
426,AZE,2010,5843.5337683582,109.542344173442,53.2848367714869,0.1,2.64634848
427,AZE,2011,7189.81869211976,110.976336228798,53.5085461893249,0.1,2.59547186
428,AZE,2012,7495.86527658099,112.460790244138,53.8076442276208,0.1,3.15682149
429,AZE,2013,7875.34536661549,113.923480806688,54.1821087431318,0.1,3.22551084
430,AZE,2014,7890.84028062087,115.348813858679,54.6319175926151,0.1,3.58703041
431,AZE,2015,5500.50364628486,116.731076781631,55.1570486328276,0.1,4.34131384
432,AZE,2016,3880.6852276838,118.033288980283,55.7574797205266,0.1,4.42241955
433,AZE,2017,4147.1981423222,119.208741622511,56.4331887124691,0.1,4.07396507
434,AZE,2018,4739.7943123408,120.25759188908,57.1841534654123,0.1,3.83661342
435,AZE,2019,4805.75371765917,121.280071139933,58.1308191977779,0.1,4.18188763
436,AZE,2020,4229.91064904503,122.124736829369,58.2934691761937,0.1,5.84817696
437,AZE,2021,5408.04535175023,122.658802177858,58.3659969744818,0.1,4.68526697
438,AZE,2022,7770.594223351,122.707271627344,58.4382815854684,0.1,3.41549611
439,AZE,2023,7133.02838048328,122.854906231095,58.5075350483702,0.1,4.27113533
440,AZE,2024,7294.64276088105,,58.573795837717,0.1,
441,AZE,2025,7410.72281660142,,58.6371024281175,,
442,BDI,2000,134.537861752389,251.954595015576,8.04381449833197,3.4,4.22181606
443,BDI,2001,132.159554541932,258.347546728972,8.24107308668089,3.1,5.68180418
444,BDI,2002,120.952308575468,265.73722741433,8.45108277415092,2.8,5.34983587
445,BDI,2003,111.406682804391,274.266121495327,8.67614339385788,2.6,5.27245188
446,BDI,2004,125.194965184533,284.682866043614,8.9185547789176,2.4,7.09572744
447,BDI,2005,147.234619294225,295.455568535826,9.1806167624459,2.2,7.56016588
448,BDI,2006,161.892755640319,306.290771028037,9.4646291775586,2.0,8.71264839
449,BDI,2007,166.162744906755,317.829984423676,9.77289185737152,1.9,9.1855402
450,BDI,2008,189.502074570768,331.216394080997,10.1064353383035,1.8,7.74147511
451,BDI,2009,198.431524048225,348.428582554517,10.4979900434482,1.7,9.23238468
452,BDI,2010,216.727705301976,365.126323987539,10.9843097335487,1.6,11.28196716
453,BDI,2011,230.069761381132,378.425934579439,11.5616652230006,1.6,10.06996346
454,BDI,2012,231.098787811507,392.173987538941,12.2244596804615,1.5,8.63756466
455,BDI,2013,234.844770150871,406.516394080997,12.9670962745892,1.4,8.62834644
456,BDI,2014,250.544492155185,420.552375389408,13.7839781740413,1.4,7.21081543
457,BDI,2015,254.402585226788,430.201713395639,14.6695085474754,1.3,6.29044485
458,BDI,2016,232.937812100153,437.673325545171,15.6180905635494,1.2,7.06148243
459,BDI,2017,246.060725714184,448.082632398754,16.6241273909209,1.2,6.95230389
460,BDI,2018,245.661678332009,461.816433021807,17.6820221982475,1.1,7.29396152
461,BDI,2019,234.31061590725,477.232710280374,18.786178154187,1.1,9.05940628
462,BDI,2020,252.702452750006,491.317601246106,19.9309984273971,1.0,10.70776176
463,BDI,2021,264.172844085398,504.886331775701,21.1108861865354,0.9,8.94190311
464,BDI,2022,301.832255755105,518.734306853583,22.3202446002597,0.9,8.6687746
465,BDI,2023,249.795164039029,533.078271028037,23.5534768372276,0.8,9.09471226
466,BDI,2024,216.231928531758,,24.8302838651025,0.8,
467,BDI,2025,233.823013385395,,25.6870184681663,,
468,BEL,2000,23098.8865077401,337.957010516599,82.0152520403035,0.1,7.99917603
469,BEL,2001,23015.0712632462,339.121418916691,82.3356893921976,0.1,8.14988899
470,BEL,2002,25006.191397109,340.64500708799,82.6509663267055,0.1,8.3182106
471,BEL,2003,30655.2092679024,342.074077737118,82.9609538786731,0.1,9.18925285
472,BEL,2004,35429.4077933344,343.557742392774,83.2655230829461,0.1,9.35496902
473,BEL,2005,36809.7013403619,345.452708271519,83.5645449743707,0.1,9.25018311
474,BEL,2006,38705.1067959147,347.738700425279,83.8578905877926,0.1,9.1325655
475,BEL,2007,44319.165448813,350.301651666502,84.1454309580577,0.1,9.1392889
476,BEL,2008,48303.397956286,353.079912966077,84.427037120012,0.2,9.60036659
477,BEL,2009,44923.3400135081,355.932252002769,84.7025801085014,0.2,10.54393387
478,BEL,2010,44197.393671162,359.199090099891,84.9719309583717,0.2,10.41325188
479,BEL,2011,47760.8298776546,363.902812118814,85.2349607044689,0.2,10.41302204
480,BEL,2012,44874.1709182123,366.166617215574,85.4915403816388,0.2,10.5865345
481,BEL,2013,46964.5946777056,367.896581281113,85.7415410247275,0.2,10.63787556
482,BEL,2014,47995.7786961339,369.533412455082,85.9848336685807,0.2,10.62032604
483,BEL,2015,40893.804537772,371.680875614018,86.2212893480444,0.2,10.88387299
484,BEL,2016,41854.5498296444,373.567467774371,86.4507790979645,0.2,10.89833736
485,BEL,2017,44035.3239358548,375.009329772855,86.6731739531869,0.2,10.94042683
486,BEL,2018,47487.2100392561,374.74351490506,86.8883449485575,0.2,10.9937973
487,BEL,2019,46716.6227467964,376.761985964452,87.0961631189222,0.2,10.85831451
488,BEL,2020,45906.2875805246,378.38932248967,87.2964994991269,0.2,11.46253014
489,BEL,2021,51658.238294958,379.949990161999,87.4305564090635,0.2,11.28825092
490,BEL,2022,50639.0264882739,383.033055683085,87.489200269855,0.2,10.73976326
491,BEL,2023,55244.68145811,386.303731881682,87.551492636772,0.2,10.80371571
492,BEL,2024,56581.9375642531,,87.6126557010527,0.2,
493,BEL,2025,60750.2735864647,,87.6726083114649,,
494,BEN,2000,487.424141384242,64.0441557289819,38.2759517258875,1.5,2.9591713
495,BEN,2001,492.401499509072,66.0304717985101,38.6186257669218,1.4,3.30417323
496,BEN,2002,546.463829658159,68.0686945725434,39.0035069872981,1.4,3.09589195
497,BEN,2003,676.002878084282,70.1762149698475,39.4169696013044,1.4,3.11678505
498,BEN,2004,758.695803786371,72.3580525008868,39.8525699078742,1.3,3.23273873
499,BEN,2005,779.437777753268,74.7263568641362,40.3097749006517,1.3,3.22345805
500,BEN,2006,809.147072506221,77.0950869102519,40.7877794072449,1.2,3.28773856
501,BEN,2007,912.338247188342,79.4073164242639,41.2857782552618,1.2,2.93715644
502,BEN,2008,1060.60254502099,81.8416637105357,41.8029662723105,1.1,2.65178108
503,BEN,2009,1024.10277858112,84.3333008158922,42.338538285999,1.1,2.89953876
504,BEN,2010,973.244254931526,86.8879389854558,42.8916891239353,1.1,3.01848245
505,BEN,2011,1059.41358852588,89.5142160340546,43.4616136137276,1.1,2.99865556
506,BEN,2012,1071.5258366283,92.2105090457609,44.0475065829838,1.1,3.07562971
507,BEN,2013,1168.92699279226,94.9701489890032,44.6502883669319,1.1,2.86880755
508,BEN,2014,1204.39918670094,97.8184107839659,45.2880529235999,1.0,2.69111967
509,BEN,2015,1002.41886879614,100.750984391628,45.9407403257663,1.0,2.72813416
510,BEN,2016,1010.5338961993,103.741060659808,46.6094559006664,1.0,3.62042856
511,BEN,2017,1054.97408066814,106.773501241575,47.2942774880391,0.9,3.67389345
512,BEN,2018,1151.7409703472,109.820388435615,47.9952829275963,0.9,3.4364984
513,BEN,2019,1130.82135339795,112.865865555161,48.7125500590248,0.9,3.00206876
514,BEN,2020,1200.19426557789,115.911395885066,49.4461567219896,0.8,3.0512166
515,BEN,2021,1318.65158075198,118.955454061724,50.1961807561354,0.8,2.91589761
516,BEN,2022,1266.42711031904,122.024663001064,50.9627000010887,0.7,2.98184395
517,BEN,2023,1394.17784721831,125.142195814118,51.7457922964593,0.7,3.33732462
518,BEN,2024,1485.38018885134,,52.5455354818423,0.7,
519,BEN,2025,1658.27312662991,,53.3620073968188,,
520,BFA,2000,248.908526921752,43.5875219298246,18.0003503329444,1.9,4.0211668
521,BFA,2001,259.485223380436,44.9378691520468,18.8591452143893,1.8,3.95983911
522,BFA,2002,285.654087637533,46.348307748538,19.725053583448,1.6,4.17985535
523,BFA,2003,362.373899996953,47.8162719298246,20.563327262892,1.5,4.42266035
524,BFA,2004,403.81283743461,49.3440533625731,21.3392180754924,1.4,5.23083639
525,BFA,2005,441.164148016012,50.9215021929825,22.0179778440204,1.3,4.83784914
526,BFA,2006,455.513655620024,52.5354788011696,22.5528306908743,1.2,5.17043304
527,BFA,2007,514.684451177238,54.1531688596491,22.9741760828193,1.2,5.77535009
528,BFA,2008,619.437533256264,55.7678837719298,23.3633747838557,1.1,4.96721601
529,BFA,2009,601.569520671859,57.419831871345,23.7452325601116,1.1,5.19683933
530,BFA,2010,624.957252224766,59.1246271929825,24.115092498158,1.0,5.28967237
531,BFA,2011,725.024767725475,60.8987865497076,24.4682976845657,1.0,4.64868164
532,BFA,2012,731.470138867833,62.764206871345,24.8001912059054,0.9,4.60267258
533,BFA,2013,759.762065168498,64.6762024853801,25.106116148748,0.9,5.56331587
534,BFA,2014,764.861675106225,66.6281469298246,25.3814155996643,0.8,5.00027227
535,BFA,2015,630.124750752312,68.6311659356725,25.621432645225,0.8,5.13192415
536,BFA,2016,663.742364842886,70.6683333333333,25.821510372001,0.8,5.95284653
537,BFA,2017,709.091535894695,72.713475877193,25.9769918665632,0.7,6.12075186
538,BFA,2018,777.465618514048,74.7013450292398,26.0832202154822,0.7,4.94427681
539,BFA,2019,764.853077774946,76.6153216374269,26.1187254401157,0.7,5.35001135
540,BFA,2020,825.237038782475,78.5039839181287,26.3578373628627,0.6,6.89469957
541,BFA,2021,895.535288442991,80.3919700292398,26.8114307743017,0.6,7.08691931
542,BFA,2022,827.330843486661,82.2698757309942,27.2791369742712,0.6,7.41435528
543,BFA,2023,873.198061670247,84.1585380116959,27.7872478365158,0.5,7.79943228
544,BFA,2024,982.493100418428,,28.3352514896662,0.5,
545,BFA,2025,1147.57131635601,,28.9226360719085,,
546,BGD,2000,396.670730249751,1033.6045478989,23.3145114975244,0.1,1.80504513
547,BGD,2001,394.65641001891,1050.97802873166,23.6999214768623,0.1,1.77201855
548,BGD,2002,393.886422327628,1067.32471383575,24.1132383547332,0.1,1.93417108
549,BGD,2003,426.74880754362,1082.97112237843,24.5525557512625,0.1,1.96152198
550,BGD,2004,455.614016909798,1097.8171314435,25.0094809886101,0.1,1.99854314
551,BGD,2005,480.08585075452,1111.74453407083,25.4769540701509,0.1,2.05873919
552,BGD,2006,490.388026533289,1124.7289928555,25.9479149992596,0.1,2.10646582
553,BGD,2007,537.955492792911,1136.89235614965,26.415303779311,0.1,2.17268491
554,BGD,2008,613.06204104124,1148.30040715987,26.87206041368,0.1,2.11878848
555,BGD,2009,679.211477428056,1159.05134823692,27.3111249057412,0.1,2.18321705
556,BGD,2010,757.385280361508,1169.25544288238,27.7254372588696,0.1,2.28807664
557,BGD,2011,837.336944695647,1179.92683413997,28.1100162712427,0.1,2.36418128
558,BGD,2012,859.680536375497,1191.28909118845,28.4787972894576,0.1,2.3537879
559,BGD,2013,958.262989798283,1202.52086502266,28.8407036106763,0.1,2.29574466
560,BGD,2014,1094.46199702838,1213.52791733886,29.1944442321013,0.1,2.27915168
561,BGD,2015,1224.38647668165,1224.42328493508,29.5395099477892,0.1,2.27217698
562,BGD,2016,1649.28380858601,1235.3993393255,29.8753915517965,0.1,2.38938212
563,BGD,2017,1811.08221668646,1245.95641852962,30.2015798381799,0.1,2.36720181
564,BGD,2018,1965.24372731467,1256.22726434662,30.5175656009959,0.1,2.31622243
565,BGD,2019,2129.79896954606,1266.90523930245,30.8228396343012,0.1,2.12712646
566,BGD,2020,2248.85078828233,1277.54493354844,31.1168927321524,0.1,2.18254924
567,BGD,2021,2482.84917843357,1287.99918568026,31.3992156886061,0.1,2.26678729
568,BGD,2022,2716.48592780431,1300.36002610164,31.673734726234,0.1,2.21544909
569,BGD,2023,2551.01773827307,1319.17979689183,32.1578465036834,0.1,2.17014575
570,BGD,2024,2593.41611680774,,32.6783196323307,0.1,
571,BGD,2025,2597.34352335275,,33.2395847043975,,
572,BGR,2000,1621.3452487867,73.8513242339329,68.2631454467773,0.1,5.82970953
573,BGR,2001,1770.99748249575,72.3957516044473,69.196711983564,0.1,6.85958815
574,BGR,2002,2093.08967660564,72.0327297794118,69.4859161376953,0.1,7.0809865
575,BGR,2003,2719.63335037372,71.4841132665257,69.7808456420898,0.1,7.19987392
576,BGR,2004,3389.86047992391,70.953107760206,69.9193344116211,0.1,6.89090872
577,BGR,2005,3900.02501966492,70.4986377025037,70.0869598388672,0.1,6.89011478
578,BGR,2006,4523.37797301782,69.9716652858326,70.5075225830078,0.1,6.52544546
579,BGR,2007,5888.87094585161,69.4718534204953,70.6844177246094,0.1,6.15651751
580,BGR,2008,7271.67443724077,68.98592210662,70.902099609375,0.1,6.28281593
581,BGR,2009,6988.63048446496,68.5744565217391,71.3017349243164,0.1,6.59577608
582,BGR,2010,6854.2987837778,68.1245302137067,71.5149307250977,0.1,7.09477949
583,BGR,2011,7849.98219737366,67.6890935887988,72.6101653885532,0.1,7.10250568
584,BGR,2012,7432.33753378983,67.2981577008106,72.7684860229492,0.1,7.53903675
585,BGR,2013,7796.37945241455,65.9543570375829,72.9632821572019,0.1,7.14167452
586,BGR,2014,8070.01289303544,65.1581798084009,73.0844879150391,0.1,7.68306208
587,BGR,2015,7269.02586513711,64.3351602800295,73.1030578613281,0.1,7.39363575
588,BGR,2016,7822.89886431732,63.5053334561533,73.1750030517578,0.1,7.45975018
589,BGR,2017,8697.13373333715,62.6701179071481,73.3904571533203,0.1,7.49624491
590,BGR,2018,9849.88769989118,61.816488577745,73.600212097168,0.1,7.34086275
591,BGR,2019,10354.2500414088,60.9499447310243,73.7162322998047,0.1,7.11813641
592,BGR,2020,10760.7616180234,60.3417096536478,73.3239898681641,0.1,8.44060898
593,BGR,2021,12966.8085197381,59.9419767870302,73.346765618041,0.1,8.58048916
594,BGR,2022,13999.9113358453,59.5532148120855,73.4799164005224,0.1,7.63849449
595,BGR,2023,15854.0192893772,59.3827929255711,73.7322671584613,0.1,7.91853094
596,BGR,2024,17596.9167621233,,73.9499356882481,0.1,
597,BGR,2025,20328.1667065538,,74.1727501848475,,
598,BHR,2000,14214.4836839343,898.002816901408,87.8356209595597,0.1,3.20020556
599,BHR,2001,13573.2339887597,931.430985915493,87.8397146150894,0.1,3.3434751
600,BHR,2002,13501.4708801425,1000.77887323944,88.1427867595875,0.1,3.52897096
601,BHR,2003,14486.0269029822,1061.82916666667,88.8325339694118,0.1,3.72810912
602,BHR,2004,15963.9493171617,1128.41232876712,89.8569005979296,0.1,3.35499287
603,BHR,2005,17966.1657837625,1201.11081081081,91.168165501421,0.1,3.12594414
604,BHR,2006,19267.282615072,1297.87027027027,92.7186075361661,0.1,2.98138189
605,BHR,2007,20908.4042548073,1385.72666666667,94.460505558445,0.1,3.16071057
606,BHR,2008,23299.4992780392,1451.96842105263,96.3461384245376,0.1,3.07321215
607,BHR,2009,19465.3140745038,1550.54605263158,98.3277849907243,0.1,4.15054226
608,BHR,2010,21819.3291098099,1612.26115485564,100.0,0.1,3.92259479
609,BHR,2011,25032.7867743333,1558.0443285528,100.0,0.1,3.7181015
610,BHR,2012,26438.6733230428,1570.08311688312,100.0,0.1,3.95061135
611,BHR,2013,26989.7601148469,1627.52077922078,100.0,0.1,4.14491081
612,BHR,2014,26451.7965647453,1705.00907911803,100.0,0.1,4.2369051
613,BHR,2015,23734.0551143019,1761.33933161954,100.0,0.1,4.75126362
614,BHR,2016,23800.001440631,1827.63286264442,100.0,0.1,4.62360859
615,BHR,2017,24784.7693514607,1924.50769230769,100.0,0.1,4.30236721
616,BHR,2018,26324.4066549559,1931.99357326478,100.0,0.1,3.94324946
617,BHR,2019,27259.7438599327,1902.25128205128,100.0,0.1,3.78430986
618,BHR,2020,24342.8444554718,1875.41910828025,100.0,0.1,4.55685711
619,BHR,2021,27147.8083882286,1904.25949367089,100.0,0.1,4.32771444
620,BHR,2022,30470.5219276023,1929.99113924051,100.0,0.1,3.89098358
621,BHR,2023,29290.1284215098,1971.32375,100.0,0.1,3.99562383
622,BHR,2024,29717.1424605273,,100.0,0.1,
623,BHR,2025,30596.5794898885,,100.0,,
624,BHS,2000,24940.0775086078,32.3511488511488,81.0361161567684,2.1,3.80487037
625,BHS,2001,25371.9237667614,32.7508491508491,81.152720524793,2.0,3.92440891
626,BHS,2002,26781.6195938652,33.1282717282717,81.3054206830642,2.0,3.81251931
627,BHS,2003,26429.1247787663,33.5282717282717,81.4819614595541,1.9,4.01998568
628,BHS,2004,26650.2934234303,33.9442557442557,81.6708410883427,1.9,4.04628181
629,BHS,2005,28602.4181869995,34.355044955045,81.8605578035102,1.9,4.03196478
630,BHS,2006,29184.7865087908,34.8026973026973,82.0396098391364,1.9,4.30935764
631,BHS,2007,30051.8489587756,35.2981018981019,82.1964954293015,1.9,4.49598694
632,BHS,2008,29392.3824416397,35.7762237762238,82.3197128080855,1.8,4.86261654
633,BHS,2009,27512.9130950084,36.2447552447552,82.3977602095684,1.8,5.1500144
634,BHS,2010,27473.100430502,36.7110889110889,82.4198104431593,1.8,5.25594234
635,BHS,2011,27090.8376801379,37.1357642357642,82.4130347470308,1.7,5.32398558
636,BHS,2012,28552.0242683151,37.5093906093906,82.3947485339925,1.7,5.3190918
637,BHS,2013,27642.7419759179,37.8574425574426,82.3635791100868,1.6,5.68411207
638,BHS,2014,29137.2175632622,38.1916083916084,82.3180931037043,1.6,5.64133978
639,BHS,2015,30719.405417469,38.4961038961039,82.2568571432361,1.5,5.244627
640,BHS,2016,30616.5363157284,38.7667332667333,82.1784378570728,1.5,5.65515327
641,BHS,2017,31875.4881749619,39.0094905094905,82.0814018736052,1.4,6.6036396
642,BHS,2018,32642.3353203452,39.2324675324675,81.9643158212241,1.4,5.83890343
643,BHS,2019,33640.3369861278,39.4280719280719,81.8257463283204,1.3,5.70484161
644,BHS,2020,26178.7537607708,39.5467532467532,81.6642600232849,1.3,7.3983264
645,BHS,2021,30367.8605757708,39.5977022977023,81.4784235345083,1.2,6.78537178
646,BHS,2022,34957.1613279737,39.7140859140859,81.3200717047725,1.2,7.04287481
647,BHS,2023,38231.774484278,39.9040959040959,81.3213799173676,1.1,6.30260801
648,BHS,2024,39455.4466548546,,81.3249262966481,1.1,
649,BHS,2025,,,81.3309172016028,,
650,BIH,2000,1338.48059636261,81.24552734375,42.5539898606589,,7.96239424
651,BIH,2001,1387.89362942121,81.6296484375,42.8761478375679,,7.5734477
652,BIH,2002,1606.5467454132,81.7969140625,43.1975585685863,,7.39934349
653,BIH,2003,2033.94700935864,81.61177734375,43.5181993184523,,8.28056145
654,BIH,2004,2452.6860917386,80.87865234375,43.8380473519042,,9.06270218
655,BIH,2005,2739.61076866057,80.00962890625,44.1570799336802,,8.82041836
656,BIH,2006,3166.12865344833,79.36078125,44.4752743285185,,8.88362694
657,BIH,2007,3931.48948737505,78.3871875,44.7926078011574,,9.25501442
658,BIH,2008,4841.69311934649,77.10046875,45.1090576163352,,9.48630238
659,BIH,2009,4539.91863774968,75.7772265625,45.4246010387901,,9.0152092
660,BIH,2010,4506.47828548389,74.4428125,45.7392153332604,,9.01212692
661,BIH,2011,4982.69375768263,73.0819921875,46.0528777644843,,9.1712122
662,BIH,2012,4693.78899115381,71.68189453125,46.3655655972,,9.4791584
663,BIH,2013,5034.56634817068,70.52458984375,46.6954224739896,,9.43616295
664,BIH,2014,5206.06573475132,69.62556640625,47.130783484831,,9.4710331
665,BIH,2015,4662.25869219448,68.72150390625,47.5711645087011,,9.24086571
666,BIH,2016,4928.5665903114,67.83208984375,48.0248845752382,,9.13943481
667,BIH,2017,5345.01978766473,66.9664453125,48.4918401819106,,8.81797314
668,BIH,2018,6047.84707207392,66.15234375,48.971927825824,,8.76100445
669,BIH,2019,6122.37541352353,65.34244140625,49.4650440037758,,8.92544365
670,BIH,2020,6130.31187968266,64.44041015625,49.9710852122997,,9.70311832
671,BIH,2021,7295.34378682258,63.37708984375,50.4899479477034,,9.55514336
672,BIH,2022,7655.59421024383,62.5937890625,51.0215287060993,,8.71644783
673,BIH,2023,8663.02326458629,62.20845703125,51.5657239834305,,8.9216938
674,BIH,2024,9397.90942855997,,52.1224302754935,,
675,BIH,2025,10381.8460703874,,52.6915440779561,,
676,BLR,2000,1276.2880341,49.1974779144976,69.9172295434732,,5.28088045
677,BLR,2001,1244.37318523431,48.9467226045631,70.3147201538086,,5.7064805
678,BLR,2002,1479.38066337175,48.6397310049352,70.8804702758789,,5.62404203
679,BLR,2003,1819.52653114699,48.3012483606638,71.3092422485352,,5.77103186
680,BLR,2004,2378.33700470129,47.9754751867465,71.7658538818359,,5.73650646
681,BLR,2005,3126.07176665248,47.6446879945571,72.0310134887695,,6.07036304
682,BLR,2006,3848.22350300163,47.3372826558372,72.6113815307617,,5.57366323
683,BLR,2007,4735.48107556066,47.1212709646576,73.0913467407227,,5.6917243
684,BLR,2008,6376.17569162063,46.9585563473992,73.5531692504883,,5.29448891
685,BLR,2009,5352.48809190697,46.8441433626748,74.1909646620571,,5.3906498
686,BLR,2010,6034.67885177216,46.7409685463919,74.5501403808594,,5.65694332
687,BLR,2011,6527.6593428786,46.6297521068454,75.0597534179688,,4.87452745
688,BLR,2012,6953.21591683101,46.5593029044007,75.5281066894531,,5.24538946
689,BLR,2013,7998.0802045456,46.5393725235082,75.94970703125,,5.69563103
690,BLR,2014,8341.31809294883,46.5506003261518,76.3405227661133,,5.38792181
691,BLR,2015,5967.05595058777,46.611337189252,76.6263885498047,,6.06528044
692,BLR,2016,5039.77560949445,46.6499448243246,76.8458709716797,,5.91054153
693,BLR,2017,5785.54491935194,46.5987595325832,77.0208206176758,,5.75974846
694,BLR,2018,6360.037502312,46.5010592176569,77.2132720947266,,5.52699471
695,BLR,2019,6837.77339645635,46.4107506220284,77.4550771852757,,5.86133814
696,BLR,2020,6542.85579976768,46.211212927382,77.7890385790408,,6.40607214
697,BLR,2021,7489.71894713888,45.8368317319537,78.131086803694,,6.56549978
698,BLR,2022,7994.64806074889,45.4607172767131,78.4732787892908,,6.57784128
699,BLR,2023,7896.75388295584,45.217077292187,78.8146420666327,,7.08167362
700,BLR,2024,8605.60954569694,,79.1551015210848,,
701,BLR,2025,10279.2547190723,,79.4945820380127,,
702,BLZ,2000,4726.50675459616,10.5567295046032,47.6836847507377,1.1,2.93866777
703,BLZ,2001,4718.77715104739,10.889039894783,47.6257993221451,1.1,3.45384741
704,BLZ,2002,4858.86062599362,11.2235423060061,47.4865009861554,1.2,3.55506229
705,BLZ,2003,4959.74012434605,11.5642262165717,47.2806245981404,1.3,3.5292151
706,BLZ,2004,5153.71308265363,11.9109162647961,47.0226655922949,1.3,3.41825557
707,BLZ,2005,5270.41479135312,12.2635247698378,46.7271194028137,1.4,3.43729496
708,BLZ,2006,5524.78167834986,12.6206926786497,46.4084814638913,1.4,3.54883528
709,BLZ,2007,5762.21023302938,12.9811486190267,46.0812472097226,1.4,4.05345058
710,BLZ,2008,5711.81458859709,13.3433143358176,45.7599120745023,1.5,4.51286459
711,BLZ,2009,5399.67100001919,13.7051293292416,45.4589714924251,1.5,4.50473404
712,BLZ,2010,5461.40735999001,14.0396755808856,45.1914838193558,1.5,4.47716761
713,BLZ,2011,5596.05222152289,14.3488820692679,44.9417819131729,1.4,4.52904415
714,BLZ,2012,5732.66519942347,14.6608505041648,44.6903068035216,1.4,4.34283972
715,BLZ,2013,5957.34953619006,14.977071459886,44.4380542363795,1.4,4.42128754
716,BLZ,2014,6128.12053089077,15.2969311705392,44.1850161758379,1.4,4.87071466
717,BLZ,2015,6154.62264230369,15.6217886891714,43.931184585988,1.4,4.65988731
718,BLZ,2016,6140.86713919469,15.9888206926786,43.6765514309211,1.3,4.77207184
719,BLZ,2017,6071.85451846453,16.3613327487944,43.4211086747287,1.3,4.62228823
720,BLZ,2018,6011.99036888587,16.6692678649715,43.164848281502,1.3,4.75529861
721,BLZ,2019,6171.61449761423,16.9149057430951,42.9077622153323,1.3,4.81608105
722,BLZ,2020,5238.54078175696,17.1333625602806,42.649842440311,1.2,5.33901167
723,BLZ,2021,6142.98930557031,17.3321350284963,42.3910809205294,1.2,5.04598379
724,BLZ,2022,7068.21728043145,17.6559842174485,42.1373251262137,1.2,4.21643019
725,BLZ,2023,7424.75821321022,18.0230600613766,41.9459437504976,1.2,4.14735794
726,BLZ,2024,7681.24400583113,,41.7532107338224,1.2,
727,BLZ,2025,7865.47937690933,,41.5621435428272,,
728,BMU,2000,56542.9569455727,1139.81481481481,100.0,,
729,BMU,2001,59490.2452034202,1145.68518518519,100.0,,
730,BMU,2002,63358.5658652763,1150.77777777778,100.0,,
731,BMU,2003,67106.8028083224,1155.2962962963,100.0,,
732,BMU,2004,71692.1589001679,1158.42592592593,100.0,,
733,BMU,2005,77628.103522508,1161.31481481481,100.0,,
734,BMU,2006,97781.4558996721,1163.59259259259,100.0,,
735,BMU,2007,107395.651483891,1166.85185185185,100.0,,
736,BMU,2008,110268.562401264,1172.22222222222,100.0,,
737,BMU,2009,104711.712420357,1177.12962962963,100.0,,
738,BMU,2010,104111.824244802,1180.09259259259,100.0,,
739,BMU,2011,99049.0169927667,1180.24074074074,100.0,,
740,BMU,2012,100213.493385287,1178.62962962963,100.0,,
741,BMU,2013,101704.40746217,1177.2962962963,100.0,,
742,BMU,2014,100961.576602811,1176.46296296296,100.0,,
743,BMU,2015,104855.366822135,1175.25925925926,100.0,,
744,BMU,2016,108747.356144305,1174.98148148148,100.0,,
745,BMU,2017,112339.425587467,1177.37037037037,100.0,,
746,BMU,2018,113204.82210838,1182.05555555556,100.0,,
747,BMU,2019,115798.040775578,1187.16666666667,100.0,,
748,BMU,2020,106976.546239632,1192.25925925926,100.0,,
749,BMU,2021,112765.08167306,1197.18518518519,100.0,,
750,BMU,2022,119969.173269085,1199.05555555556,100.0,,
751,BMU,2023,132961.760796315,1198.11111111111,100.0,,
752,BMU,2024,142250.433195123,,100.0,,
753,BMU,2025,,,100.0,,
754,BOL,2000,975.777060358751,7.94454537062679,61.8587201575591,0.3,4.39554119
755,BOL,2001,930.168227214313,8.07969722145297,62.3374810379005,0.3,4.82522202
756,BOL,2002,888.221328974352,8.21596510661866,62.8187632085055,0.3,4.89645052
757,BOL,2003,893.013760211149,8.35474937690391,63.2918711090474,0.3,5.19709635
758,BOL,2004,953.191893246277,8.49652635465707,63.7564671612252,0.3,4.86315727
759,BOL,2005,1020.12326200737,8.64096187575002,64.2133062205259,0.3,5.07408142
760,BOL,2006,1202.71150446327,8.78952183144097,64.6631431424362,0.3,4.66087532
761,BOL,2007,1354.54905949929,8.94116126650051,65.1067327824433,0.3,4.6968894
762,BOL,2008,1692.67248455876,9.09337948859965,65.5448299960338,0.3,4.60677242
763,BOL,2009,1731.18172112209,9.24607680236315,65.9781896386949,0.3,5.17444515
764,BOL,2010,1929.78373077158,9.39937690390474,66.4075665659133,0.3,5.20230532
765,BOL,2011,2315.52121930607,9.55315148158405,66.833715633176,0.3,5.17306805
766,BOL,2012,2575.59857098084,9.7071974522293,67.2581444827699,0.3,5.2539444
767,BOL,2013,2870.02377000756,9.86117234376442,67.6697055519889,0.3,5.57465124
768,BOL,2014,3041.43503162408,10.0146662974245,68.037425413,0.3,5.89613628
769,BOL,2015,2996.01289811344,10.1677328533186,68.3958051297665,0.3,6.55064964
770,BOL,2016,3035.87347732132,10.3203360103388,68.7446327876947,0.3,6.83333063
771,BOL,2017,4048.40119739839,10.4722486845749,69.0838016274736,0.3,6.4901948
772,BOL,2018,4206.8552936661,10.6234357980246,69.4133879813999,0.3,6.60399437
773,BOL,2019,4203.15492855788,10.7739185821102,69.7334986708387,0.3,6.88792992
774,BOL,2020,3580.96761778303,10.9076885442629,70.0442635528254,0.4,8.0225811
775,BOL,2021,4010.76053686204,11.0194405981723,70.3450412826165,0.4,8.16016769
776,BOL,2022,4219.46113742445,11.1484851841595,70.6352598708131,0.4,7.15933084
777,BOL,2023,4274.70820547613,11.3026483891812,70.9151414044538,0.4,6.91864729
778,BOL,2024,4421.16609889999,,71.2361453773988,0.4,
779,BOL,2025,5147.81081955367,,71.5631037265869,,
780,BRA,2000,3766.54811466032,20.8202162203552,81.1484365423806,0.3,8.33457184
781,BRA,2001,3176.28935747524,21.0933536648106,81.5960450621957,0.3,8.54963303
782,BRA,2002,2855.94018885769,21.3568430296693,81.9943491502673,0.3,8.69686985
783,BRA,2003,3090.6070097455,21.610392742883,82.3540335841671,0.3,8.18899441
784,BRA,2004,3663.823188064,21.8559563491399,82.6816824814559,0.3,8.12491989
785,BRA,2005,4827.78173074714,22.0967943824822,82.9838799596945,0.3,8.03539562
786,BRA,2006,5934.14470924968,22.3318951345634,83.2672101364439,0.3,8.24952507
787,BRA,2007,7409.69130673473,22.5591243984906,83.5382571292649,0.3,8.20182991
788,BRA,2008,8908.33176538648,22.7762758221327,83.8036050557184,0.3,8.01128483
789,BRA,2009,8678.6592244676,22.9811837322658,84.0698380333651,0.4,8.39480495
790,BRA,2010,11403.2821278747,23.175243415401,84.343846036308,0.4,7.94516611
791,BRA,2011,13396.6243562986,23.3646162902273,84.6225758599683,0.4,7.78819132
792,BRA,2012,12521.7213519966,23.555014752086,84.8973874181312,0.4,7.73637724
793,BRA,2013,12458.8912138813,23.7467066835444,85.1676585442726,0.5,7.9766016
794,BRA,2014,12274.9939689363,23.93895376244,85.4331367898168,0.5,8.39644146
795,BRA,2015,8936.19661712113,24.1292359304821,85.6935697061881,0.5,8.90929985
796,BRA,2016,8836.28652735657,24.3137963709629,85.9487048448108,0.6,9.16901684
797,BRA,2017,10080.5092819305,24.4915070817191,86.1982897571091,0.6,9.47125053
798,BRA,2018,9300.66164923219,24.659465024515,86.4420719945072,0.6,9.46475029
799,BRA,2019,9029.83326681073,24.8207686159839,86.6797991084296,0.6,9.61449146
800,BRA,2020,7074.19378337644,24.9649852718428,86.9112186503004,0.7,9.62326527
801,BRA,2021,7972.5366498646,25.0714027283582,87.1360781715439,0.7,9.63646507
802,BRA,2022,9281.33334441234,25.161867951482,87.349556243881,0.7,9.38739491
803,BRA,2023,10377.5892792557,25.2616884857157,87.6159710235763,0.7,9.73092747
804,BRA,2024,10310.5486973693,,87.8958549533146,0.7,
805,BRA,2025,10713.2856869511,,88.1772996487898,,
806,BRB,2000,11674.6736471764,609.448837209302,62.5379397803044,1.0,4.92612553
807,BRB,2001,11639.5160522054,610.290697674419,62.3048911059175,1.0,5.10418987
808,BRB,2002,11760.4524736133,614.297674418605,61.965577912278,1.0,5.41338634
809,BRB,2003,12075.9587020649,618.083720930233,61.5543861265895,1.1,6.17312717
810,BRB,2004,12886.3665272467,621.623255813954,61.101971231796,1.1,6.7109499
811,BRB,2005,14214.4202213572,624.897674418605,60.6389887108416,1.1,6.14326382
812,BRB,2006,15619.6005955511,627.911627906977,60.1960940466703,1.2,5.90468073
813,BRB,2007,17235.4396434785,630.902325581395,59.803942722226,1.2,5.36863089
814,BRB,2008,17565.6929970592,634.218604651163,59.4931902204528,1.2,5.73821974
815,BRB,2009,16294.9099491834,637.495348837209,59.2944920242948,1.2,6.30137348
816,BRB,2010,19723.2381931602,640.1,59.2366008990356,1.2,5.97029495
817,BRB,2011,20146.2381264508,642.183720930233,59.236693205614,1.2,6.05910301
818,BRB,2012,19811.2953079751,644.041860465116,59.2372151062924,1.2,6.85218811
819,BRB,2013,20384.4910233555,645.732558139535,59.2385370835674,1.2,6.48274279
820,BRB,2014,20423.7177921163,647.320930232558,59.2410313429534,1.2,6.09732294
821,BRB,2015,20429.4747123553,648.813953488372,59.2450700899645,1.2,6.09170628
822,BRB,2016,20311.4094163764,650.227906976744,59.2510255301153,1.2,6.19479513
823,BRB,2017,20870.7596432179,651.560465116279,59.25926986892,1.2,6.0020504
824,BRB,2018,21378.2201267496,652.816279069767,59.270175311893,1.2,5.83037996
825,BRB,2019,21929.435611489,653.96976744186,59.2841140645486,1.1,5.67476797
826,BRB,2020,19180.9915228365,655.111627906977,59.3014583324011,1.1,6.7272892
827,BRB,2021,21084.4013935998,656.155813953488,59.3220365433819,1.1,7.4427762
828,BRB,2022,24393.2193483944,656.553488372093,59.3538514107686,1.1,5.8744669
829,BRB,2023,25583.8722302505,656.595348837209,59.4235740235775,1.1,5.40463829
830,BRB,2024,26897.2002039176,,59.5397032429174,1.0,
831,BRB,2025,28364.8181499736,,59.6996239887007,,
832,BRN,2000,20130.2572346624,61.9400379506641,71.2246805488418,,2.5479064
833,BRN,2001,18287.8272281914,63.253320683112,71.657883335906,,2.5465107
834,BRN,2002,18621.2922577525,64.5349146110057,72.1021556496525,,2.53447938
835,BRN,2003,20677.9001143188,65.7755218216319,72.577635652792,,2.60260582
836,BRN,2004,24423.0946995548,66.9660341555977,73.0675067339261,,2.55193377
837,BRN,2005,29386.2703822862,68.1055028462998,73.552870858133,,2.23386168
838,BRN,2006,34674.7995236452,69.1960151802657,74.0148299904911,,1.9072516
839,BRN,2007,36217.3290706015,70.3743833017078,74.4344860960786,,1.94145441
840,BRN,2008,42156.5685838672,71.6874762808349,74.7929411399737,,1.87612021
841,BRN,2009,30946.4673773828,73.0459203036053,75.0712970872547,,2.39306617
842,BRN,2010,34937.5555357155,74.4462998102467,75.2506559029998,,2.27826095
843,BRN,2011,46382.8274255349,75.7853889943074,75.312125504778,,1.86409724
844,BRN,2012,46968.5971164922,76.9557874762808,75.2714233503027,,1.85097206
845,BRN,2013,44003.0644273461,78.026944971537,75.1756915148608,,1.898314
846,BRN,2014,41026.5084247957,79.0796963946869,75.0572639801502,,1.91436803
847,BRN,2015,30625.1287744656,80.1161290322581,74.9484620568562,,2.38708901
848,BRN,2016,26663.2972950602,81.1316888045541,74.8816070556641,,2.54828691
849,BRN,2017,28024.3824580252,82.1199240986717,74.8476440654983,,2.27022862
850,BRN,2018,30988.1190267227,83.0759013282732,74.8172471714305,,2.41600895
851,BRN,2019,30426.5730656528,84.0,74.7923311783673,,2.23100758
852,BRN,2020,26834.3592233943,84.896394686907,74.7748108912151,,2.45359564
853,BRN,2021,31006.9636289785,85.715559772296,74.7667316936175,,2.14748693
854,BRN,2022,36632.9280952155,86.4079696394687,74.7772642014221,,1.77042186
855,BRN,2023,32890.5491812019,87.0870967741936,74.8199193881365,,2.2286067
856,BRN,2024,33153.4738913513,,74.8983133873697,,
857,BRN,2025,32234.6428368582,,75.0109886586819,,
858,BTN,2000,771.924911410619,14.9965577889447,27.5915239884015,0.1,4.13867903
859,BTN,2001,812.238210772056,15.3465829145729,28.282501830034,0.1,4.60037947
860,BTN,2002,895.799489930972,15.6886683417085,28.9630875013322,0.1,3.95161104
861,BTN,2003,1022.38240311018,16.0216834170854,29.6328608739429,0.1,3.83481455
862,BTN,2004,1130.35934606796,17.0670304588504,30.2914018195132,0.1,4.26397753
863,BTN,2005,1299.94938578359,17.3640370438387,30.9379917831613,0.1,3.83308983
864,BTN,2006,1405.6071618158,17.5984206522024,31.5664945864425,0.1,4.08523893
865,BTN,2007,1850.41570433398,17.8041556260986,32.1738216649326,0.1,3.83774948
866,BTN,2008,1919.59774896395,18.0064275782459,32.76371954591,0.1,3.14842224
867,BTN,2009,1918.39599211093,18.2067843744261,33.3396804958817,0.1,3.29665017
868,BTN,2010,2435.5798056672,18.407324815699,33.9051967813552,0.1,3.25758624
869,BTN,2011,2787.97967608562,18.6105149933101,34.4637606688377,0.1,3.02062726
870,BTN,2012,2751.2128864294,18.8178240680012,35.0188644248365,0.1,3.25988412
871,BTN,2013,2679.95217201538,19.0275467639111,35.5740003158589,0.1,3.34862685
872,BTN,2014,2849.49998647303,19.2339113781252,36.1326606084122,0.1,3.23226452
873,BTN,2015,2954.04081911097,19.4301230422121,36.6983375690037,0.1,3.43653083
874,BTN,2016,3152.30905106786,19.6063863255034,37.2745234641407,0.1,3.27756715
875,BTN,2017,3435.28804735662,19.7759804949664,37.8645544995016,0.1,3.11215067
876,BTN,2018,3400.20417245342,19.920267435763,38.4661892776975,0.1,3.06896734
877,BTN,2019,3576.87987100503,20.0530676455165,39.0746823405146,0.1,3.37511158
878,BTN,2020,3191.66906999331,20.1889355007866,39.6888839873439,0.1,4.08451509
879,BTN,2021,3570.61257980872,20.3314630309386,40.3075199874379,0.2,4.78581429
880,BTN,2022,3711.32767981591,20.4749344520189,40.9365143617581,0.2,3.91757464
881,BTN,2023,3831.32535564326,20.6183796539067,41.7352457989939,0.2,4.41551638
882,BTN,2024,4228.05102403654,,42.5645249803412,0.2,
883,BTN,2025,4492.78400306618,,43.4301832473753,,
884,BWA,2000,3450.81180622992,2.95975508619625,53.2047727398794,25.9,6.10838556
885,BWA,2001,3206.07123689853,3.02128703262577,54.0489894446035,25.7,6.3660779
886,BWA,2002,3117.25087183011,3.07864944506202,55.0142988603802,25.3,6.66529799
887,BWA,2003,4230.12326909926,3.13330157217723,56.0979233496432,24.9,6.40933847
888,BWA,2004,4956.69287735214,3.18872478958234,57.2582489329358,24.5,6.09125996
889,BWA,2005,5391.07076619634,3.24647892294391,58.4535554684584,24.2,5.26532936
890,BWA,2006,5291.58379144849,3.30759973885272,59.6421228144112,23.9,4.87599421
891,BWA,2007,5529.12574632532,3.37233073950558,60.7822308289942,23.6,5.52080727
892,BWA,2008,5503.07395314313,3.44073897623207,61.8321593704079,23.4,5.89747286
893,BWA,2009,5082.93388332404,3.51255977273128,62.7501882968523,23.2,6.62081194
894,BWA,2010,6215.73216077919,3.58744199177739,63.4945974665277,23.0,6.26718187
895,BWA,2011,7287.38295334919,3.65877049035696,64.0187810722889,22.8,5.86915016
896,BWA,2012,6595.53845015424,3.72067298360771,64.3993247826904,22.7,6.35010576
897,BWA,2013,6666.91219583487,3.77725195419335,64.7579735458393,22.4,6.49913645
898,BWA,2014,7122.36423421503,3.83259047518219,65.0965122400825,22.1,5.8804059
899,BWA,2015,6141.20394726616,3.88769431651757,65.4103584313295,21.8,6.10287762
900,BWA,2016,6749.05994339013,3.94328163322923,65.6949296854899,21.4,5.76837635
901,BWA,2017,7104.96401088027,3.99969473999965,65.9456435684731,20.9,6.62986994
902,BWA,2018,7407.95940141786,4.05685423393856,66.1579176461888,20.3,6.04010344
903,BWA,2019,7172.08956480028,4.11498067863004,66.3271694845464,19.7,6.12193203
904,BWA,2020,6323.2974967659,4.17464048135797,66.4488166494554,19.0,6.1213398
905,BWA,2021,7807.88794570471,4.23736347114146,66.5182767068255,18.2,6.30315065
906,BWA,2022,8328.7090572666,4.30521059411007,66.5889787170477,17.4,5.73650789
907,BWA,2023,7827.30027960734,4.37641204806522,67.0212655349864,16.6,6.25574684
908,BWA,2024,7649.81663744354,,67.4623537838418,15.7,
909,BWA,2025,7778.1151090571,,67.9559561532102,,
910,CAF,2000,239.154133726071,6.15335323766413,37.7014879765364,7.5,4.3808217
911,CAF,2001,237.951702544735,6.29151337121577,37.7560236207831,7.3,4.01043987
912,CAF,2002,248.639290978403,6.43050659732255,37.8169752995511,7.0,4.23633623
913,CAF,2003,278.403992150941,6.58622427686282,37.8863171931924,6.7,4.18572474
914,CAF,2004,303.461321152782,6.73027384506726,37.9626889392062,6.4,4.14367914
915,CAF,2005,311.950023138687,6.88434620694083,38.0448510426866,6.0,4.22857571
916,CAF,2006,333.942519903031,7.02683713762882,38.134433681123,5.7,4.31108665
917,CAF,2007,380.887048839475,7.16358470576905,38.2343339436079,5.5,4.6338892
918,CAF,2008,437.24827472489,7.31802626087515,38.3474489192338,5.2,4.02635765
919,CAF,2009,456.471673898404,7.26997174869177,38.476675697093,5.1,4.68325615
920,CAF,2010,476.873786950728,7.21210151208707,38.6244963104203,4.9,3.56699872
921,CAF,2011,534.057281471636,7.32771678063501,38.8030669465007,4.6,3.67561865
922,CAF,2012,544.395849142785,7.40127772962214,39.0301696038517,4.4,3.91814446
923,CAF,2013,364.36696260838,7.45195511894443,39.3042963482777,4.2,4.76660204
924,CAF,2014,409.8504859647,7.42107611801342,39.6226521868738,4.0,4.56557369
925,CAF,2015,366.322853938121,7.430928761758,39.9824421267351,3.8,5.03434181
926,CAF,2016,387.176203444318,7.56631513050178,40.3808711749566,3.6,5.44402313
927,CAF,2017,432.324025684263,7.6944861793316,40.8151443386334,3.4,6.66541576
928,CAF,2018,455.243962859534,7.83116151401329,41.2824666248606,3.3,10.99484062
929,CAF,2019,449.228467602439,7.93717775851552,41.7800430407332,3.1,7.76081514
930,CAF,2020,462.879071294011,8.06868278275386,42.3050785933463,3.0,8.98488045
931,CAF,2021,492.263142830507,8.20588140871296,42.8547782897949,2.8,9.15097523
932,CAF,2022,467.359825026238,8.18331086070179,43.2751967457285,2.7,9.94993496
933,CAF,2023,495.978897288721,8.27060419275097,43.6983692134165,2.5,10.65553188
934,CAF,2024,516.160999996036,,44.1243555638904,2.4,
935,CAF,2025,556.131398031455,,44.5532156681816,,
936,CAN,2000,24271.0020563821,3.42261133957721,78.6292995508947,0.2,8.24808502
937,CAN,2001,23822.096210932,3.45999036315513,78.8414764949736,0.2,8.62476349
938,CAN,2002,24256.0598742201,3.497728426127,79.0990234802234,0.2,8.85665226
939,CAN,2003,28301.9097055898,3.529322777419,79.391380674239,0.2,9.01086521
940,CAN,2004,32145.5653280273,3.56237648609852,79.6923063348315,0.2,9.06623363
941,CAN,2005,36383.9671341396,3.59627553791775,79.9760615882965,0.2,9.03529835
942,CAN,2006,40504.8490329826,3.63291127522004,80.219066099279,0.2,9.33188725
943,CAN,2007,44660.0838892281,3.66834597611535,80.4425615136782,0.2,9.4346962
944,CAN,2008,46710.3654423328,3.70832237476842,80.6628944916604,0.2,9.59427929
945,CAN,2009,40874.9612318547,3.75101571675707,80.8591838893921,0.2,10.70402527
946,CAN,2010,47560.8378831258,3.79293521117963,81.0120892252937,0.2,10.70066547
947,CAN,2011,52224.1237767406,3.83011279793076,81.1031425434213,0.2,10.40518665
948,CAN,2012,52670.1429540952,3.8718472515473,81.1513483248791,0.2,10.5407114
949,CAN,2013,52637.7313222622,3.91284812265562,81.183439957458,0.2,10.43559265
950,CAN,2014,50960.8942086685,3.9522291338328,81.211183161556,0.2,10.28115654
951,CAN,2015,43594.2379080706,3.98239245827659,81.2465670276699,0.2,10.76397896
952,CAN,2016,42314.1033623905,4.02771072511681,81.3023011093703,0.2,11.05626965
953,CAN,2017,45129.7335281051,4.07614836279598,81.4018945832226,0.2,10.9242115
954,CAN,2018,46539.2177903178,4.13498944297029,81.5500341646653,0.2,10.92262077
955,CAN,2019,46352.9695208927,4.19587500655283,81.7363672047941,0.2,11.04823494
956,CAN,2020,43537.8981198851,4.24162135453439,81.9509888710566,0.2,13.01732922
957,CAN,2021,52886.6407813788,4.351026204103,82.1779279079275,0.1,12.38106632
958,CAN,2022,56496.9275340663,4.43184225198266,82.3500897353968,0.1,11.08119678
959,CAN,2023,54847.5370112652,4.5568841808231,82.5250564408346,,11.18692875
960,CAN,2024,55015.7066917734,,82.7002565766633,,11.3095665
961,CAN,2025,55697.6639660837,,82.8757020253886,,
962,CEB,2000,3880.42695915578,98.1455805547486,61.4406529042584,,5.6994993072007
963,CEB,2001,4274.13236367221,97.4326347616992,61.5302776725809,,5.90270724249747
964,CEB,2002,4843.41064833504,96.9453892371877,61.5839935887768,,6.15926924573335
965,CEB,2003,5828.29660100317,96.6357946311316,61.5712683744702,,6.4105939783465
966,CEB,2004,7046.22188812688,96.3611331879134,61.5745184206623,,6.34781612013832
967,CEB,2005,8223.09810996167,96.1115677123883,61.6684376748335,,6.35678008425488
968,CEB,2006,9337.74049720614,95.8699753736775,61.7598296238782,,6.20932865476577
969,CEB,2007,11906.4959653819,95.5226277464895,61.7629328161568,,6.12640135042859
970,CEB,2008,14534.2467521669,95.1826331612885,61.8748408884735,,6.37063992787813
971,CEB,2009,12302.0593290327,94.9140560740283,61.9070756085004,,6.8434904965421
972,CEB,2010,12635.7782121319,94.5723770250091,61.9831332825539,,6.87224735106938
973,CEB,2011,13997.3297794653,94.3426815032299,62.0062995511589,,6.57652635585737
974,CEB,2012,13104.0873095326,94.1348819123649,61.9739324654094,,6.59441920927471
975,CEB,2013,13712.7077940364,93.7188941593356,61.9617031095155,,6.65590021040537
976,CEB,2014,14208.4390487349,93.3954139880869,61.9632949711014,,6.5742930306582
977,CEB,2015,12596.9151136003,93.1179707001656,61.9708877552038,,6.49835896394208
978,CEB,2016,12874.7280619541,92.8247588904212,61.9025261003991,,6.64433101291191
979,CEB,2017,14339.8488594791,92.6047341774741,61.871575661727,,6.56979982342561
980,CEB,2018,16227.2845341706,92.3692084301826,61.8111043373164,,6.5133634765495
981,CEB,2019,16534.9661895205,92.1854556712536,61.7449526458334,,6.61921860012405
982,CEB,2020,16581.3833261524,91.5975668995431,61.6318247679717,,7.19217806354904
983,CEB,2021,19224.3287744219,90.6877587931935,61.5491099540844,,7.35978123666996
984,CEB,2022,19526.2463443821,90.5708010536644,61.5935240282645,,7.01513927497412
985,CEB,2023,22693.9504470566,90.6580966896622,61.69707902806,,7.17207508856139
986,CEB,2024,24616.0957872816,,61.7976712496974,,
987,CEB,2025,27676.9389653713,,61.9065627516826,,
988,CHE,2000,39298.0968042444,181.771231711013,73.302430524727,0.2,9.13442421
989,CHE,2001,40133.6101965261,182.930725796739,73.3762992611964,0.2,9.46040058
990,CHE,2002,43094.2492848494,184.325482117304,73.4195324136588,0.3,9.88000107
991,CHE,2003,49947.3910175152,185.703856614881,73.4518762174754,0.3,10.13696766
992,CHE,2004,55349.6164595028,186.990617655533,73.4761317507392,0.3,10.22576523
993,CHE,2005,57080.0704338193,188.198156410317,73.4951000915434,0.3,10.05823421
994,CHE,2006,59910.293405504,189.388794405946,73.5115823179813,0.3,9.5802002
995,CHE,2007,66082.1233977532,191.094854564163,73.5283795081459,0.2,9.41693783
996,CHE,2008,75147.5376709155,193.541360670795,73.5482927401305,0.2,9.53167725
997,CHE,2009,72788.2049524379,195.977767173332,73.5741230920283,0.2,10.1415062
998,CHE,2010,77956.1262043942,198.032658685794,73.6086716419323,0.2,9.9907856
999,CHE,2011,91910.3964565203,200.249864435738,73.65058748615,0.2,10.10393143
1000,CHE,2012,87269.5594780124,202.390548012367,73.7522629583622,0.2,10.33511066
1001,CHE,2013,88851.2374497983,204.734336607627,74.1121384785551,0.2,10.59444523
1002,CHE,2014,90511.6484558843,207.250751433234,74.7402679059582,0.2,10.6751194
1003,CHE,2015,85265.06205193,209.626620751132,75.6044960143169,0.2,10.97983074
1004,CHE,2016,83432.4111596314,211.931572125581,76.6726675773771,0.2,11.20248795
1005,CHE,2017,83610.248611484,213.918480127503,77.9126273688843,0.2,11.37471581
1006,CHE,2018,87002.3382293532,215.500094533915,79.2922201625844,0.2,11.19891071
1007,CHE,2019,85872.9702303454,217.042781721823,80.7792907322229,0.2,11.42588997
1008,CHE,2020,87529.7016394892,218.63446962171,82.3416838515457,0.2,11.98960876
1009,CHE,2021,96582.8687080693,220.31454103721,84.2006477608879,0.2,11.95855618
1010,CHE,2022,97809.095567203,222.150599739861,84.9206266284521,0.2,11.59911823
1011,CHE,2023,104449.75451772,224.978619136651,85.1854212679815,0.2,11.69096088
1012,CHE,2024,107702.065940312,,85.4615370020764,0.2,
1013,CHE,2025,114769.012314293,,85.7272157802756,,
1014,CHI,2000,43479.1940767689,748.030303030303,30.4565425668312,,
1015,CHI,2001,41873.7406146127,751.767676767677,30.4917013606365,,
1016,CHI,2002,44459.7318188977,756.974747474747,30.5750453017198,,
1017,CHI,2003,48570.7796632166,762.424242424242,30.7147995585339,,
1018,CHI,2004,56259.5344226334,767.873737373737,30.8959988423466,,
1019,CHI,2005,57647.1188908006,773.363636363636,31.106756489445,,
1020,CHI,2006,62745.1006593557,778.858585858586,31.3350770753618,,
1021,CHI,2007,74139.97799443,784.388888888889,31.5692415250024,,
1022,CHI,2008,,789.939393939394,31.79721921014,,
1023,CHI,2009,57778.5407063052,795.510101010101,32.0070188116634,,
1024,CHI,2010,56123.4597963451,801.116161616162,32.1868229080383,,
1025,CHI,2011,60415.2632075658,806.59595959596,32.326335016388,,
1026,CHI,2012,58809.5698945413,811.954545454545,32.4414334604748,,
1027,CHI,2013,59308.4666588674,817.055555555556,32.5432251775809,,
1028,CHI,2014,64697.5485024325,821.848484848485,32.6275595274837,,
1029,CHI,2015,61847.8212238857,825.525252525253,32.6907784276403,,
1030,CHI,2016,55947.579811974,827.691919191919,32.7426259745361,,
1031,CHI,2017,55806.3554257428,829.893939393939,32.7853219355631,,
1032,CHI,2018,60784.8125397162,833.075757575758,32.8125991997971,,
1033,CHI,2019,60564.6293993681,836.560606060606,32.8235411026876,,
1034,CHI,2020,56785.9402005039,839.570707070707,32.8247184979451,,
1035,CHI,2021,66915.3963925722,842.126262626263,32.8148141071941,,
1036,CHI,2022,67627.1417347907,,32.7920439098264,,
1037,CHI,2023,74585.5224096294,,32.7554337975051,,
1038,CHI,2024,,,32.7056211227456,,
1039,CHI,2025,,,32.6430856346098,,
1040,CHL,2000,5052.99245766325,20.8513352485165,86.2710912457813,0.2,7.00020742
1041,CHL,2001,4563.5952986689,21.0937108288547,86.4906345913002,0.2,7.09733105
1042,CHL,2002,4430.84741157984,21.3278312164103,86.6114115090282,0.2,7.20833778
1043,CHL,2003,4773.40177520754,21.5522021917012,86.6792973033246,0.2,7.25047779
1044,CHL,2004,6120.59152055344,21.7708477913526,86.7336754490112,0.2,6.91028595
1045,CHL,2005,7480.32330998636,21.9879951367258,86.7768244484887,0.2,6.62372065
1046,CHL,2006,9318.65655296121,22.2037450977228,86.8125123390851,0.3,6.07235622
1047,CHL,2007,10346.4138184533,22.4221432298812,86.8445071581285,0.3,6.21259642
1048,CHL,2008,10683.2188772511,22.6472942657478,86.8765769429469,0.3,6.73954487
1049,CHL,2009,10098.8017167286,22.876931994857,86.9124897308683,0.3,7.25026846
1050,CHL,2010,12632.8704724192,23.107901206673,86.9560135592209,0.3,6.81958389
1051,CHL,2011,14487.3927832032,23.3370130673596,87.0109164653326,0.3,6.79947519
1052,CHL,2012,15241.9069981119,23.5620242302954,87.0824943735696,0.4,7.01951265
1053,CHL,2013,15683.5486369155,23.7878208335351,87.1827777654221,0.4,7.47552681
1054,CHL,2014,14529.6767206336,24.0860324163393,87.3133701497978,0.4,7.84150171
1055,CHL,2015,13433.9202987032,24.333348398175,87.4653320342387,0.4,8.3513937
1056,CHL,2016,13649.8520452803,24.6093854617587,87.6306290578181,0.4,8.55767059
1057,CHL,2017,14879.9086227187,25.002288872834,87.8000295757281,0.5,9.090518
1058,CHL,2018,15659.4808675628,25.4526848895971,87.9620493753008,0.5,9.15040398
1059,CHL,2019,14496.9345640362,25.84400416762,88.1273685623538,0.5,9.30968475
1060,CHL,2020,13117.9930230086,26.0767352343796,88.2953490438375,0.5,9.69734573
1061,CHL,2021,16216.1840860289,26.192118041714,88.4660511664452,0.6,9.72450161
1062,CHL,2022,15399.1044717559,26.3222982801325,88.6395352768685,0.6,10.0053072
1063,CHL,2023,17081.5180740049,26.4647249005172,88.8158617217972,0.6,10.17470455
1064,CHL,2024,16658.9652720351,,88.9950908479196,0.7,10.53092575
1065,CHL,2025,17994.5911957485,,89.1772830019223,,
1066,CHN,2000,969.199513696287,134.492481002789,36.4320234662299,,4.4535861
1067,CHN,2001,1065.40597574519,135.473048750848,37.6597442626953,,4.19752026
1068,CHN,2002,1163.55957673426,136.383779609948,39.0897827148438,,4.32156181
1069,CHN,2003,1306.97245408557,137.235919250104,40.5302314758301,,4.35460472
1070,CHN,2004,1530.92726215723,138.053436689892,41.7600135803223,,4.22949076
1071,CHN,2005,1777.64496828464,138.867766063821,42.9899978637695,,4.11230803
1072,CHN,2006,2129.25696999613,139.645342881819,44.3430099487305,,3.88655019
1073,CHN,2007,2734.72709877693,140.376588050196,45.8892440795898,,3.61737728
1074,CHN,2008,3523.44302065213,141.097705219827,46.9895057678223,,3.83627748
1075,CHN,2009,3898.24459158811,141.801244134798,48.3417053222656,,4.27631998
1076,CHN,2010,4629.24551710077,142.487743405,49.2340270628041,,4.15821123
1077,CHN,2011,5703.76027973346,143.268509836432,51.8300285339355,,4.26719379
1078,CHN,2012,6405.0574241349,144.243669001474,53.1003112792969,,4.49046612
1079,CHN,2013,7147.03518622344,145.207643927049,54.4900016784668,,4.63882637
1080,CHN,2014,7781.06597484974,146.125816729087,55.7502555847168,,4.69880247
1081,CHN,2015,8175.33285077393,146.977949259981,57.3297843933105,,4.85367584
1082,CHN,2016,8254.86859320357,147.822641376791,58.8399238586426,,4.88338089
1083,CHN,2017,8979.67652709856,148.720043543977,60.2402687072754,,4.9695034
1084,CHN,2018,10085.6638148819,149.417194545073,61.5001983642578,,5.06933308
1085,CHN,2019,10342.9009524335,149.948179684945,62.7099151611328,,5.26516867
1086,CHN,2020,10627.4637989619,150.305542803154,63.5234230266258,,5.50441837
1087,CHN,2021,12887.4357242941,150.439753691066,64.721076965332,,5.25590324
1088,CHN,2022,12970.6056414327,150.42004812419,65.2176361083984,,5.88078785
1089,CHN,2023,12951.1782397043,150.264001337848,65.5301448035523,,5.94388866
1090,CHN,2024,13293.1162269366,,65.8946980998325,,
1091,CHN,2025,13861.970224368,,66.3429910348272,,
1092,CIV,2000,936.636541348798,55.6572452830189,43.0840065011913,6.7,3.61476922
1093,CIV,2001,924.727294962066,57.166393081761,43.4670149035012,6.4,3.59047151
1094,CIV,2002,967.815864415991,58.6628018867925,43.859032147728,6.0,3.54146051
1095,CIV,2003,1111.17135087887,60.143213836478,44.2593744150531,5.7,3.95147705
1096,CIV,2004,1199.82524528546,61.6194968553459,44.667357886658,5.3,4.02148724
1097,CIV,2005,1197.74616979415,63.108358490566,45.082298743724,4.9,3.96639085
1098,CIV,2006,1230.43056838584,64.6125849056604,45.5035131674326,4.6,3.92861462
1099,CIV,2007,1367.53817722326,66.1338301886792,45.930317338965,4.3,4.19379663
1100,CIV,2008,1583.97066701372,67.6554685534591,46.3620274395029,4.0,4.1387105
1101,CIV,2009,1540.45393569596,69.1759119496855,46.7979596502274,3.8,4.63971424
1102,CIV,2010,1553.54887048143,70.7171855345912,47.2374301523201,3.6,4.57494831
1103,CIV,2011,1596.62826565998,72.2704402515723,47.6797551269623,3.4,4.39700699
1104,CIV,2012,1546.9460184731,73.7958427672956,48.1242507553354,3.2,4.4273715
1105,CIV,2013,1786.15862031324,75.2823113207547,48.5702332186208,3.1,3.71773791
1106,CIV,2014,1991.36539423404,77.1301729559748,49.0173144557368,2.9,3.7310183
1107,CIV,2015,1814.71855088017,79.3910125786164,49.4694894689553,2.7,3.2198832
1108,CIV,2016,1862.59597081287,81.7276886792453,49.929991034032,2.6,3.32101274
1109,CIV,2017,1964.29930338343,84.0672075471698,50.3977309654344,2.5,3.24693036
1110,CIV,2018,2130.86619381144,86.3653238993711,50.8718477756395,2.3,3.0916779
1111,CIV,2019,2141.76836170115,88.6572610062893,51.3514799771241,2.2,3.18916845
1112,CIV,2020,2179.72934832935,90.9290849056604,51.8357660823651,2.1,3.62327886
1113,CIV,2021,2455.98127641148,93.2067169811321,52.3183461956059,2.0,3.76207662
1114,CIV,2022,2333.37128301259,95.5817672955975,52.8492549676673,1.9,3.63847613
1115,CIV,2023,2591.9659048119,98.0052012578616,53.4075201638704,1.8,3.43218303
1116,CIV,2024,2727.8935220697,,53.9733113940142,1.7,
1117,CIV,2025,3050.10202257321,,54.5489501450761,,
1118,CMR,2000,708.565731625965,31.5471028749127,46.2449829402599,5.5,4.29573393
1119,CMR,2001,715.470296470585,32.3866429734933,46.7627509050978,5.6,4.16830397
1120,CMR,2002,789.623811072554,33.2667555160669,47.2589242513436,5.7,4.02669907
1121,CMR,2003,988.241276791846,34.1865837405598,47.7325523560061,5.6,3.90227985
1122,CMR,2004,1133.39326749673,35.1388525734594,48.1826845960942,5.6,3.72798991
1123,CMR,2005,1142.62466252106,36.1206532546381,48.5837852394685,5.5,3.77274442
1124,CMR,2006,1191.45458990968,37.1272175329483,49.2044173412861,5.4,3.73662829
1125,CMR,2007,1325.67248215933,38.1838674874659,49.7027028593758,5.2,3.79498792
1126,CMR,2008,1492.14269801453,39.2927080027924,50.0858325268669,5.1,3.65843678
1127,CMR,2009,1461.38999232337,40.4348839669142,50.4714131335678,5.0,3.49997187
1128,CMR,2010,1398.58702025047,41.607044488164,50.8505075371362,4.8,3.57742167
1129,CMR,2011,1513.96056994878,42.8006684859639,51.2229843034125,4.7,3.85282946
1130,CMR,2012,1449.09874362279,44.0217659876034,51.5887119982861,4.5,3.9310236
1131,CMR,2013,1575.92882118897,45.2759112352182,51.9475591877024,4.3,3.63136435
1132,CMR,2014,1649.4433905949,46.6668634046244,52.2993944376709,4.1,4.34148788
1133,CMR,2015,1415.00009710569,48.1551352837892,52.6440863142742,3.9,4.12600517
1134,CMR,2016,1441.7201725688,49.6163842525015,52.9815033836792,3.7,4.02253723
1135,CMR,2017,1496.08951771242,51.0431363838294,53.3115142121504,3.5,3.79293942
1136,CMR,2018,1610.69641591017,52.4769583888642,53.6339873660653,3.4,3.61970162
1137,CMR,2019,1555.22660476477,53.9571724736096,53.9487914119331,3.2,3.65157914
1138,CMR,2020,1555.60370660749,55.4474371178947,54.2557949164174,3.1,4.25051928
1139,CMR,2021,1672.32657340872,56.9392608576083,54.5548664463635,2.9,4.34109783
1140,CMR,2022,1604.87726954895,58.4560745488777,54.8458745688318,2.8,4.49439144
1141,CMR,2023,1720.47510154506,60.0213386642973,55.1286878511388,2.7,4.5545516
1142,CMR,2024,1830.00833684727,,55.4031748609078,2.5,
1143,CMR,2025,1972.3815800786,,55.6692041661323,,
1144,COD,2000,377.925421481395,22.2789272402461,34.9008752617485,2.1,1.46594739
1145,COD,2001,142.678142604412,22.995807767804,35.4153526820763,2.0,2.62310982
1146,COD,2002,162.38052907429,23.709456783044,35.937064393184,1.9,2.57012939
1147,COD,2003,161.491553524396,24.4122833638429,36.4654627231369,1.8,3.73353338
1148,COD,2004,180.664764963633,25.1418102820846,37.0,1.8,4.33564186
1149,COD,2005,214.539740473519,25.9260819126177,37.4018738621901,1.7,3.98558235
1150,COD,2006,255.445229568751,26.7377905207208,37.8024827128113,1.6,4.06210661
1151,COD,2007,294.101615124419,27.5590533953817,38.201781337298,1.5,3.89384961
1152,COD,2008,352.900363371995,28.4028424604662,38.5997245210844,1.4,4.31254816
1153,COD,2009,280.178991035792,29.2944769634547,38.9962670496049,1.4,4.51133156
1154,COD,2010,352.400398754692,30.2432844445425,39.391363708294,1.3,3.72224283
1155,COD,2011,372.514273875789,31.2517637458371,39.7849692825859,1.2,3.19435549
1156,COD,2012,409.931424783784,32.3127491674202,40.1770385579151,1.2,3.2215035
1157,COD,2013,460.370334930107,33.430844048433,40.5675263197158,1.1,3.34057522
1158,COD,2014,489.175952097319,34.5838168545025,40.9563873534225,1.1,3.72520614
1159,COD,2015,495.826633014883,35.7449244613043,41.3435764444694,1.0,3.74785447
1160,COD,2016,459.765036590388,37.0333318629938,41.7290483782911,1.0,4.20027828
1161,COD,2017,431.052559128788,38.4126499194989,42.1127579403217,0.9,4.00057793
1162,COD,2018,518.169626875371,39.7201843805827,42.4946599159958,0.9,3.24127173
1163,COD,2019,504.00419142286,40.9992907081891,42.8747090907476,0.9,3.508039
1164,COD,2020,486.425572682256,42.3413678569066,43.2528602500115,0.9,3.97694445
1165,COD,2021,595.743074403567,43.7347795593392,43.6290681792218,0.8,3.86727977
1166,COD,2022,687.738587554685,45.1674943208134,44.003287663813,0.8,3.9417696
1167,COD,2023,660.21205238997,46.6640484329856,44.3754734892194,0.8,3.68495083
1168,COD,2024,692.887665085098,,44.7455804408753,0.7,
1169,COD,2025,806.776000708534,,45.1135633042151,,
1170,COG,2000,1024.30159109181,9.22795021961933,58.8947380255871,4.5,1.50500846
1171,COG,2001,854.598314408095,9.58283162518302,59.4417859130405,4.3,2.18529987
1172,COG,2002,905.538135544704,9.81192093704246,59.9716066874511,4.2,1.70167828
1173,COG,2003,1016.82363412143,10.0900527086384,60.4694583791889,4.0,1.91852403
1174,COG,2004,1306.10136324599,10.4408609077599,60.9205990186239,3.9,1.92152369
1175,COG,2005,1799.05158366154,10.8239912152269,61.310286636126,3.7,1.71774101
1176,COG,2006,2103.5821381211,11.2369224011713,61.6237792620651,3.6,1.70861316
1177,COG,2007,2206.47101863414,11.6557247437775,61.8502563370293,3.5,1.90200174
1178,COG,2008,2832.09177777643,12.0454377745242,62.0354815675203,3.5,2.2392714
1179,COG,2009,2271.15219175966,12.5365124450952,62.2172294650265,3.4,2.1422224
1180,COG,2010,2946.55798067708,13.0667349926794,62.3922871058739,3.4,1.85172856
1181,COG,2011,3396.16505817952,13.4984597364568,62.5597508130231,3.4,1.75237322
1182,COG,2012,3732.32737320389,13.8812591508053,62.7187169094345,3.3,1.90971065
1183,COG,2013,3697.41705884249,14.2228374816984,62.8682817180686,3.3,1.94347155
1184,COG,2014,3601.2365808718,14.5706588579795,63.0075415618859,3.3,1.97311735
1185,COG,2015,2439.35189403696,14.9270307467057,63.135592763847,3.2,2.45668483
1186,COG,2016,2093.10728558843,15.2929311859444,63.2515316469123,3.2,2.59422994
1187,COG,2017,2211.63309874797,15.6691390922401,63.3544545340423,3.2,2.36476016
1188,COG,2018,2694.43413191427,16.0559824304539,63.4434577481975,3.2,1.75584984
1189,COG,2019,2488.42466724916,16.4470307467057,63.5176376123385,3.2,2.34771276
1190,COG,2020,1993.586671931,16.845654465593,63.5760904494257,3.2,4.01775074
1191,COG,2021,2516.16255145432,17.2538301610542,63.6179125824196,3.2,3.46133351
1192,COG,2022,2620.83804267402,17.6723396778917,63.6422003342807,3.2,2.30011368
1193,COG,2023,2477.97845544866,18.1050805270864,63.6626757615625,3.2,3.29744148
1194,COG,2024,2482.2489948456,,63.8866111699904,3.2,
1195,COG,2025,2514.73393584747,,64.1236534817412,,
1196,COL,2000,2555.00751039968,35.2320270392068,74.3493570179247,0.4,5.63529348
1197,COL,2001,2472.99084035833,35.790231635872,74.7938371677676,0.5,5.94238281
1198,COL,2002,2428.92969771584,36.3449121225777,75.192444355543,0.5,5.73296595
1199,COL,2003,2311.94218760291,36.8971870211807,75.5341828570154,0.5,5.77505445
1200,COL,2004,2818.57195413044,37.4431464623704,75.8080569479496,0.5,5.79892111
1201,COL,2005,3456.06610874512,37.9711374493015,76.004938901378,0.5,6.06710577
1202,COL,2006,3789.85361217027,38.477768364128,76.1619191918164,0.5,6.33546638
1203,COL,2007,4769.926147194,38.9683406940063,76.3144038775849,0.5,6.49102163
1204,COL,2008,5541.83629665898,39.4401153672826,76.4596761810047,0.5,6.84192181
1205,COL,2009,5250.97292433518,39.9022451554754,76.5964145836792,0.5,7.31134558
1206,COL,2010,6398.2958447102,40.3581063542136,76.7232975672119,0.5,7.07130194
1207,COL,2011,7400.9940695669,40.7928021631365,76.839003613206,0.5,6.78076792
1208,COL,2012,8108.59838244229,41.2039747634069,76.942211203265,0.5,6.74601603
1209,COL,2013,8279.10255642981,41.5967408742677,77.0315988189922,0.5,7.01724052
1210,COL,2014,8187.20824890084,41.969742226228,77.1058449419909,0.5,7.18553209
1211,COL,2015,6248.51490534512,42.3343307796305,77.1636280538646,0.5,7.52338505
1212,COL,2016,5959.84250367574,42.7557566471383,77.2036266362166,0.5,7.53117037
1213,COL,2017,6479.53231292429,43.3808724650744,77.2245191706503,0.5,7.67864323
1214,COL,2018,6816.96818309544,44.1860883280757,77.2804816598084,0.5,7.71777487
1215,COL,2019,6472.54544924705,44.9824109959441,77.4595528518377,0.6,7.83404827
1216,COL,2020,5339.68711357943,45.6331653898152,77.6382533537045,0.6,8.69751263
1217,COL,2021,6222.62164397614,46.1362532672375,77.8339570326128,0.6,9.14150524
1218,COL,2022,6680.44506854481,46.6317656602073,78.0464633137335,0.6,7.59037256
1219,COL,2023,7012.49169137756,47.1574150518251,78.275571579544,0.6,8.15838146
1220,COL,2024,7951.08624019412,,78.5210811866115,0.6,8.14139366
1221,COL,2025,8561.62091854449,,78.7827914751151,,
1222,COM,2000,633.309032776244,288.060182697474,28.0360512192055,0.1,7.51525021
1223,COM,2001,681.163857619963,294.046211714132,27.9902886596605,0.1,6.6571784
1224,COM,2002,764.61349832543,300.334766254702,27.9586267103537,0.1,6.68594599
1225,COM,2003,959.691049354812,306.178398710371,27.9448864609618,0.1,6.66024828
1226,COM,2004,1072.28409029621,312.038688876948,27.9596300229124,0.1,6.58576155
1227,COM,2005,1105.78796866788,318.472326706072,28.016895208368,0.1,6.13142872
1228,COM,2006,1138.47908404345,324.961311123052,28.1143215973031,0.1,5.77341843
1229,COM,2007,1289.73631056361,331.502955400322,28.2493321448949,0.1,5.41753864
1230,COM,2008,1455.02768595586,338.155292853305,28.4193498063202,0.1,5.06897497
1231,COM,2009,1410.30516959473,344.94734013971,28.6217975367563,0.1,4.92694378
1232,COM,2010,1386.57533553376,351.873186458893,28.8540982913801,0.1,4.99181557
1233,COM,2011,1531.43969320468,358.976894142934,29.1136750253686,0.1,5.3021183
1234,COM,2012,1490.31425650871,366.270822138635,29.397950693899,0.1,5.17354631
1235,COM,2013,1603.32653496691,374.095647501343,29.7043482521482,0.1,5.10299301
1236,COM,2014,1615.71709756316,382.322944653412,30.0302906552932,0.1,5.23849726
1237,COM,2015,1329.37048235986,390.479312197743,30.3732008585112,0.1,4.60089922
1238,COM,2016,1365.48403444497,398.571198280494,30.7305018169792,0.1,4.65263557
1239,COM,2017,1423.9248027797,406.592692101021,31.0996559689293,0.1,5.26807451
1240,COM,2018,1540.71132257526,414.610424502955,31.4073645195839,0.1,4.90318584
1241,COM,2019,1519.26386436068,422.664159054272,31.7287584068243,0.1,5.18044472
1242,COM,2020,1527.16991011916,431.038688876948,32.0638072194881,0.1,5.902421
1243,COM,2021,1587.72988658008,439.642127888232,32.4124444313246,0.1,6.46315002
1244,COM,2022,1533.87755393614,448.247178936056,32.7746035528748,0.1,8.47119522
1245,COM,2023,1723.89474946474,456.951638903815,33.1502180946901,0.1,6.55212021
1246,COM,2024,1857.87060684189,,33.5392215673301,0.1,
1247,COM,2025,2055.75921566281,,33.941547481361,,
1248,CPV,2000,1189.51479345891,112.485607940447,53.9332149202283,0.7,3.86025023
1249,CPV,2001,1223.33055331575,114.216625310174,54.7762172320995,0.7,3.69652915
1250,CPV,2002,1328.57874270666,115.892307692308,55.5703407979481,0.7,3.72489762
1251,CPV,2003,1717.97565369655,117.46476426799,56.3297071979641,0.7,3.6274426
1252,CPV,2004,1929.49081468781,118.950372208437,57.0677167011018,0.7,3.54616308
1253,CPV,2005,2004.14680417563,120.375930521092,57.7977695763157,0.7,3.34086585
1254,CPV,2006,2256.99666191075,121.768734491315,58.5332660925599,0.7,3.82406759
1255,CPV,2007,3324.57675212498,123.124069478908,59.287606518789,0.7,3.84218621
1256,CPV,2008,3908.64885822576,124.40570719603,60.0741911239572,0.7,3.26951575
1257,CPV,2009,3659.72046361628,125.593300248139,60.906420177019,0.7,3.55867004
1258,CPV,2010,3579.46006137809,126.497270471464,61.7974262732302,0.7,4.08085394
1259,CPV,2011,4002.01386888785,126.909925558313,62.7419929036884,0.7,3.92527819
1260,CPV,2012,3736.81517011087,127.035980148883,63.7260454520996,0.7,4.6740551
1261,CPV,2013,3960.97596791345,127.102977667494,64.7486207521826,0.7,4.82468271
1262,CPV,2014,3985.60706548134,127.128039702233,65.8085112712742,0.8,4.85231543
1263,CPV,2015,3415.06266730931,127.144913151365,66.9045094767116,0.8,4.40073681
1264,CPV,2016,3608.96605234906,127.184615384615,68.0354078358316,0.8,4.36134005
1265,CPV,2017,3893.09571382506,127.268734491315,69.1999988159713,0.8,4.48070955
1266,CPV,2018,4294.96510035729,127.398263027295,70.3970748844677,0.8,4.78548193
1267,CPV,2019,4380.78117331128,127.569230769231,71.6254285086577,0.9,4.82431316
1268,CPV,2020,3539.22661248299,127.711910669975,72.8838521558784,0.9,7.03399324
1269,CPV,2021,3971.44409203423,128.200744416873,74.1607930892827,0.9,6.60773611
1270,CPV,2022,4323.31362032709,128.967990074442,75.033738060849,0.9,6.70243406
1271,CPV,2023,4794.90119772843,129.610669975186,75.9064245753376,0.9,5.84791613
1272,CPV,2024,5170.20531932535,,76.7721471004354,0.9,
1273,CPV,2025,5796.47207860911,,77.6300668010068,,
1274,CRI,2000,3812.75386183689,77.119839404622,59.0462378975394,0.1,6.56498718
1275,CRI,2001,3985.12987980056,78.5144339992166,60.1427600448608,0.2,6.47409868
1276,CRI,2002,4067.71854177094,79.8218762240501,61.2787633575946,0.2,6.8690877
1277,CRI,2003,4173.14853766977,81.0572659616138,62.4518059303802,0.2,6.9691925
1278,CRI,2004,4431.01172024063,82.257696827262,63.6596013546005,0.2,6.63006067
1279,CRI,2005,4703.00720463794,83.4555424990208,64.8998632216384,0.2,6.66429663
1280,CRI,2006,5256.59641275583,84.63258911085,66.1703051228767,0.2,6.93530846
1281,CRI,2007,6137.71199435022,85.7862906384645,67.4686406496983,0.3,6.99642611
1282,CRI,2008,6937.24261660254,86.9576184880533,68.7925833934861,0.3,7.4685483
1283,CRI,2009,6832.69828187486,88.1275166470819,70.1398469456228,0.3,7.86019182
1284,CRI,2010,8265.78820580299,89.2276145710928,71.5081448974915,0.3,8.02937698
1285,CRI,2011,9276.39109377477,90.2826674500588,72.8426586679914,0.3,8.12197781
1286,CRI,2012,10126.9991155066,91.3422248335292,73.3895020668217,0.4,7.78642273
1287,CRI,2013,10803.2401795009,92.3648061104583,73.9431776192863,0.4,7.68229342
1288,CRI,2014,10911.4978703456,93.3630826478653,74.4866963181212,0.4,7.66376209
1289,CRI,2015,11714.7106121672,94.360321190756,75.0198195767549,0.4,7.59196186
1290,CRI,2016,12091.0301560892,95.3191931061496,75.5423088085047,0.5,7.31724358
1291,CRI,2017,12317.0902779911,96.2235996866432,76.0539254265608,0.5,7.04522991
1292,CRI,2018,12620.0207321581,97.0978848413631,76.5544308439668,0.5,7.28587723
1293,CRI,2019,12951.8588421841,97.9152565609087,77.0435864735963,0.5,7.2212491
1294,CRI,2020,12475.6852076814,98.5961613787701,77.5211537281257,0.5,7.82545757
1295,CRI,2021,12962.2716075659,99.0988640814728,77.9868940200009,0.6,7.61130476
1296,CRI,2022,13971.7649991294,99.5253623188406,78.4405687613972,0.6,7.18368196
1297,CRI,2023,17140.771430122,99.9906972189581,78.8819393641702,0.6,6.8663702
1298,CRI,2024,18853.2828705886,,79.3107672397967,0.6,
1299,CRI,2025,19970.0989059622,,79.7268137993004,,
1300,CSS,2000,6477.26482123395,9.92711395830266,51.4260417104618,,4.22383834844841
1301,CSS,2001,6647.62547849072,10.004543976263,51.4143461829153,,4.17766539820508
1302,CSS,2002,6903.07418576198,10.0841093544309,51.3780185932835,,4.47566075950158
1303,CSS,2003,7551.08983381761,10.1648917122706,51.3001335734813,,4.42068457245091
1304,CSS,2004,8233.61082543875,10.2391124168285,51.1736246779686,,4.51994843432133
1305,CSS,2005,9439.33720644986,10.1610726544141,50.9493887735074,,4.5144342699148
1306,CSS,2006,10883.0475520742,10.219941850453,50.7701857397449,,4.47595023387942
1307,CSS,2007,12134.9066978741,10.2849963143081,50.5917218872534,,4.46435832120334
1308,CSS,2008,13890.1303094208,10.3505149869039,50.4201440786193,,4.27364887277393
1309,CSS,2009,11554.0589194758,10.4055500696677,50.264922890817,,5.25270674983499
1310,CSS,2010,12652.5691256578,10.4718842441054,50.1513014486905,,5.08617226679244
1311,CSS,2011,13503.1582761636,10.5415707584225,50.1249359664817,,4.92606464011983
1312,CSS,2012,14225.6111466707,10.610168264126,50.1446818440705,,4.89619282061397
1313,CSS,2013,14575.4918879542,10.6835308098227,50.1507539138983,,5.02066263725941
1314,CSS,2014,14962.943351851,10.7559574103285,50.1596535005104,,5.02332217946714
1315,CSS,2015,14497.8798625347,10.8253252516181,50.1679113039414,,5.38567437618175
1316,CSS,2016,13377.8260731233,10.8934309469801,50.1731298812102,,5.79141967927472
1317,CSS,2017,13708.7525902396,10.9556775752626,50.1782963503998,,5.97087076748082
1318,CSS,2018,13896.5484095788,11.059856053637,50.095481721741,,5.94749622539129
1319,CSS,2019,13995.7626558947,11.1488737254616,50.0613448862218,1.29069542143979,6.0899471806107
1320,CSS,2020,11961.4085449634,10.8021118575828,50.1148273041796,1.27701918886834,6.81972402950988
1321,CSS,2021,13996.4475071755,10.8502323822862,50.1235419064094,1.26512863905129,6.45295591405472
1322,CSS,2022,17449.5193422186,10.8941815733103,50.1314448681558,1.269220494729,5.57302406714792
1323,CSS,2023,17609.6827071212,10.9489127656158,50.1020889305245,1.28185884273786,5.48778796194105
1324,CSS,2024,19923.5745910977,,50.0999425738621,1.27437590664638,
1325,CSS,2025,20880.0606776787,,50.1011216203825,,
1326,CUB,2000,2751.3817714814,103.436769087523,75.635383605957,0.1,6.58189821
1327,CUB,2001,2842.96704310394,103.762867783985,75.887565612793,0.1,6.9820981
1328,CUB,2002,3005.21104247868,105.060795187518,75.8514891112497,0.1,7.11481619
1329,CUB,2003,3202.78109865637,105.351343984962,75.8636638735113,0.1,7.10295439
1330,CUB,2004,3399.21962893402,105.617479560192,75.917681659226,0.2,6.83178711
1331,CUB,2005,3786.33799225291,105.811292747088,76.0033319545493,0.2,8.75525475
1332,CUB,2006,4329.98265964383,105.971530583482,76.1121531072403,0.2,8.2719059
1333,CUB,2007,4807.43888960684,106.043517474634,76.2356834650585,0.2,10.9674921
1334,CUB,2008,4986.12436479175,106.085700864337,76.365461375763,0.3,11.31422806
1335,CUB,2009,5089.23519757167,106.113481773769,76.4930251871133,0.3,12.29053974
1336,CUB,2010,5272.26755824835,106.138754227734,76.6099132468685,0.3,10.6880827
1337,CUB,2011,6104.46105236166,105.757568101214,76.707663902788,0.4,11.31298637
1338,CUB,2012,6470.83673392653,105.984819360707,76.7776920066844,0.4,9.29940987
1339,CUB,2013,6828.36428245396,108.40689886778,76.81640625,0.4,10.43099499
1340,CUB,2014,7146.70459051328,108.496202653336,76.8442459106445,0.4,12.14121914
1341,CUB,2015,7727.91997207998,108.309942363112,76.8702850341797,0.5,12.81404305
1342,CUB,2016,8110.55874283616,108.2815455594,76.9115829467773,0.5,12.21769619
1343,CUB,2017,8610.60829605429,108.360587668593,76.9603271484375,0.5,11.47201538
1344,CUB,2018,8911.46205998726,108.16105973025,77.0156326293945,0.5,11.01842499
1345,CUB,2019,9232.26115935183,107.927225433526,77.0728225708008,0.5,11.08501148
1346,CUB,2020,9605.27914559614,107.672003853565,77.1080322265625,0.6,12.48641968
1347,CUB,2021,,107.149980732177,77.0987701416016,0.6,13.78746605
1348,CUB,2022,,106.549325626204,77.1056060791016,0.6,11.78773499
1349,CUB,2023,,106.165038535645,77.1259872296321,0.6,9.38383102
1350,CUB,2024,,,77.1664929228275,0.6,
1351,CUB,2025,,,77.2270774821152,,
1352,CUW,2000,15841.2612359949,,90.8692145662905,,
1353,CUW,2001,16609.8454536485,,91.060147058155,,
1354,CUW,2002,16723.6925253468,,91.0970316517813,,
1355,CUW,2003,16695.7351137757,,91.1278267399674,,
1356,CUW,2004,16671.3403391655,,91.1534053060108,,
1357,CUW,2005,17032.3356620744,,91.1746923604573,,
1358,CUW,2006,17400.1637780186,,91.1926129138527,,
1359,CUW,2007,18005.7165850772,,91.2080919767428,,
1360,CUW,2008,19423.3352430175,,91.2220545596735,,
1361,CUW,2009,19540.2476579348,,91.2354256731905,,
1362,CUW,2010,19847.2310127979,,91.2491303278397,,
1363,CUW,2011,19426.326382752,339.709459459459,91.2639416184104,,
1364,CUW,2012,19809.8223198624,342.540540540541,91.2791300612311,,
1365,CUW,2013,19721.2921646576,346.445945945946,91.2938785868797,,
1366,CUW,2014,19623.029993395,351.146396396396,91.3082030810948,,
1367,CUW,2015,19361.8130008678,355.810810810811,91.3220471649755,,
1368,CUW,2016,18944.0961493998,359.603603603604,91.3353544596205,,
1369,CUW,2017,18938.2440469703,360.754504504504,91.3480685861287,,
1370,CUW,2018,19119.1243941688,358.864864864865,91.3601331655991,,
1371,CUW,2019,19220.6866958303,354.596846846847,91.3714918191305,,
1372,CUW,2020,16299.8134688605,350.184684684685,91.3820881678218,,
1373,CUW,2021,17795.5826483092,346.72972972973,91.391865832772,,
1374,CUW,2022,20057.1404960105,345.317567567568,91.4007684350799,,
1375,CUW,2023,21217.8109173312,348.31981981982,91.4080929292235,,
1376,CUW,2024,22832.895498987,,91.4321812441765,,
1377,CUW,2025,,,91.4727714986125,,
1378,CYM,2000,,165.308333333333,100.0,,
1379,CYM,2001,,171.204166666667,100.0,,
1380,CYM,2002,,177.141666666667,100.0,,
1381,CYM,2003,,183.058333333333,100.0,,
1382,CYM,2004,,188.966666666667,100.0,,
1383,CYM,2005,,194.95,100.0,,
1384,CYM,2006,87085.0937376216,200.966666666667,100.0,,
1385,CYM,2007,89888.2618212462,207.029166666667,100.0,,
1386,CYM,2008,89655.1196222184,213.129166666667,100.0,,
1387,CYM,2009,81373.5711516642,219.241666666667,100.0,,
1388,CYM,2010,76837.6699636672,225.4125,100.0,,
1389,CYM,2011,75280.960764889,231.691666666667,100.0,,
1390,CYM,2012,75101.59136128,238.066666666667,100.0,,
1391,CYM,2013,75113.7332398618,244.395833333333,100.0,,
1392,CYM,2014,75845.3060407986,250.666666666667,100.0,,
1393,CYM,2015,76379.2095108681,256.841666666667,100.0,,
1394,CYM,2016,77802.2541567187,262.916666666667,100.0,,
1395,CYM,2017,80053.9444506891,268.895833333333,100.0,,
1396,CYM,2018,83865.5531568184,274.754166666667,100.0,,
1397,CYM,2019,88254.2903677044,280.529166666667,100.0,,
1398,CYM,2020,82338.7977439023,286.183333333333,100.0,,
1399,CYM,2021,86449.6749037302,292.116666666667,100.0,,
1400,CYM,2022,92937.8838323153,298.295833333333,100.0,,
1401,CYM,2023,100065.233841107,304.325,100.0,,
1402,CYM,2024,104292.900672109,,100.0,,
1403,CYM,2025,,,100.0,,
1404,CYP,2000,14388.3525390625,102.561363636364,68.7726966799379,,5.30800056
1405,CYP,2001,14821.44921875,104.342748917749,68.8024068077544,,5.33940458
1406,CYP,2002,16093.2158203125,106.21645021645,68.7863589370716,,5.61565971
1407,CYP,2003,20252.24609375,108.180735930736,68.7120973207373,,5.63568783
1408,CYP,2004,23792.619140625,110.159632034632,68.5908141437316,,5.40558147
1409,CYP,2005,24959.26171875,112.137554112554,68.4340674211981,,5.43580961
1410,CYP,2006,26729.28125,114.114502164502,68.2534151682801,,5.46357489
1411,CYP,2007,31244.87890625,116.094588744589,68.0604154001212,,5.35744858
1412,CYP,2008,35541.88671875,118.076406926407,67.8666261318649,,6.01430845
1413,CYP,2009,32236.462890625,120.061796536797,67.6836053786548,,6.46531534
1414,CYP,2010,31105.02734375,122.058008658009,67.5229111556342,,6.50055742
1415,CYP,2011,32485.8046875,124.079329004329,67.3979892758544,,6.43139076
1416,CYP,2012,28991.9296875,126.125216450216,67.3010289148738,,6.53638792
1417,CYP,2013,27764.7265625,128.127164502165,67.2102333625375,,6.92774534
1418,CYP,2014,26993.095703125,130.065043290043,67.1230558819804,,6.93137264
1419,CYP,2015,23088.4296875,131.980735930736,67.0402477918073,,6.79382181
1420,CYP,2016,24280.044921875,133.88658008658,66.9625604106231,,6.65254688
1421,CYP,2017,26247.46484375,135.744047619048,66.8907450570326,,6.62192535
1422,CYP,2018,29120.38671875,137.525649350649,66.8255530496405,,6.78446245
1423,CYP,2019,29227.16796875,139.250108225108,66.7677357070518,,6.99843168
1424,CYP,2020,28130.330078125,140.935822510823,66.7180443478713,,8.64796448
1425,CYP,2021,32937.8359375,142.565909090909,66.6718365394971,,8.87445068
1426,CYP,2022,33231.05078125,144.087662337662,66.6694829407584,,8.27201366
1427,CYP,2023,36623.70703125,145.560173160173,66.6739477522639,,8.11912918
1428,CYP,2024,38674.3125,,66.6824259192483,,
1429,CYP,2025,41783.08984375,,66.6950270703775,,
1430,CZE,2000,6062.92152842793,132.717264138734,74.0038256456769,,5.66916943
1431,CZE,2001,6669.07494847497,132.219554807817,73.9131752504002,,5.83479309
1432,CZE,2002,8101.26018588111,131.96474699107,73.8360067578753,,6.14656258
1433,CZE,2003,9852.45677945801,131.926983305293,73.7649150201353,,6.50168419
1434,CZE,2004,11782.5546676117,131.984222107171,73.6991647167017,,6.33308411
1435,CZE,2005,13442.4916284309,132.166916903961,73.6375545423198,,6.33529043
1436,CZE,2006,15259.0788162004,132.542459546926,73.578883191735,,6.16489983
1437,CZE,2007,18452.6532812196,133.318161812298,73.5219493596925,,5.99029112
1438,CZE,2008,22774.7045076205,134.445921802175,73.4655517409377,,6.33855247
1439,CZE,2009,19817.4215836554,135.214085965821,73.4084890302159,,7.2650013
1440,CZE,2010,20160.4355077059,135.626181535673,73.3495599222723,,7.47836781
1441,CZE,2011,22049.1080788682,135.90687556649,73.2878338394746,,7.47281456
1442,CZE,2012,20014.0354015165,136.097177262722,73.2249239592898,,7.53974962
1443,CZE,2013,20260.4954999375,136.159958559959,73.1622186934979,,7.44831276
1444,CZE,2014,20038.4163180257,136.30337995338,73.0995921041469,,7.53919601
1445,CZE,2015,17931.5987670768,136.589288952208,73.0370442874355,,7.29346752
1446,CZE,2016,18753.9686718096,136.851858567543,72.9745753395623,,7.32258606
1447,CZE,2017,20913.197632212,137.21587877218,72.9121853567256,,7.24190664
1448,CZE,2018,23705.9329811299,137.675534257221,72.8498744351241,,7.37173605
1449,CZE,2019,24062.7190013343,138.226810266108,72.7876426709563,,7.48754358
1450,CZE,2020,23472.8915454417,138.575928842168,72.7254901604208,,8.96995831
1451,CZE,2021,27696.4619527544,136.108349053848,72.6810594374316,,9.15420723
1452,CZE,2022,28282.2236715857,138.290511305111,72.6967638379524,,8.47063065
1453,CZE,2023,31761.5944102491,140.785547662605,72.7352388396817,,8.42677402
1454,CZE,2024,31827.7552539413,,72.7947984592185,,8.50710297
1455,CZE,2025,35917.2724081665,,72.8754367116112,,
1456,DEU,2000,23925.8559901991,235.596813297034,80.0942160905637,,9.75930405
1457,DEU,2001,23878.3641471651,236.027300085985,80.1070808273695,,9.78105545
1458,DEU,2002,25486.5942008748,236.451570830706,80.1213973750556,,10.028965
1459,DEU,2003,30711.1022511331,236.616427281328,80.1373116303862,,10.22255325
1460,DEU,2004,34566.7359143735,236.592195429653,80.1549694901257,,9.97466278
1461,DEU,2005,35084.4363546269,236.464680582636,80.1745168510383,,10.1068058
1462,DEU,2006,36980.3349948954,236.225197866483,80.1960996098884,,9.96236897
1463,DEU,2007,42350.9217211489,235.943361918146,80.2198636634402,,9.83482933
1464,DEU,2008,46379.1647953479,235.522178240542,80.2459549084581,,10.03185749
1465,DEU,2009,42471.8868625226,234.939637417171,80.2745192417062,,10.97003078
1466,DEU,2010,42396.9665976293,234.606908225034,80.305702559949,0.1,10.8311739
1467,DEU,2011,47630.9761883572,230.304633348634,80.3405762928198,0.1,10.52106953
1468,DEU,2012,44718.0159214069,230.750625466231,80.393447520218,0.1,10.59356213
1469,DEU,2013,47206.8353514242,231.155712565925,80.4732318400362,0.1,10.7432127
1470,DEU,2014,48959.5991203133,232.108053883634,80.57574023743,0.1,10.76819706
1471,DEU,2015,41929.7549110722,234.152986871524,80.6974371632814,0.1,10.92317677
1472,DEU,2016,42948.9381932694,235.712929356538,80.8347870684725,0.1,10.97133732
1473,DEU,2017,45553.9341495339,236.588722557747,80.9842544038853,0.1,11.05091095
1474,DEU,2018,48916.1686612154,237.294012250272,81.1423036204018,0.1,11.18380833
1475,DEU,2019,47656.199739747,237.822954291766,81.3053991689039,0.1,11.42805386
1476,DEU,2020,47394.8734504469,238.017318755545,81.4700055002738,0.1,12.46780777
1477,DEU,2021,52349.2459994422,238.118085806692,81.6325870653934,0.1,12.72403336
1478,DEU,2022,50506.5179638543,238.086252003664,81.7867852780995,0.1,12.44708347
1479,DEU,2023,54776.7668235491,238.351810090719,81.9034366692129,0.2,11.74428654
1480,DEU,2024,56103.7323182554,,82.0211432579125,0.2,12.26655293
1481,DEU,2025,60496.4350820414,,82.13822205362,,
1482,DJI,2000,737.612183644052,32.2397756686799,73.3486361649708,3.6,3.39641857
1483,DJI,2001,742.133791107063,33.2749352890423,72.8935327252495,3.6,3.1960845
1484,DJI,2002,743.013270420348,34.3215703192407,72.4503357641707,3.6,3.75243783
1485,DJI,2003,764.634465224597,35.0957290767903,72.0304414068997,3.5,4.27048731
1486,DJI,2004,806.261652944964,35.639516824849,71.6452457786012,3.4,3.53544688
1487,DJI,2005,844.4483573908,36.2022001725626,71.3061450044404,3.3,3.80321956
1488,DJI,2006,898.464628136774,36.9182053494392,71.0245352095823,3.2,4.21972466
1489,DJI,2007,969.573220191902,37.7276962899051,70.8118125191918,3.0,4.05262756
1490,DJI,2008,1119.15233346969,38.5131147540984,70.6793730584341,2.8,3.6125772
1491,DJI,2009,1150.9375857489,39.3238567730802,70.6383251554484,2.7,3.63905573
1492,DJI,2010,1213.23352553429,40.1316220880069,70.6486554782903,2.5,3.35699701
1493,DJI,2011,1306.34552844977,40.9213977566868,70.6776532458676,2.4,3.37387872
1494,DJI,2012,1400.19357858954,41.7060828300259,70.7266311335377,2.2,3.29730988
1495,DJI,2013,2075.94498424748,42.4859361518551,70.7969331287484,2.0,2.91782117
1496,DJI,2014,2214.62084142432,43.2578515962036,70.8899032189478,1.9,2.95930099
1497,DJI,2015,2376.12554719873,44.0169542709232,71.0068853915837,1.7,3.3475771
1498,DJI,2016,2510.4300076241,44.7650129421915,71.1492236341041,1.6,2.74166131
1499,DJI,2017,2618.95521147369,45.5065142364107,71.318261933957,1.5,2.47976375
1500,DJI,2018,2718.08338799203,46.2416738567731,71.5153442785902,1.4,2.530864
1501,DJI,2019,2837.16902340932,46.9676013805004,71.7418146554518,1.3,2.41347837
1502,DJI,2020,2844.88810647853,47.6785159620362,71.9990170519895,1.2,2.33861232
1503,DJI,2021,3025.91126413549,48.3713546160483,72.2882954556515,1.1,2.87128091
1504,DJI,2022,3133.25779772463,49.0550474547023,72.6109938538856,1.0,2.52554536
1505,DJI,2023,3381.29779710722,49.7387402933563,72.8408245988921,1.0,2.28316021
1506,DJI,2024,3552.72335079222,,72.9052635052978,0.9,
1507,DJI,2025,3905.604954681,,72.9758660686475,,
1508,DMA,2000,4867.39896323759,91.348,65.2352744316641,0.4,5.32374382
1509,DMA,2001,5527.51527300496,91.0506666666667,65.3586067945228,0.4,4.64501858
1510,DMA,2002,5488.02784969357,91.156,65.5209250395792,0.4,4.6531105
1511,DMA,2003,5447.44011496284,91.3746666666667,65.7244163144059,0.4,4.84617901
1512,DMA,2004,5778.83306546506,91.532,65.9653093849432,0.4,4.74520159
1513,DMA,2005,5695.22442394675,91.6453333333333,66.2400724917823,0.4,4.97772503
1514,DMA,2006,6055.78109574854,91.7413333333333,66.5451738755145,0.4,4.78092194
1515,DMA,2007,6459.03503689609,91.796,66.877081776731,0.4,4.79109955
1516,DMA,2008,6971.32633839289,91.8053333333333,67.232264436023,0.4,5.04968786
1517,DMA,2009,7487.49010395154,91.8186666666667,67.6071900939817,0.4,4.98329306
1518,DMA,2010,7549.61964680375,91.812,67.9983269911984,0.4,5.15711927
1519,DMA,2011,7705.40717248319,92.0706666666667,68.3978165602727,0.4,5.33450365
1520,DMA,2012,7528.51001990155,92.1573333333333,68.754609337094,0.4,5.79509926
1521,DMA,2013,7822.21797211398,92.9533333333333,69.119704197722,0.4,5.34749842
1522,DMA,2014,8131.74876096735,93.8306666666667,69.4907847110252,0.4,5.26141691
1523,DMA,2015,8282.59874702141,93.88,69.8679153463528,0.4,5.15941811
1524,DMA,2016,8802.56172041363,92.808,70.2511605730541,0.4,5.12308073
1525,DMA,2017,8224.64896571414,91.328,70.6405848604787,0.5,5.46245432
1526,DMA,2018,9215.3085405645,90.8986666666667,71.0362526779762,0.5,6.18495989
1527,DMA,2019,9491.14995962374,90.5066666666667,71.4382284948964,0.5,5.16903925
1528,DMA,2020,7827.74842680426,90.0973333333333,71.846576780589,0.5,6.06806135
1529,DMA,2021,8376.40414141113,89.6026666666667,72.2613620044042,0.5,6.31142521
1530,DMA,2022,9323.66089490562,89.1013333333333,72.682648635692,0.5,5.97262001
1531,DMA,2023,9912.96212766668,88.68,73.1105011438027,0.5,5.00757647
1532,DMA,2024,10405.2787777582,,73.5449839980866,0.5,
1533,DMA,2025,10989.0431185083,,73.9861616678942,,
1534,DNK,2000,30722.0251837567,133.4904,85.0999984741211,0.1,8.11006165
1535,DNK,2001,30768.4775471112,133.969575,85.188307882087,0.1,8.44370651
1536,DNK,2002,33257.1622586509,134.398275,85.3000030517578,0.1,8.69506168
1537,DNK,2003,40519.0974905924,134.76435,85.4199981689453,0.1,8.89037418
1538,DNK,2004,46625.050098011,135.113075,85.7130276911593,0.1,8.98551464
1539,DNK,2005,48925.8076698784,135.4858,86.0059706832865,0.1,9.06716251
1540,DNK,2006,52119.1787984282,135.9318,86.2501288149818,0.1,9.15257931
1541,DNK,2007,58631.6566433635,136.53595,86.4251464366349,0.1,9.30215549
1542,DNK,2008,64616.6657583663,137.340525,86.583137512207,0.1,9.46797943
1543,DNK,2009,58412.7472358513,138.077375,86.7617653139929,0.1,10.62873173
1544,DNK,2010,58104.5445594981,138.692075,86.8652420043945,0.1,10.59621811
1545,DNK,2011,61809.737898222,139.2643,87.1567653955846,0.1,10.39758492
1546,DNK,2012,58443.7747103968,139.7893,87.2336196899414,0.1,10.53344631
1547,DNK,2013,61377.5940590412,140.3733,87.5436524760432,0.1,10.29778957
1548,DNK,2014,62520.4509747011,141.086875,87.6823985731907,0.1,10.31388664
1549,DNK,2015,53094.0133607574,142.087075,87.7254056577329,0.1,10.3754549
1550,DNK,2016,54500.9260410217,143.20025,87.6999969482422,0.1,10.28229332
1551,DNK,2017,57521.5514992225,144.1245,88.0161943799509,0.1,10.1137991
1552,DNK,2018,61324.7665045565,144.8409,88.1059762310689,0.1,10.14163208
1553,DNK,2019,59404.2663247723,145.36055,88.2096490810669,0.1,10.18468761
1554,DNK,2020,60985.4885601514,145.7851,88.2394485473632,0.1,10.69237614
1555,DNK,2021,69340.7334922138,146.418325,88.2616449318149,0.1,10.65575886
1556,DNK,2022,67781.0940939514,147.575925,88.3880239837703,0.1,9.47411346
1557,DNK,2023,68043.5466971243,148.6738,88.552638542867,0.1,9.5572958
1558,DNK,2024,71026.4832271897,,88.6960552688405,0.1,9.38812923
1559,DNK,2025,76970.1535217919,,88.8458435892689,,
1560,DOM,2000,2831.45883638033,177.689712274891,61.3128549215919,1.4,4.88427496
1561,DOM,2001,2935.89367312668,180.506789484579,62.2979450293469,1.4,4.88183308
1562,DOM,2002,3065.60329524196,183.238149451459,63.2914022524877,1.4,4.98649025
1563,DOM,2003,2383.26171780393,185.895673773546,64.426197134766,1.4,4.38888264
1564,DOM,2004,2451.69161616569,188.468060442972,65.8914085229291,1.3,4.2877388
1565,DOM,2005,3878.31206735244,190.954957565721,67.5759180469321,1.3,4.35391188
1566,DOM,2006,4055.14270347371,193.359200993583,69.333853706035,1.3,3.99365425
1567,DOM,2007,4649.64558875814,195.728793210515,71.0193434994977,1.2,4.08935308
1568,DOM,2008,5023.58513403515,198.160422272821,72.4865154265802,1.2,4.56442022
1569,DOM,2009,4973.95186999952,200.688573794245,73.5894974865426,1.2,4.76706171
1570,DOM,2010,5478.62470398954,203.274166839164,74.1642773174177,1.2,4.92896748
1571,DOM,2011,5826.51014109195,205.870854895467,74.2440389501301,1.2,5.04506636
1572,DOM,2012,6013.81965002603,208.453963982612,74.2398679969568,1.1,5.05897284
1573,DOM,2013,6136.59429329301,211.008755951149,74.2251359951216,1.1,4.92594242
1574,DOM,2014,6496.45166971142,213.527799627406,74.1931533822153,1.1,4.80942917
1575,DOM,2015,6800.95309395474,215.997288346098,74.1372305958285,1.1,4.73534584
1576,DOM,2016,7160.44200982307,218.410888014904,74.0506780735522,1.1,4.58582401
1577,DOM,2017,7412.71571571512,220.799896501759,73.926806252977,1.1,4.44562674
1578,DOM,2018,7882.98221584944,223.18470296005,73.7589255716938,1.0,4.21765518
1579,DOM,2019,8183.01623600375,226.026774543851,73.5403464672933,1.0,4.36808872
1580,DOM,2020,7135.22273255899,228.397349102723,73.2643793773663,1.0,4.96490288
1581,DOM,2021,8527.0754858205,230.786990834893,72.9243347395035,1.0,5.08839989
1582,DOM,2022,10104.2464008585,233.012351959686,72.4203155643711,1.0,4.64506817
1583,DOM,2023,10630.431743829,235.098143035751,72.3577991823338,1.0,4.59880495
1584,DOM,2024,10875.6618443092,,72.4121874752151,1.0,
1585,DOM,2025,11059.2081531834,,72.517694062591,,
1586,DZA,2000,1772.92869122761,12.9753428165963,59.8521239445692,0.1,3.21485448
1587,DZA,2001,1896.30020878013,13.1547612249868,60.6177172788536,0.1,3.53628588
1588,DZA,2002,1937.46411413019,13.3309408247752,61.3812658601162,0.1,3.44169641
1589,DZA,2003,2283.77299346126,13.5093746588628,62.1427907986812,0.1,3.32569361
1590,DZA,2004,2816.99384960555,13.6993483755574,62.9023132048725,0.1,3.29030514
1591,DZA,2005,3233.13339634212,13.9012860345798,63.6598541890144,0.1,3.1188612
1592,DZA,2006,3660.66104745322,14.1172025493967,64.4154348614309,0.1,3.18999887
1593,DZA,2007,4167.45169937531,14.3548061501255,65.1690763324461,0.1,3.62011433
1594,DZA,2008,5180.91881514686,14.6182878903659,65.901485871159,0.1,3.98331022
1595,DZA,2009,4235.42990456612,14.901057630136,66.5097384559521,0.1,4.89210796
1596,DZA,2010,4912.78585503672,15.1940329339055,67.1235057867459,0.1,4.64001417
1597,DZA,2011,5916.31364364343,15.4942924080714,67.7344007507578,0.1,4.82567501
1598,DZA,2012,6033.64884689543,15.8061610419273,68.3421258553675,0.1,5.63658524
1599,DZA,2013,5979.60138960585,16.1286164736705,68.9463836079277,0.1,5.64541769
1600,DZA,2014,6094.69392314956,16.4606678310815,69.5468765157615,0.1,6.01484108
1601,DZA,2015,4685.05902729002,16.8026368106356,70.1433070861612,0.1,6.33435678
1602,DZA,2016,4424.98529027556,17.1516218598076,70.7353778263851,0.1,6.00080872
1603,DZA,2017,4554.66753957828,17.5037080018356,71.3227912436551,0.1,5.9484539
1604,DZA,2018,4577.21029180491,17.846203680417,71.905249845153,0.1,5.9323926
1605,DZA,2019,4468.45341883656,18.1776961381175,72.4824561380175,0.1,5.41732121
1606,DZA,2020,3743.5419522929,18.4915612115512,73.0541126293395,0.1,5.63830757
1607,DZA,2021,4160.55926736925,18.7934447084904,73.6199218261573,0.1,5.02188873
1608,DZA,2022,4960.30334332888,19.0941870229328,74.1795862354514,0.1,3.63464284
1609,DZA,2023,5370.477235078,19.3825602290762,74.732808364138,0.1,4.35082531
1610,DZA,2024,5752.99076651465,,75.2792907190618,0.1,
1611,DZA,2025,6051.00322704182,,75.8187358069877,,
1612,EAP,2000,961.301422356711,113.8692161427,36.7098568881928,,3.92039260289525
1613,EAP,2001,1014.52467005611,114.948848125012,37.7841855057617,,3.8167942775161
1614,EAP,2002,1113.99915248458,115.979292636256,38.996284226454,,3.87648169544172
1615,EAP,2003,1251.27771537034,116.915793940812,40.212083972774,,3.94111528133615
1616,EAP,2004,1439.93214544909,117.873684186311,41.2783334979221,,3.84870502837093
1617,EAP,2005,1653.67971343756,118.803384208304,42.3396914809038,,3.83783358845899
1618,EAP,2006,1976.632047491,119.728065264991,43.4769730591545,,3.68788886464905
1619,EAP,2007,2481.38755806042,120.679234154656,44.7353095541115,,3.51541442775242
1620,EAP,2008,3117.832791739,121.624879230522,45.6933496616839,,3.6796444790898
1621,EAP,2009,3359.51841456412,122.545457709395,46.8344355218795,,4.07079549936242
1622,EAP,2010,4057.8659052455,123.455331524104,47.6560812444264,,3.96546241622882
1623,EAP,2011,4913.89455378862,124.425348644058,49.6140488674566,,4.08406667743924
1624,EAP,2012,5434.82585097081,125.517256762924,50.6757055422017,,4.27888597161886
1625,EAP,2013,5952.82148677207,126.602516818691,51.8122190695644,,4.40800686202104
1626,EAP,2014,6373.70120967496,127.633880213556,52.8565756064242,,4.49089303176745
1627,EAP,2015,6589.81824245918,128.613801730869,54.1114656751357,,4.64725895292733
1628,EAP,2016,6683.23529656879,129.581742367703,55.3186115241997,,4.67397428883252
1629,EAP,2017,7241.98321346974,130.567654797603,56.4654638258327,,4.73854582512431
1630,EAP,2018,8046.00446277369,131.409868337961,57.6502705350874,,4.83518872382564
1631,EAP,2019,8286.45749748666,132.134925461608,58.6555692756585,,4.99303914546098
1632,EAP,2020,8391.23898302179,132.732163470285,59.3705245555409,,5.2768985110516
1633,EAP,2021,9974.57917918464,133.025368143379,60.3526131684329,,5.15121582835273
1634,EAP,2022,10107.0569545516,133.338237908375,60.8593968560328,,5.58480647001362
1635,EAP,2023,10126.4304121407,133.577916991669,61.2276463501262,,5.60835519830005
1636,EAP,2024,10391.1526101394,,61.6125537930801,,
1637,EAP,2025,10843.4363994141,,62.0532518845953,,
1638,EAR,2000,1346.19872596642,75.6044104013335,38.0803817655307,,4.67146809625361
1639,EAR,2001,1311.07657774218,77.017662871189,38.4624516015098,,4.8715974769735
1640,EAR,2002,1251.30345037129,78.3909683143576,38.8449997668426,,4.63455585253926
1641,EAR,2003,1368.4299919013,79.7530261092754,39.2372244886496,,4.76981881395006
1642,EAR,2004,1563.0603884093,80.8325051329444,39.640743488933,,4.74847021452943
1643,EAR,2005,1788.22041048826,82.2031159963338,40.0491199566483,,4.74772671893504
1644,EAR,2006,2011.02350805054,83.5796772703463,40.4596760928047,,4.68184589142249
1645,EAR,2007,2342.58782127684,84.9538936563716,40.8566741985846,,4.6716373682639
1646,EAR,2008,2595.48033593556,86.317587643204,41.2894669444167,,4.64806513464498
1647,EAR,2009,2458.1646507679,87.6854105545023,41.7208534147391,,4.99581985697443
1648,EAR,2010,2941.65330428569,89.0525525332427,42.1325153327682,,4.80856083101776
1649,EAR,2011,3266.19695006658,90.4444620157787,42.55386928757,,4.7702535763723
1650,EAR,2012,3362.32207931577,91.8072245321802,43.0048413961797,,4.84872512552416
1651,EAR,2013,3332.30407501939,93.1523170525683,43.5232298113552,,4.95743004980616
1652,EAR,2014,3351.66429566368,94.4506290925745,44.0073800418903,,4.96052984304159
1653,EAR,2015,3178.86716124226,95.7429697331358,44.4503233893376,,5.14327985640596
1654,EAR,2016,3227.64814256759,97.0256299345761,44.8097968515725,,5.04115476117258
1655,EAR,2017,3457.91719451195,98.2755925064534,45.1249360555588,,4.86580729919855
1656,EAR,2018,3460.86264008666,99.4817619661395,45.4349772935468,,4.63478851903265
1657,EAR,2019,3481.75530893525,100.705899920804,45.7649596058874,,4.60415675682015
1658,EAR,2020,3185.49787368673,101.93746350761,46.0812452315672,,5.03635481236374
1659,EAR,2021,3697.4103832017,102.970981932789,46.3752600779412,,5.07945503994002
1660,EAR,2022,4017.48956260692,104.133426123073,46.6969243405166,,4.79146885384
1661,EAR,2023,4212.16924807645,105.363343039189,47.0167430983708,,4.8276388426126
1662,EAR,2024,4405.28492630999,,47.3447903059446,0.721280165103417,
1663,EAR,2025,4566.42669968306,,47.668162672247,,
1664,EAS,2000,4139.47126719887,83.8610283923368,41.6343413119014,,6.08601700936407
1665,EAS,2001,3814.30946425229,84.6180209072522,42.615489470344,,6.11471392152379
1666,EAS,2002,3844.08681401566,85.3339979051621,43.7684853220953,,6.08102426381423
1667,EAS,2003,4188.46280036812,85.9898625903736,44.9513109057327,,6.19852540141561
1668,EAS,2004,4657.50834759879,86.6447901055722,46.0139133803762,,6.17074354425187
1669,EAS,2005,4931.62605587014,87.2821829617991,47.0408499812646,,6.1213939368133
1670,EAS,2006,5191.90669962482,87.9299461993076,48.1178518187495,,5.9269358413479
1671,EAS,2007,5760.12938767038,88.5992481515687,49.3049109425273,,5.70626271531382
1672,EAS,2008,6593.64477271098,89.2704344580735,50.2178679776185,,5.85657797037731
1673,EAS,2009,6735.16059526359,89.9112402589462,51.2691603606568,,6.35348529622559
1674,EAS,2010,7808.0701040139,90.541816346644,52.0187036677998,,6.22970888846553
1675,EAS,2011,8976.49484706491,91.2047609541949,53.7652047882868,,6.65349045203249
1676,EAS,2012,9534.44491469921,91.9505053157009,54.6999640125725,,6.71008884004265
1677,EAS,2013,9580.35094813005,92.6875501269335,55.6959158950493,,6.46606849218247
1678,EAS,2014,9832.43196516945,93.3939861708619,56.6126794721138,,6.45793122298381
1679,EAS,2015,9730.64405529046,94.0667650140412,57.7233143419672,,6.44100318577422
1680,EAS,2016,10011.552668647,94.6937276463779,58.7921942331022,,6.51230921566153
1681,EAS,2017,10612.7930790259,95.3640917843833,59.8037083838459,,6.47098093452568
1682,EAS,2018,11487.5096772887,95.9404015370252,60.8515259788814,,6.48194468217179
1683,EAS,2019,11677.4429355606,96.4380766594786,61.7435560127223,,6.65304721759853
1684,EAS,2020,11697.5156784805,96.83193149878,62.3741418144863,,6.9680738796086
1685,EAS,2021,13416.9773441612,97.005135071124,63.2351929830371,,6.84375302983575
1686,EAS,2022,13219.5863562213,97.3296492736389,63.6828244393002,,7.02914931598654
1687,EAS,2023,13251.5119797804,97.5227482132709,64.0244370902805,,6.8203923602249
1688,EAS,2024,13482.4788785045,,64.3743990279048,,
1689,EAS,2025,14077.2712026283,,64.7709883214594,,
1690,ECA,2000,1790.79766009483,37.626910005721,56.7337504152734,,4.79788824345672
1691,ECA,2001,1529.6291666061,37.790633725525,57.0403250825841,,5.07058829352414
1692,ECA,2002,1771.95605994237,37.9569308172028,57.3793057352578,,5.2847160768668
1693,ECA,2003,2249.77906607995,38.1291367114004,57.7592991522649,,5.35355793256489
1694,ECA,2004,2883.61748103773,38.3037300850588,58.1443868660183,,5.26776278175208
1695,ECA,2005,3576.78042249065,38.4664500289497,58.520684503589,,5.24896610493678
1696,ECA,2006,4142.51945509226,37.9881837868454,58.9220241693206,,5.32505334312613
1697,ECA,2007,5206.58156726071,38.0901945237322,59.3245654612929,,5.26326300415597
1698,ECA,2008,6191.2490187656,38.3457160529815,59.762630366817,,5.1986461043124
1699,ECA,2009,5125.28238536429,38.6382318064592,60.2228045773549,,5.54615517079578
1700,ECA,2010,6044.40742137607,38.9526977500834,60.7251070375303,,5.17710899729487
1701,ECA,2011,6817.02366099691,39.271769960237,61.3214773416833,,4.87847279895427
1702,ECA,2012,7126.81359535263,39.5912341231034,62.2669531526226,,4.88912517200442
1703,ECA,2013,7707.27955254226,39.9347430774236,63.8500039555659,,4.81428803473593
1704,ECA,2014,7334.84338588205,40.2969932431231,65.5655995922325,,4.74397006998561
1705,ECA,2015,6338.80741019255,40.616709392448,66.8135844921441,,4.70512041453542
1706,ECA,2016,6023.54753164072,40.9788296619889,67.2028741800351,,4.87998833998256
1707,ECA,2017,6129.93083517607,41.3314112003313,67.2908425220823,,4.75973189996261
1708,ECA,2018,5947.15360517457,41.6847494495179,67.4464992918229,,4.77847167432374
1709,ECA,2019,6036.15175345642,42.0532363737648,67.7517086172661,,4.96216304740981
1710,ECA,2020,5734.46191312695,42.3788437558442,67.9547177892126,,5.51077956473519
1711,ECA,2021,6632.57221034255,42.6356802883802,68.150425455559,,5.67432085902431
1712,ECA,2022,7264.37321853889,42.4063657420119,68.1628939259503,,4.60928567222668
1713,ECA,2023,8609.12296290637,42.1021454505816,68.1622524490527,,4.92052386059615
1714,ECA,2024,9801.70054676084,,68.2699431236416,,
1715,ECA,2025,11117.61379372,,68.3267539699245,,
1716,ECS,2000,11645.6378071747,31.6581958616994,68.6569733328698,,7.98751595384721
1717,ECS,2001,11750.2018063072,31.7037579622176,68.8662870889579,,8.16201558263681
1718,ECS,2002,12842.35970826,31.7647242502928,69.0578481309501,,8.42762756197175
1719,ECS,2003,15575.04178024,31.8484311323109,69.2484024834728,,8.61415573592863
1720,ECS,2004,18104.0502985006,31.9410264034314,69.4043166751762,,8.596756200234
1721,ECS,2005,19220.7137732995,32.0323665345552,69.5656545250357,,8.57570663992754
1722,ECS,2006,20762.3175860338,32.0144228245903,69.7661315979996,,8.50374799924686
1723,ECS,2007,24200.3324793455,32.1053619689612,69.9675738648992,,8.41064204062133
1724,ECS,2008,26536.4846361214,32.2371623206761,70.1642887567137,,8.58662326403092
1725,ECS,2009,23278.878278705,32.3643178042915,70.352331842697,,9.38827509913138
1726,ECS,2010,23731.6668640025,32.4813118378398,70.5831396534732,,9.15948655084632
1727,ECS,2011,26273.0443343471,32.5551223781581,70.8155293928508,,8.99552810622042
1728,ECS,2012,25199.9785660563,32.6827301153425,71.1504938153916,,9.01710859084387
1729,ECS,2013,26236.2854279738,32.8048340987227,71.6786349261689,,9.06395145684957
1730,ECS,2014,26517.017870416,32.9385160145052,72.2373791056216,,9.1720994556375
1731,ECS,2015,22742.4739859372,33.0779490017044,72.6866596702429,,9.25808589676473
1732,ECS,2016,22554.6821198127,33.2251913568757,72.930310614191,,9.29785092615155
1733,ECS,2017,23839.7319723826,33.3531359178214,73.0395942866041,,9.2120235707664
1734,ECS,2018,25435.6875035469,33.4742917946453,73.1814390087833,,9.23422287021077
1735,ECS,2019,25045.1218961925,33.6025648388096,73.3626410452614,,9.31360378499354
1736,ECS,2020,24187.2451763556,33.6710333283628,73.4955944360825,,10.4824373522423
1737,ECS,2021,27700.9996673888,33.6969892911406,73.6225305947295,,10.379372171451
1738,ECS,2022,27968.286148204,33.6933566120441,73.729597001213,,9.70943230869969
1739,ECS,2023,30015.7640895399,33.7126283069936,73.843585823465,,9.58496768550451
1740,ECS,2024,31630.8552937604,,73.9693471857728,,
1741,ECS,2025,34603.480892464,,74.0723400318719,,
1742,ECU,2000,1382.23421759909,51.0919874375906,60.6865005107058,0.3,3.57367969
1743,ECU,2001,1791.30359685037,51.9839748751812,61.0123544006659,0.3,4.06365538
1744,ECU,2002,2059.1585535974,52.9009180222258,61.2871268050958,0.4,4.81404829
1745,ECU,2003,2315.62215223014,53.8424303430504,61.5418469886978,0.4,5.79232407
1746,ECU,2004,2586.20914663347,54.7942543082622,61.7829573274038,0.4,5.88152218
1747,ECU,2005,2909.02606014388,55.7503744564342,62.0068704145716,0.4,5.85904884
1748,ECU,2006,3243.67010359339,56.7165847962635,62.2099988435587,0.4,5.93617773
1749,ECU,2007,3478.92488770671,57.6935617651796,62.3887552077227,0.4,5.55722475
1750,ECU,2008,4194.75750661981,58.6857867611532,62.5395521004212,0.4,5.52174902
1751,ECU,2009,4053.36331139298,59.6954179416975,62.6588021150118,0.4,6.03388453
1752,ECU,2010,4520.30959039763,60.7050048316959,62.7405258611644,0.4,6.34925699
1753,ECU,2011,5153.6916424375,61.7097237880496,62.7949053547691,0.4,6.60509682
1754,ECU,2012,5634.08393191094,62.700088581092,62.8408732819135,0.4,6.87859821
1755,ECU,2013,6109.29031510341,63.6460299565147,62.8837286624122,0.4,6.77866411
1756,ECU,2014,6405.79979300441,64.5640360766629,62.9232432195799,0.4,6.76601839
1757,ECU,2015,5976.1596805651,65.4945442100177,62.959188676731,0.4,7.76786041
1758,ECU,2016,5917.63771271481,66.4565107102593,62.9913367571804,0.4,7.58817482
1759,ECU,2017,6233.32244797718,67.4807497181511,63.0194591842425,0.4,7.52484131
1760,ECU,2018,6303.91886658338,68.6485223063295,63.0433276812321,0.4,7.83364677
1761,ECU,2019,6205.05765246766,69.8180906748269,63.0627139714638,0.4,7.80878448
1762,ECU,2020,5463.64515348598,70.6477089708488,63.0773897782521,0.4,8.60608387
1763,ECU,2021,6061.32350181711,71.1968674504751,63.0871268249117,0.4,8.37526226
1764,ECU,2022,6515.58528418336,71.7663754227734,63.0901835932266,0.4,7.60183907
1765,ECU,2023,6718.1447938811,72.3952448059269,63.1307729554263,0.4,7.56167889
1766,ECU,2024,6826.5294137822,,63.2376932397602,0.4,
1767,ECU,2025,7125.27618527738,,63.3918189058262,,
1768,EGY,2000,1366.09274372613,73.4173328645336,42.7339398932519,0.1,4.92244291
1769,EGY,2001,1295.1374184163,74.9932482796725,42.7835506765333,0.1,5.40030336
1770,EGY,2002,1116.82884626213,76.587610628359,42.8347629483917,0.1,5.5107379
1771,EGY,2003,1031.27556291284,78.2094007735195,42.8834685533792,0.1,5.2242527
1772,EGY,2004,991.255689145253,79.8407182681199,42.9255593360476,0.1,4.85732365
1773,EGY,2005,1105.53920713903,81.4717002360741,42.9569271409488,0.1,4.92229176
1774,EGY,2006,1298.97900203124,83.0784097644281,42.9729991680104,0.1,4.84190083
1775,EGY,2007,1547.74170735909,84.6614345270983,42.9729666344509,0.1,4.44493246
1776,EGY,2008,1896.21594269779,86.2572595308654,42.9608989120873,0.1,4.46634817
1777,EGY,2009,2161.63964573927,87.9015882264303,42.9383470624904,0.1,4.37870932
1778,EGY,2010,2455.08194645282,89.6037691496308,42.9057175520154,0.1,4.15319157
1779,EGY,2011,2590.64384891965,91.5094268923602,42.8634168470177,0.1,4.35707569
1780,EGY,2012,2996.0677072015,93.5868210357125,42.8118514138525,0.1,4.45891809
1781,EGY,2013,3025.52563552448,95.7693033301522,42.7514277188751,0.1,4.6710043
1782,EGY,2014,3133.39102265541,97.9744376914963,42.6825522284408,0.1,4.77415323
1783,EGY,2015,3306.98159414141,100.052581244663,42.6056314089048,0.1,5.06153202
1784,EGY,2016,3270.6287768197,102.109185795369,42.5210717266225,0.1,5.07462406
1785,EGY,2017,2395.10333299491,104.170030639409,42.4486008687179,0.1,5.34661913
1786,EGY,2018,2484.70315630508,106.165145411623,42.4577177449969,0.1,4.74892998
1787,EGY,2019,2962.98892023003,108.044761665578,42.4812027332648,0.1,4.5994668
1788,EGY,2020,3511.11381026379,109.814781254709,42.5181534630674,0.1,4.15384626
1789,EGY,2021,3827.35415374308,111.464169973379,42.5686062621468,0.1,4.60955143
1790,EGY,2022,4233.30783744856,113.13300517354,42.6325129008032,0.1,4.72362804
1791,EGY,2023,3456.78965212363,115.059291777588,42.7098115041919,0.1,4.88449335
1792,EGY,2024,3338.47371043679,,42.8004363938404,0.1,
1793,EGY,2025,3085.80712036204,,42.9043204925248,,
1794,EMU,2000,19563.0908791645,117.702366334233,73.4895196048799,0.23989161217206,8.61708824315947
1795,EMU,2001,19818.819395825,118.04532958655,73.7626825673801,0.2455553790787,8.71613921949904
1796,EMU,2002,21551.1260975546,118.60815605607,73.9572989412582,0.246868636214013,8.92860721244925
1797,EMU,2003,26413.8767866986,119.220654902355,74.1236631286792,0.249263241653689,9.13400664750876
1798,EMU,2004,30138.8874750838,119.857592212997,74.2754760697791,0.250563730199292,9.15609378041301
1799,EMU,2005,31116.2703580738,120.467664501856,74.4354754280854,0.251280613164811,9.24269508029335
1800,EMU,2006,32961.2886272812,121.039558205345,74.5932608545581,0.307018142193273,9.22280888298696
1801,EMU,2007,37801.9316069832,121.647306425273,74.7231648890742,0.288880943091255,9.12247358961
1802,EMU,2008,41406.6598917961,122.250053655147,74.8278828155237,0.293841223681253,9.41906550214159
1803,EMU,2009,37790.1201693815,122.647441611999,74.9583774003797,0.296021780226421,10.1678744585714
1804,EMU,2010,36841.2601014872,122.878907931343,75.1170270025016,0.252658765449733,10.1260019053426
1805,EMU,2011,39878.1184039802,122.645221913038,75.2498062636401,0.253373563164471,9.9940911653272
1806,EMU,2012,36851.3355744745,122.875474648741,75.4120805085951,0.253909240960836,10.1052983277088
1807,EMU,2013,38455.0565897822,122.953343169661,75.627532415858,0.253726721646671,10.1397655820921
1808,EMU,2014,39333.1197168101,123.13105873458,75.8133540817088,0.254279075008803,10.177981881422
1809,EMU,2015,33928.614137702,123.460553864326,76.0229382546648,0.253757835683992,10.1401120765925
1810,EMU,2016,34690.2425639991,123.747500061746,76.2867357539682,0.253370300929724,10.1089253490342
1811,EMU,2017,36691.2109171985,123.985807688106,76.4140813562854,0.253364555862235,10.0891405040407
1812,EMU,2018,39562.0814189751,124.219887712354,76.5823371318115,0.238927250707219,10.0820642953726
1813,EMU,2019,38679.6118917933,124.506282992356,76.7497988367106,0.235974789085614,10.1419237245918
1814,EMU,2020,37727.4543067337,124.655804198697,76.856499971289,0.236051554381468,11.138451534423
1815,EMU,2021,42432.2915720012,124.711105405293,76.96550965754,0.236378962549337,11.1605764522586
1816,EMU,2022,41105.3462099324,125.04951857618,77.0874793664882,0.239629507083619,10.6586914769033
1817,EMU,2023,44797.6445281418,125.590943523505,77.211826995621,0.257115524369071,10.2899180074654
1818,EMU,2024,46424.2413084574,,77.3400724518483,0.256963746599357,10.77442962542
1819,EMU,2025,50214.0783015991,,77.4751873230132,,
1820,ERI,2000,314.357396753501,22.2478316831683,34.0983619689941,2.3,5.76670074
1821,ERI,2001,325.409161513593,22.8918712871287,34.3253211975098,2.2,5.91931677
1822,ERI,2002,304.775756465092,23.6928514851485,34.5420799255371,2.0,6.68857431
1823,ERI,2003,348.950327077742,24.6921089108911,34.7451286315918,1.9,7.33703375
1824,ERI,2004,426.840947887032,21.4765054072847,34.9324645996094,1.7,7.00984907
1825,ERI,2005,412.753079199423,21.9889099906246,35.1022033691406,1.6,6.8641758
1826,ERI,2006,447.997404727201,22.3422474247986,35.2525177001953,1.4,6.85727453
1827,ERI,2007,480.44762365456,22.6651485964038,35.3820953369141,1.3,5.2786293
1828,ERI,2008,490.066956003333,23.2643755206101,35.4897117614746,1.2,6.57807541
1829,ERI,2009,642.92572288007,23.8530992984597,35.5742034912109,1.1,5.42343187
1830,ERI,2010,539.699512069686,24.3272910774296,35.6346549987793,1.0,4.81866503
1831,ERI,2011,688.68165957684,24.7626561652109,35.6706275939941,1.0,5.1622901
1832,ERI,2012,,25.0820517513238,35.6824264526367,0.9,3.74245787
1833,ERI,2013,,25.3975905581196,35.6713333129883,0.8,4.96813059
1834,ERI,2014,,25.572294764578,35.639720916748,0.8,3.91432381
1835,ERI,2015,,25.6468528978016,35.591007232666,0.7,4.50776815
1836,ERI,2016,,25.8074296058691,35.5254287719727,0.7,3.73838949
1837,ERI,2017,,26.0206072238481,35.4427146911621,0.6,4.15359449
1838,ERI,2018,,26.3695100817645,35.3451042175293,0.6,4.24748898
1839,ERI,2019,,26.7606490641362,35.2352333068848,0.6,4.64806461
1840,ERI,2020,,27.1914115855899,35.116138458252,0.5,4.31117725
1841,ERI,2021,,27.6467466920618,34.9871139526367,0.5,4.17839003
1842,ERI,2022,,28.1358115568642,34.8469276428223,0.5,3.87537837
1843,ERI,2023,,28.638732049164,34.696403503418,0.4,3.6837678
1844,ERI,2024,,,34.5365524291992,0.4,
1845,ERI,2025,,,34.5404504255216,,
1846,ESP,2000,14743.2671031455,81.2983246492986,76.1650552349602,0.5,6.80217838
1847,ESP,2001,15368.2337984435,81.9433763941266,76.3156889510385,0.5,6.76929569
1848,ESP,2002,17111.0685058941,83.0225192369349,76.4934217249538,0.5,6.79878616
1849,ESP,2003,21522.0170990262,84.5088139260031,76.709335590859,0.5,7.59223175
1850,ESP,2004,24925.0267844576,85.9848050803317,76.9549627547133,0.5,7.68447876
1851,ESP,2005,26450.9530130382,87.4654972049129,77.2206801920294,0.5,7.77807474
1852,ESP,2006,28421.686527407,88.9761493446631,77.4968648783202,0.5,7.87072468
1853,ESP,2007,32652.015594702,90.6149005229308,77.7738937890987,0.4,7.96241188
1854,ESP,2008,35603.248328071,92.1293223736969,78.0421438998777,0.4,8.4290638
1855,ESP,2009,32279.8208476151,92.9750651746681,78.2919921861701,0.4,9.1530304
1856,ESP,2010,30658.7422282912,93.1519309613808,78.5138156234888,0.4,9.16992569
1857,ESP,2011,31824.6219134777,93.5078358806114,78.695397956495,0.4,9.21749687
1858,ESP,2012,28456.4438151477,93.5068371284061,78.8455680301618,0.4,9.2189045
1859,ESP,2013,29228.846559842,93.169262909578,78.9858086902112,0.4,9.13714981
1860,ESP,2014,29707.765509467,92.8824553687451,79.1196713833488,0.4,9.1512289
1861,ESP,2015,25982.4416197775,92.907597351004,79.2454892743023,0.4,9.17553329
1862,ESP,2016,26755.6061149398,92.9973717081295,79.3615955277997,0.4,8.88084984
1863,ESP,2017,28381.3425596906,93.2268622784207,79.4663233085683,0.4,9.0217495
1864,ESP,2018,30602.4212881113,93.638281089712,79.5580057813361,0.3,9.07122517
1865,ESP,2019,29786.5245689007,94.3181087826492,79.6349761108307,0.3,9.21539497
1866,ESP,2020,27233.9426461608,94.802910688937,79.6955674617799,0.3,10.79479218
1867,ESP,2021,30799.4775937775,94.9382927184248,79.7846242983598,0.3,10.34419918
1868,ESP,2022,30319.4987196616,95.626963633201,79.9548794567814,0.3,9.6799593
1869,ESP,2023,33493.2225409111,96.7636173412149,80.128491001856,0.3,9.2206583
1870,ESP,2024,35326.7683069278,,80.315199821207,0.3,
1871,ESP,2025,38627.2472148623,,80.5149251039138,,
1872,EST,2000,4070.60902410208,32.9555319650861,67.385529072627,0.1,5.17029095
1873,EST,2001,4502.66614992392,32.7462845010616,67.3926456349791,0.2,4.78399181
1874,EST,2002,5343.18310760735,32.5395140363293,67.4090870965661,0.3,4.70192671
1875,EST,2003,7205.40703313243,32.3359282849729,67.4341760348669,0.4,5.13748884
1876,EST,2004,8916.0728274602,32.1431941495636,67.467351453949,0.5,5.33641052
1877,EST,2005,10414.6381183565,31.9597782495872,67.5080523578799,0.5,5.29434633
1878,EST,2006,12641.4800976473,31.7718801604152,67.5557177507269,0.6,4.97308683
1879,EST,2007,16745.4308011148,31.6272705826846,67.6097866365576,0.6,5.18429422
1880,EST,2008,18205.9064113446,31.5425807973579,67.6696980194394,0.7,5.95694113
1881,EST,2009,14712.4494217916,31.4818353385232,67.7348909034398,0.7,6.84443808
1882,EST,2010,14663.7041018705,31.4101203113942,67.8048042926262,0.8,6.59404182
1883,EST,2011,17555.5455239426,31.3149091766926,67.8775556334506,0.8,6.05471659
1884,EST,2012,17568.2137969714,31.2030195800896,67.9629593320316,0.8,6.03782082
1885,EST,2013,19310.3874900757,30.3196917414309,68.0923458296768,0.8,6.19788504
1886,EST,2014,20581.7898991695,30.2402806533241,68.2668382808032,0.8,6.26286125
1887,EST,2015,17722.1557669523,30.26011042098,68.4796609690553,0.8,6.52138662
1888,EST,2016,18666.3736521706,30.2689210950081,68.724038178078,0.8,6.56918621
1889,EST,2017,20851.5223496861,30.816,68.9931941915158,0.8,6.46636105
1890,EST,2018,23618.1361254581,30.9234385964912,69.2803532930133,0.8,6.56314421
1891,EST,2019,24021.2501413306,31.0385497076023,69.5787397662154,0.8,6.64763546
1892,EST,2020,23933.9939421065,31.0999298245614,69.8815778947665,0.8,7.47179365
1893,EST,2021,27951.1659277744,31.1329122807018,70.1777274135822,0.8,7.47591066
1894,EST,2022,28340.3826549406,31.5665808565411,70.4892333736738,0.8,6.93641424
1895,EST,2023,30264.0064885057,32.0684764802247,70.6770085523126,0.7,7.47082138
1896,EST,2024,31428.3547816104,,70.6981161541961,0.7,7.83648062
1897,EST,2025,34417.6320815138,,70.7208526598129,,
1898,ETH,2000,122.269202606069,67.411494,14.9193096160889,2.7,4.36504698
1899,ETH,2001,118.457204255261,69.487762,15.1177673339844,2.6,4.72316694
1900,ETH,2002,109.593813612988,71.635517,15.333233833313,2.4,4.7126298
1901,ETH,2003,116.800491132777,73.832663,15.5438537597656,2.2,4.89970922
1902,ETH,2004,133.169812538096,67.4086372526321,15.7585906982422,2.0,4.31281853
1903,ETH,2005,158.243458082465,69.4377847665754,15.982967376709,1.8,4.10098124
1904,ETH,2006,189.345737521418,71.5067748631684,16.2148475646973,1.7,4.45757294
1905,ETH,2007,237.146255996319,73.6318622061839,16.0948330261902,1.6,5.00128317
1906,ETH,2008,316.410475118075,75.7983969601131,16.7936706542969,1.5,4.28063869
1907,ETH,2009,368.574712267445,77.9802631357432,17.1511001586914,1.4,4.6496563
1908,ETH,2010,330.619412798644,80.224030211657,17.4937839508057,1.4,5.46637249
1909,ETH,2011,343.024942351887,82.537679592612,17.863790512085,1.3,4.46897745
1910,ETH,2012,452.101031885754,84.8841807786957,18.2061367034912,1.3,4.5395956
1911,ETH,2013,484.039833104062,87.224157853982,18.615514755249,1.2,4.07506514
1912,ETH,2014,549.986577082588,89.598740246565,19.0262870788574,1.2,4.03365517
1913,ETH,2015,597.912113218663,92.0367822337439,19.451566696167,1.1,3.82316828
1914,ETH,2016,641.651523286233,94.5614799764478,19.8763618469238,1.1,3.60033751
1915,ETH,2017,696.348429076216,97.1744352590326,20.3084850311279,1.0,3.45336914
1916,ETH,2018,739.702022272086,99.8298825389562,20.7838096618652,1.0,3.30371761
1917,ETH,2019,793.473247218996,102.552159549746,21.2486705780029,0.9,3.24287128
1918,ETH,2020,829.790982552951,105.370090895445,21.6260051727295,0.9,3.48096275
1919,ETH,2021,893.009835441784,108.230378298522,22.1067085266113,0.8,3.20779967
1920,ETH,2022,982.103161502198,111.107151376678,22.7367687225342,0.8,2.85298109
1921,ETH,2023,1055.81091593061,114.037952012,23.0586471557617,0.7,2.80310345
1922,ETH,2024,1133.88279681256,,23.6222839355469,0.7,
1923,ETH,2025,932.729352775179,,24.1096952088946,,
1924,EUU,2000,16956.0404946054,107.66980077833,71.5199736472839,,8.41964012830728
1925,EUU,2001,17208.9035778997,107.827113593412,71.7569992027077,,8.53929053765673
1926,EUU,2002,18773.5039434434,108.113909084466,71.9446161852977,,8.75947964830519
1927,EUU,2003,22991.2367735241,108.507567114329,72.0888509718286,,8.9737910886998
1928,EUU,2004,26335.8502555339,108.928030758102,72.230887310077,,8.97755562430472
1929,EUU,2005,27400.009679177,109.336079475171,72.4002351707177,,9.03863122718601
1930,EUU,2006,29169.3897071187,109.724230221686,72.5614920699129,,8.99860806976406
1931,EUU,2007,33682.862816778,110.11009237548,72.6886302974583,,8.88715189946006
1932,EUU,2008,37160.0102168184,110.495647070407,72.821398818322,,9.15756895956265
1933,EUU,2009,33632.1592985196,110.750358726035,72.9468469621213,,9.90671336733812
1934,EUU,2010,33119.5730126034,110.890000541697,73.1092331195545,0.237898699845624,9.84090766528016
1935,EUU,2011,35963.3218067157,110.723497638419,73.2162096061221,0.238449755299314,9.77039206722476
1936,EUU,2012,33324.7758491129,110.883823784719,73.3526656193263,0.238867127606608,9.88290732858803
1937,EUU,2013,34804.7359239781,110.934402827864,73.5376776618371,0.238598607333343,9.92788298240444
1938,EUU,2014,35590.1074295737,111.037730406625,73.6983165180291,0.238992374571698,9.95490367936825
1939,EUU,2015,30771.6635221374,111.273827737509,73.8743742665848,0.238448908792536,9.90435202048575
1940,EUU,2016,31456.903580129,111.484365533783,74.089077283109,0.238039111657352,9.88833716120595
1941,EUU,2017,33394.5944932308,111.666124598782,74.1940799110393,0.238026248192535,9.85036406670765
1942,EUU,2018,36076.9018014875,111.845604125759,74.3280995844319,0.225110959354663,9.82989036363975
1943,EUU,2019,35374.1493923083,112.062568378947,74.4596491524844,0.228004032644709,9.8723711185958
1944,EUU,2020,34694.7105012203,112.052422547828,74.5499802167242,0.228043318958844,10.7994106667147
1945,EUU,2021,39206.9663368683,111.887551559999,74.6469430900615,0.228297472199647,10.8123235004203
1946,EUU,2022,38066.8240398192,112.13484860561,74.7659682006806,0.231172362671713,10.3013535917408
1947,EUU,2023,41566.8992410802,112.553231055493,74.8943502719612,0.251327015970894,9.99899300228438
1948,EUU,2024,43313.7668203916,,75.0300099964199,,10.5422385397464
1949,EUU,2025,47089.1638419269,,75.1738610583145,,
1950,FIN,2000,24335.9225082659,16.9940214714863,67.1227685349539,,7.09544373
1951,FIN,2001,24965.202996776,17.0327587905053,67.4982392821958,,7.25165653
1952,FIN,2002,26989.389260959,17.0740930431071,67.7951641569199,,7.63005877
1953,FIN,2003,32920.0857192568,17.1148560359828,68.0425549126858,,7.93988276
1954,FIN,2004,37768.1334202029,17.1646212941988,68.2766596767133,,8.05999184
1955,FIN,2005,39049.8703780223,17.2234676122,68.5140529517604,,8.28901291
1956,FIN,2006,41214.0187765069,17.3169839860577,68.7588279849327,,8.2858429
1957,FIN,2007,48473.0240091455,17.3919563287185,69.0200377316963,,8.08415604
1958,FIN,2008,53769.4726240385,17.4840375123396,69.2943672196361,,8.34362221
1959,FIN,2009,47478.3495310999,17.5678545574202,69.546259966947,,9.16182804
1960,FIN,2010,46506.2919016566,17.6484106614018,69.7855798796947,,9.14183331
1961,FIN,2011,51060.3242589767,17.7309947678436,70.0583261874252,,9.23903561
1962,FIN,2012,47551.6740841369,17.8155615518773,70.3661363168712,,9.61732101
1963,FIN,2013,49691.0145200739,17.8978314521702,70.6742118159277,,9.84504986
1964,FIN,2014,50073.7760815871,17.9720030274112,70.9879168940753,,9.83066177
1965,FIN,2015,42560.3456767103,18.0301108880919,71.3054930040604,,9.69998264
1966,FIN,2016,43451.2562442158,18.0820078312658,71.6158383428171,,9.45625591
1967,FIN,2017,46085.0174739036,18.1238944459068,71.9563038312956,,9.19148445
1968,FIN,2018,49654.2497035329,18.1479501184522,72.3423467740343,,9.10587025
1969,FIN,2019,48358.1807773701,18.1673609054717,72.7431214358314,,9.22295189
1970,FIN,2020,48828.6846862799,18.1928768835954,73.0849439791673,,9.69977188
1971,FIN,2021,53099.1351400148,18.2301659134121,73.3710215780329,,9.90969753
1972,FIN,2022,50440.560224974,18.2798093224591,73.6967597835949,,9.74152565
1973,FIN,2023,52864.6931581216,18.3705454665088,74.0062548602828,,10.47389507
1974,FIN,2024,53155.5451165897,,74.2637190463636,,
1975,FIN,2025,56148.580949046,,74.5247844319848,,
1976,FJI,2000,1995.72071163264,46.0267651888342,48.0649880871211,0.1,3.42441177
1977,FJI,2001,1944.997414609,46.5022441160372,48.4287914591462,0.1,2.90547299
1978,FJI,2002,2136.56794118683,46.9649151614669,48.7795139144731,0.1,2.98349524
1979,FJI,2003,2655.58079586044,47.415763546798,49.1260494882891,0.1,2.97298193
1980,FJI,2004,3097.19096651759,47.8580186097428,49.4772922157817,0.1,3.25768542
1981,FJI,2005,3377.69126953493,48.2966064586754,49.8421361321385,0.1,3.25656676
1982,FJI,2006,3455.10599907349,48.7337164750958,50.2294752725468,0.1,3.34798193
1983,FJI,2007,3762.74692789299,49.1424192665572,50.6494569776975,0.1,3.41514993
1984,FJI,2008,3899.92231512129,49.4471264367816,51.0979752573339,0.1,3.18467116
1985,FJI,2009,3164.13275408169,49.6573070607553,51.5628013169579,0.1,3.53587627
1986,FJI,2010,3449.14452883369,49.8313628899836,52.0415147785104,0.1,3.41664124
1987,FJI,2011,4139.60288609702,49.972030651341,52.5335449475105,0.1,3.14293504
1988,FJI,2012,4341.40338748749,50.0776135741653,53.0383211294771,0.1,3.2655499
1989,FJI,2013,4572.44377544245,50.1561029009305,53.5552726299291,0.1,3.20040679
1990,FJI,2014,5293.35676680464,50.2235905856596,54.0838287543856,0.1,3.36860466
1991,FJI,2015,5097.53106864695,50.2779419813903,54.6234188083653,0.1,3.32468939
1992,FJI,2016,5363.79026679243,50.3101258894362,55.1734720973874,0.2,3.27979708
1993,FJI,2017,5826.84814459328,50.2878489326765,55.7408343449609,0.2,3.18689561
1994,FJI,2018,6085.41979485376,50.2014230979748,56.2328347385698,0.3,4.10572624
1995,FJI,2019,5842.07344577597,50.0765736179529,56.70989552257,0.3,4.28229284
1996,FJI,2020,4620.6457238014,50.0800766283525,57.186684691874,0.4,5.28987408
1997,FJI,2021,4536.73312110335,50.1757525998905,57.6618364761928,0.5,7.06084681
1998,FJI,2022,5414.12092119088,50.3241379310345,58.1352701465266,0.7,4.01752949
1999,FJI,2023,5926.20586394763,50.5826491516147,58.6069049738768,0.8,3.61524153
2000,FJI,2024,6425.74151715712,,59.0766602292457,1.0,
2001,FJI,2025,6642.00449450523,,59.5444551836369,,
2002,FRA,2000,22340.5939516217,113.032119862696,76.5143983146093,0.2,9.61744022
2003,FRA,2001,22331.7948343036,113.859127933946,76.9074413607811,0.2,9.75719261
2004,FRA,2002,24144.5727019529,114.6899378421,77.2543866607525,0.2,10.08250141
2005,FRA,2003,29479.5222101175,115.50209666945,77.4691216035138,0.2,10.13474941
2006,FRA,2004,33644.9282220364,116.351401799796,77.4900500011961,0.2,10.2117033
2007,FRA,2005,34696.3718316971,117.229527785509,77.4363315105438,0.2,10.23720551
2008,FRA,2006,36431.5658906555,118.048690973189,77.3467240068648,0.3,10.39764977
2009,FRA,2007,41486.1907828787,118.780758883013,77.2457976606157,0.3,10.33418846
2010,FRA,2008,45464.8181385158,119.445432785973,77.1561901569367,0.3,10.51340675
2011,FRA,2009,41728.0884164132,120.060183690509,77.1005391809676,0.3,11.29095459
2012,FRA,2010,40694.8211697025,120.653513312923,77.0962844808803,0.3,11.22430801
2013,FRA,2011,43929.7840873812,121.237276185175,77.1182717387509,0.3,11.17601013
2014,FRA,2012,40863.5814412333,121.825139623342,77.1669464919916,0.3,11.33749485
2015,FRA,2013,42669.1795111893,122.456502458484,77.2440721470918,0.3,11.37891197
2016,FRA,2014,43148.0459288416,123.039367288246,77.3524296788613,0.3,11.57935429
2017,FRA,2015,36702.4323733379,123.477636144355,77.7610919150066,0.3,11.50032997
2018,FRA,2016,37024.2157133669,123.803885332591,78.5999114705779,0.3,11.57036018
2019,FRA,2017,38687.1626407164,124.163688653864,78.6467804026368,0.3,11.44944572
2020,FRA,2018,41418.1766484844,124.609607570276,78.6714432536599,0.3,11.30847645
2021,FRA,2019,40408.2848574751,125.024698023935,78.6890784549356,0.3,11.17058277
2022,FRA,2020,39169.8606000707,125.431134613601,78.7119131765249,0.3,12.12949371
2023,FRA,2021,43725.0999521245,125.879601076167,78.7364603392338,0.3,12.24894238
2024,FRA,2022,40988.6396406579,126.513511457464,78.7591921123356,0.3,11.82888794
2025,FRA,2023,44700.1384177544,126.862020595603,78.7804323126547,0.3,11.51974583
2026,FRA,2024,46103.0840855884,,78.7999750964116,,11.53530598
2027,FRA,2025,48985.7307807924,,78.8449650563584,,
2028,FRO,2000,23322.7593357515,32.7750716332378,35.6986770629883,,
2029,FRO,2001,24879.7729617864,33.4061604584527,35.9342155456543,,
2030,FRO,2002,26937.6505602847,33.9075931232092,35.9365425109863,,
2031,FRO,2003,31269.6031997217,34.4068767908309,36.1276473999023,,
2032,FRO,2004,35647.5440400531,34.6590257879656,36.317985534668,,
2033,FRO,2005,36389.081644098,34.64111747851,36.3320579528809,,
2034,FRO,2006,41743.6812847661,34.6239255014327,36.4584197998047,,
2035,FRO,2007,48348.7393711011,34.6547277936963,36.2929878234863,,
2036,FRO,2008,51287.8911081663,34.775787965616,36.4679222106934,,
2037,FRO,2009,47060.1592550833,34.9498567335244,36.8888092041016,,
2038,FRO,2010,47924.1364756678,34.8538681948424,37.2536926269531,,
2039,FRO,2011,51620.0541648551,34.7722063037249,37.2975959777832,,
2040,FRO,2012,50263.0024625867,34.5916905444126,37.3244972229004,,
2041,FRO,2013,55759.364098362,34.5594555873925,37.7414817810059,,
2042,FRO,2014,60173.3057854661,34.6898280802292,37.9093894958496,,
2043,FRO,2015,52638.2668218454,35.0272206303725,38.1431503295898,,
2044,FRO,2016,56876.4302363804,35.4319484240688,38.3200225830078,,
2045,FRO,2017,59388.5365965776,35.9448424068768,38.3324699401855,,
2046,FRO,2018,62525.2647698273,36.5308022922636,38.4058837890625,,
2047,FRO,2019,63070.7228080361,37.0988538681948,38.3945655822754,,
2048,FRO,2020,62247.9273907098,38.4780380673499,38.6689987182617,,
2049,FRO,2021,69421.6981686515,38.8985401459854,38.8083763122559,,
2050,FRO,2022,67069.3987440509,39.3452554744526,38.9959824546757,,
2051,FRO,2023,72486.6910957957,39.7065693430657,39.1975270123645,,
2052,FRO,2024,74175.2776311377,,39.4132325882965,,
2053,FRO,2025,,,39.643321785446,,
2054,FSM,2000,2049.34490021777,160.062857142857,22.3299999237061,,7.76511145
2055,FSM,2001,2103.74849819784,160.521428571429,22.3299999237061,,8.48781967
2056,FSM,2002,2113.45955463859,160.64,22.3299999237061,,7.96301365
2057,FSM,2003,2145.87789998664,160.407142857143,22.3299999237061,,9.65028286
2058,FSM,2004,2104.42796515524,159.892857142857,22.3299999237061,,12.23538685
2059,FSM,2005,2216.9963738197,159.16,22.3299999237061,,17.94844818
2060,FSM,2006,2257.76445195026,158.184285714286,22.3275140420008,,10.87018681
2061,FSM,2007,2302.51183108846,156.971428571429,22.3208324539882,,11.23334217
2062,FSM,2008,2395.90218109716,155.622857142857,22.3111192453232,,12.08326721
2063,FSM,2009,2565.83639782506,154.224285714286,22.2995385016606,,12.68854141
2064,FSM,2010,2715.26873721406,153.628571428571,22.2903529875138,,13.3306675
2065,FSM,2011,2859.8488365615,153.854285714286,22.2914664135472,,13.222826
2066,FSM,2012,3003.05867086848,154.128571428571,22.2942568788425,,12.39077377
2067,FSM,2013,2904.1536796737,154.458571428571,22.2986323961146,,12.21770954
2068,FSM,2014,2915.23672460238,154.851428571429,22.3046193122479,,11.83491802
2069,FSM,2015,2869.86276169101,155.308571428571,22.3122336099411,,12.62341213
2070,FSM,2016,2997.93719917488,155.821428571429,22.3214896137555,,13.33481121
2071,FSM,2017,3297.37580036719,156.401428571429,22.332401189542,,12.40742493
2072,FSM,2018,3584.78377566896,157.012857142857,22.3449820355433,,11.93961334
2073,FSM,2019,3581.72684572278,157.545714285714,22.359245777081,,11.87363148
2074,FSM,2020,3362.02802120524,158.451428571429,22.3752060036598,,11.98479271
2075,FSM,2021,3508.22314197664,159.462857142857,22.3928762855411,,11.37430477
2076,FSM,2022,3703.66680343222,160.162857142857,22.4122701819053,,12.62718964
2077,FSM,2023,3933.01607031874,160.9,22.4334012451903,,12.88087559
2078,FSM,2024,4251.69052668788,,22.4562830235421,,
2079,FSM,2025,4414.00737137479,,22.4809290622703,,
2080,GAB,2000,3982.906200928,4.950409438429,79.5660404650438,4.7,2.90471101
2081,GAB,2001,3835.75718279727,5.08242713548337,80.4090993437448,4.8,3.15198207
2082,GAB,2002,3966.48001864663,5.22037877905849,81.2205241874174,4.8,3.32970691
2083,GAB,2003,4710.74862768151,5.36480769977103,81.9970830091574,4.7,3.53648472
2084,GAB,2004,5465.79193590708,5.5171692474871,82.7355438220611,4.7,3.36498594
2085,GAB,2005,6547.87613955186,5.67972600613187,83.4326746392243,4.6,2.92175174
2086,GAB,2006,6847.00985685394,5.85375480265456,84.0852434737431,4.6,3.14623928
2087,GAB,2007,8003.54289696049,6.03965149221873,84.6900183387136,4.5,3.0834198
2088,GAB,2008,9688.64519690633,6.23733845616486,85.2437672472316,4.4,2.84760666
2089,GAB,2009,7290.57526093114,6.44838747234835,85.7432582123932,4.4,3.78076673
2090,GAB,2010,8356.74662013345,6.67473512632437,86.1852592472945,4.3,2.47556901
2091,GAB,2011,10219.1139339454,6.91576434974968,86.5665383650315,4.2,2.55771565
2092,GAB,2012,9296.96587941088,7.16765242364264,86.8838635787001,4.1,2.42097569
2093,GAB,2013,9197.70106323947,7.42445375868359,87.1482480671637,4.0,2.84087205
2094,GAB,2014,9201.36276648105,7.67803391935421,87.6236017962969,4.0,2.53282261
2095,GAB,2015,7047.12654634355,7.92094151434005,88.085308383892,3.9,2.65743947
2096,GAB,2016,6677.07003901644,8.15114681569449,88.5445883406178,3.8,3.1076982
2097,GAB,2017,6921.73373135624,8.37078433655451,89.0009733256896,3.7,2.78068876
2098,GAB,2018,7624.2775233771,8.58585788023441,89.4539949981866,3.6,2.75235105
2099,GAB,2019,7441.1786472281,8.80081499592502,89.9031850170394,3.4,2.76837039
2100,GAB,2020,6605.80346077904,9.01361819381379,90.3480750410147,3.3,3.4401269
2101,GAB,2021,8181.40914134398,9.22389878526798,90.7881967286967,3.2,2.79254127
2102,GAB,2022,8409.20741452279,9.43356618931191,91.2243355459988,3.0,2.89087176
2103,GAB,2023,7802.82433276138,9.64329956921644,91.6375962797313,2.9,3.13430715
2104,GAB,2024,8230.04311451151,,91.8632094677575,2.8,
2105,GAB,2025,8263.03321595,,92.0876666682068,,
2106,GBR,2000,28383.8761094996,243.427908899268,79.8241408315172,,7.14559078
2107,GBR,2001,28013.8729635508,244.366854048692,79.9838301298823,,7.43276882
2108,GBR,2002,30158.7017807858,245.40354234696,80.1146062677742,,7.85946798
2109,GBR,2003,34556.7726095905,246.548906708552,80.2331593332802,,8.05214596
2110,GBR,2004,40504.4118103928,247.955627660894,80.3423284929998,,8.32219028
2111,GBR,2005,42240.2462987547,249.663977183483,80.4455938127627,,8.38108349
2112,GBR,2006,44695.161023424,251.50589013351,80.5464353583991,,8.53970814
2113,GBR,2007,50629.0799172887,253.471925763651,80.6483331957387,,8.76035309
2114,GBR,2008,47652.4030691881,255.474703426611,80.7547673906116,,9.03295708
2115,GBR,2009,39009.3715547821,257.414417393461,80.8692180088478,,9.83944035
2116,GBR,2010,39778.3220528565,259.440189310958,80.995165116277,,9.78799534
2117,GBR,2011,42295.9273835322,261.475674781962,81.1359685592627,,9.79682636
2118,GBR,2012,42688.3263728372,263.344769148101,81.2905667759508,,9.89332199
2119,GBR,2013,43607.6636827371,265.109742487496,81.4573768694887,,9.99087143
2120,GBR,2014,47746.9810645521,267.097920886207,81.6355750750722,,9.97686195
2121,GBR,2015,45256.040227057,269.032364733601,81.8243772295647,,9.94044876
2122,GBR,2016,41258.5374285695,271.177613359236,82.0229991698295,0.2,9.87085724
2123,GBR,2017,40918.0520870944,272.657380233952,82.23065673273,0.2,9.70468903
2124,GBR,2018,43704.3162296687,273.992477162816,82.4465657551295,0.2,9.79496574
2125,GBR,2019,43160.6843971799,275.401975778118,82.6699420738913,0.2,9.97954082
2126,GBR,2020,40815.1255364787,275.864919604844,82.9000015258789,0.2,12.10388088
2127,GBR,2021,47695.6491523474,276.848675236639,82.9886431523641,0.2,12.08347321
2128,GBR,2022,47034.7795621476,279.568470218658,83.0753982997505,0.2,11.09679794
2129,GBR,2023,49919.6896621586,283.247220270326,83.1601932891335,0.2,10.99128914
2130,GBR,2024,53341.3131094262,,83.2429544416085,,11.133358
2131,GBR,2025,57601.9621201954,,83.323608078271,,
2132,GEO,2000,749.908534993961,71.3308898141992,52.4935999592259,0.1,7.194592
2133,GEO,2001,801.98383707929,70.232915777319,52.4098165040349,0.1,7.16950893
2134,GEO,2002,853.526171868939,69.6055670247384,52.4127676027039,0.1,7.81474257
2135,GEO,2003,1010.03151630868,69.13705867945,52.5144705663341,0.1,8.02952862
2136,GEO,2004,1305.04748557208,68.7102417859267,52.7173199317225,0.1,8.08910847
2137,GEO,2005,1642.78359414797,68.2751145946324,53.0036280624359,0.1,8.07734203
2138,GEO,2006,1996.02013272284,67.8880821582281,53.3593916521584,0.1,7.63208008
2139,GEO,2007,2635.36650276116,67.5348682599111,53.7706073945741,0.1,7.43517828
2140,GEO,2008,3324.7537205015,67.3300150460128,54.2232719833673,0.1,8.44424057
2141,GEO,2009,2822.68939668797,66.7346478183281,54.7033821122222,0.1,9.56681633
2142,GEO,2010,3281.72930937343,66.2496063543161,55.1969344748228,0.1,9.02123737
2143,GEO,2011,4119.66818307193,65.7203016200707,55.6899257648533,0.1,7.88224316
2144,GEO,2012,4530.69533409431,65.238006928164,56.1683526759979,0.1,7.95168972
2145,GEO,2013,4712.00229382665,65.0419538822212,56.6182119019407,0.2,8.00574589
2146,GEO,2014,4830.33486170249,65.0725007872914,57.0237612994258,0.2,8.2940836
2147,GEO,2015,4086.6223465965,65.1750586094685,57.3803800455672,0.2,8.6599493
2148,GEO,2016,4143.40125686315,65.2140557752196,57.6984032005062,0.2,9.07258892
2149,GEO,2017,4418.75206546679,65.2227859617201,57.9996827205757,0.3,8.70140266
2150,GEO,2018,4804.0546040444,65.197330207495,58.3038181862576,0.3,7.75524616
2151,GEO,2019,4741.2832715876,65.0855698239966,58.6304091780343,0.3,7.31291389
2152,GEO,2020,4300.85701291207,65.1302704783232,58.9990552763878,0.3,9.22991848
2153,GEO,2021,5083.60695484577,64.8834808775675,59.4293560618005,0.3,10.53835487
2154,GEO,2022,6729.84659930283,64.9515728331992,60.0101622679115,0.4,8.29634285
2155,GEO,2023,8283.66960652261,65.0037265124742,60.7523077799724,0.4,6.85758877
2156,GEO,2024,8967.67525638987,,61.0789605093733,0.4,
2157,GEO,2025,9691.53472415196,,61.1781364090406,,
2158,GHA,2000,253.746936203344,86.301692010196,43.9373786640616,2.6,1.66343236
2159,GHA,2001,263.542156494853,88.6308736925376,44.6410507317701,2.5,1.86866331
2160,GHA,2002,297.46164468774,91.1021710468489,45.3484692124806,2.4,1.94694591
2161,GHA,2003,358.39927142073,93.5954337698866,46.0547973581418,2.4,2.14935279
2162,GHA,2004,406.132105329565,96.1074887931792,46.7572004525685,2.3,2.36955285
2163,GHA,2005,478.611909191028,98.6615012745012,47.4528437795757,2.2,3.27344108
2164,GHA,2006,906.441027564887,101.260007031731,48.1388926229785,2.1,3.67208791
2165,GHA,2007,1050.12461524926,103.903836688055,48.8125122665918,2.1,3.70900321
2166,GHA,2008,1182.65761256016,106.574430869298,49.4708679942306,2.0,3.72533512
2167,GHA,2009,1047.70430093586,109.267223345346,50.1111250897099,2.0,4.17717743
2168,GHA,2010,1263.89251760539,111.958315021535,50.7296926788704,1.9,4.52302933
2169,GHA,2011,1507.43573198753,114.683519381208,51.3304086646488,1.9,4.46374655
2170,GHA,2012,1543.77524235764,117.492607893118,51.9197918381031,1.9,3.93023658
2171,GHA,2013,2294.79584693743,120.357708534763,52.4985794475913,1.9,4.59225416
2172,GHA,2014,1949.90832923846,123.238076821658,53.0663398797148,1.8,4.01644135
2173,GHA,2015,1722.77282833606,126.114388678914,53.6226415210752,1.8,4.54299259
2174,GHA,2016,1912.47991339951,129.017939702909,54.167052758274,1.8,3.39035821
2175,GHA,2017,2012.28662641265,131.88166476224,54.6991419779128,1.7,2.68786979
2176,GHA,2018,2195.32166016377,134.647029093786,55.218477566593,1.7,2.43001175
2177,GHA,2019,2186.65822682613,137.382028101418,55.7246279109161,1.7,3.25450468
2178,GHA,2020,2195.45481659987,140.147712389575,56.2171613974837,1.6,4.4331708
2179,GHA,2021,2445.18662529344,142.918455784436,56.6952556826536,1.6,3.86030865
2180,GHA,2022,2229.89122654479,145.689425270181,57.250609602871,1.6,3.67459154
2181,GHA,2023,2383.90410476221,148.49676310689,57.8074737774654,1.5,2.94686937
2182,GHA,2024,2419.2518672482,,58.3654868038581,1.5,
2183,GHA,2025,3257.1588903576,,58.9246861473125,,
2184,GIB,2000,,2770.9,100.0,,
2185,GIB,2001,,2765.7,100.0,,
2186,GIB,2002,,2783.1,100.0,,
2187,GIB,2003,,2827.4,100.0,,
2188,GIB,2004,,2871.5,100.0,,
2189,GIB,2005,,2916.3,100.0,,
2190,GIB,2006,,2959.4,100.0,,
2191,GIB,2007,,3000.6,100.0,,
2192,GIB,2008,,3041.3,100.0,,
2193,GIB,2009,,3082.3,100.0,,
2194,GIB,2010,,3124.8,100.0,,
2195,GIB,2011,,3166.0,100.0,,
2196,GIB,2012,,3202.9,100.0,,
2197,GIB,2013,,3240.7,100.0,,
2198,GIB,2014,,3281.3,100.0,,
2199,GIB,2015,,3319.3,100.0,,
2200,GIB,2016,,3365.8,100.0,,
2201,GIB,2017,,3424.5,100.0,,
2202,GIB,2018,,3485.4,100.0,,
2203,GIB,2019,,3549.4,100.0,,
2204,GIB,2020,,3617.3,100.0,,
2205,GIB,2021,,3685.8,100.0,,
2206,GIB,2022,,3760.9,100.0,,
2207,GIB,2023,,3847.1,100.0,,
2208,GIB,2024,,,100.0,,
2209,GIB,2025,,,100.0,,
2210,GIN,2000,518.157066924026,34.3025883118997,30.9231105645224,1.5,4.74101353
2211,GIN,2001,483.085120214741,34.75484291063,31.2176948406254,1.5,4.88433027
2212,GIN,2002,495.916073559269,35.3006104509197,31.5131362085814,1.6,5.35653734
2213,GIN,2003,566.48540588068,36.1011761354387,31.8086015036327,1.6,4.77216482
2214,GIN,2004,584.897740538081,36.8823294807097,32.1032575610216,1.7,4.77632809
2215,GIN,2005,463.17768685098,37.6275598241901,32.3962712159907,1.7,4.03452682
2216,GIN,2006,446.980554135013,38.422476802865,32.6868093037822,1.7,3.61526895
2217,GIN,2007,650.148575304743,39.3223221552987,32.9740386596386,1.7,3.48262477
2218,GIN,2008,703.532825784369,40.2851619729774,33.2571261188022,1.7,3.26561713
2219,GIN,2009,662.185914665575,41.2808643985024,33.5352385165154,1.7,3.58146644
2220,GIN,2010,659.235326211315,42.3086684030604,33.8075426880206,1.7,3.42781734
2221,GIN,2011,636.694958747648,43.3697297737262,34.0732054685603,1.7,3.78955102
2222,GIN,2012,699.353377212197,44.4472611102067,34.3313936933767,1.7,3.50398517
2223,GIN,2013,748.455020824734,45.5472611102067,34.5812741977122,1.7,3.46108651
2224,GIN,2014,765.146999389279,46.6910467198437,34.8177920826682,1.7,4.787992
2225,GIN,2015,747.356966759448,47.8881246947745,35.0373191833496,1.7,5.80919266
2226,GIN,2016,711.996509782316,49.1332817841446,35.3100280761719,1.6,5.39694929
2227,GIN,2017,833.598621691121,50.4055795214065,35.5827331542969,1.6,3.91512728
2228,GIN,2018,933.273615633705,51.7042731564382,35.8554382324219,1.6,3.73843002
2229,GIN,2019,1031.34146480732,53.0455233599219,36.1281547546387,1.5,4.08876228
2230,GIN,2020,1053.66097696415,54.4163397362852,36.4802208060551,1.5,3.90094519
2231,GIN,2021,1244.96550477914,55.7973018069347,36.8502178436256,1.5,3.7175858
2232,GIN,2022,1416.59612011764,57.1998087253785,37.2384967469106,1.4,3.83292699
2233,GIN,2023,1555.49375806861,58.6255412664822,37.6454083954705,1.4,3.69442987
2234,GIN,2024,1694.95375862185,,38.0713036688655,1.3,
2235,GIN,2025,1877.2541220972,,38.5165334466562,,
2236,GMB,2000,538.054072348854,143.783003952569,46.9722332873784,1.6,10.78532791
2237,GMB,2001,459.803068381399,147.728359683794,48.3491979765917,1.7,8.29925728
2238,GMB,2002,376.531026962584,151.748122529644,49.5731153377033,1.8,6.2326026
2239,GMB,2003,308.719123437587,155.890415019763,50.6010077995371,1.9,5.29709053
2240,GMB,2004,593.285346326581,160.208695652174,51.5062022597801,1.9,5.42000151
2241,GMB,2005,616.483657865348,164.726976284585,52.3582132660613,2.0,5.386024
2242,GMB,2006,614.544307904464,169.493577075099,53.1603285370566,2.0,5.43720818
2243,GMB,2007,724.726407242432,174.483596837945,53.9196109423854,2.0,4.95501947
2244,GMB,2008,859.127671411226,179.629644268775,54.6431233516671,2.0,4.65938759
2245,GMB,2009,774.888030908091,184.923122529644,55.3379286345209,2.0,4.46430635
2246,GMB,2010,801.033372714536,190.378458498024,56.0110896605662,2.0,4.11944056
2247,GMB,2011,710.608411468152,196.026086956522,56.6696692994225,2.0,4.36967373
2248,GMB,2012,692.579361628102,201.886758893281,57.3207304207091,2.0,4.26872253
2249,GMB,2013,653.862713272743,207.887351778656,57.970305611505,1.9,3.91374874
2250,GMB,2014,568.00453558864,213.886166007905,58.6141799655551,1.9,3.05234575
2251,GMB,2015,619.536364296461,219.815118577075,59.2458499408388,1.9,3.1761291
2252,GMB,2016,650.056501323611,225.668873517787,59.8652472486563,1.8,3.19523716
2253,GMB,2017,642.522641296331,231.441600790514,60.471712657237,1.8,3.35449266
2254,GMB,2018,696.219806960615,237.117786561265,61.0645869348107,1.7,3.18501234
2255,GMB,2019,738.186751987483,242.771146245059,61.643210849607,1.6,3.14534926
2256,GMB,2020,720.335143352133,248.590217391304,62.2069251698555,1.6,4.01436949
2257,GMB,2021,781.890925169531,254.546442687747,62.7550706637859,1.5,3.74321485
2258,GMB,2022,836.244875868476,260.520750988142,63.2869880996278,1.4,3.53697729
2259,GMB,2023,883.024111978927,266.5854743083,63.8020182456108,1.4,2.89250112
2260,GMB,2024,871.340287547821,,64.2994103409645,1.3,
2261,GMB,2025,919.060423427951,,64.9884861325581,,
2262,GNB,2000,316.945495037639,43.9097083926031,36.8412054388232,3.8,4.18953228
2263,GNB,2001,327.138431972397,44.8532361308677,37.1627839410066,4.2,4.12891531
2264,GNB,2002,362.034574570354,45.8501778093883,37.4734924367695,4.4,3.87280011
2265,GNB,2003,419.78486611807,46.8992176386913,37.7773055741583,4.5,3.50201416
2266,GNB,2004,431.376557669634,47.9929943100996,38.0781980012196,4.5,4.27070189
2267,GNB,2005,463.073962650452,49.1317567567568,38.3801443659997,4.4,4.53462505
2268,GNB,2006,448.513075469701,50.3308321479374,38.6871193165452,4.4,5.07826185
2269,GNB,2007,519.069789794741,51.599786628734,39.0030975009025,4.3,4.92573404
2270,GNB,2008,640.210331101753,52.9179943100996,39.3320535671181,4.2,5.35239792
2271,GNB,2009,583.190020139094,54.2808321479374,39.6716434222135,4.1,4.61063194
2272,GNB,2010,600.194298540768,55.702240398293,40.0095596313477,4.0,4.87133694
2273,GNB,2011,719.539573498937,57.1862019914651,40.4391136169434,3.8,6.21634817
2274,GNB,2012,635.461653303881,58.7274893314367,40.8686027526855,3.7,5.94134808
2275,GNB,2013,654.304534409417,60.3119843527738,41.2976379394531,3.6,7.03943443
2276,GNB,2014,652.022501029449,61.9175675675676,41.7271995544434,3.4,9.96897411
2277,GNB,2015,645.066837207039,63.5297652916074,42.1568145751953,3.3,8.13228226
2278,GNB,2016,679.665386626818,65.1455547652916,42.586109161377,3.2,8.32881451
2279,GNB,2017,783.123186602022,66.7522048364154,43.0155792236328,3.0,7.00049543
2280,GNB,2018,808.531613218504,68.3559032716927,43.4449081420898,2.9,7.28164959
2281,GNB,2019,811.210004050041,69.9749644381223,43.8745574951172,2.8,7.14602089
2282,GNB,2020,846.918134967613,71.5951280227596,44.3038330078125,2.7,8.98898792
2283,GNB,2021,926.54619187706,73.2162517780939,44.7334136962891,2.5,8.39794922
2284,GNB,2022,881.602654162231,74.8765647226174,45.1627159118652,2.4,8.33752728
2285,GNB,2023,964.431832665395,76.5767780938834,45.5923843383789,2.3,8.82204819
2286,GNB,2024,998.376093392688,,46.113204421822,2.2,
2287,GNB,2025,1123.76679992349,,46.6510315281292,,
2288,GNQ,2000,1487.3165506701,25.0723351158645,38.8154587133988,,1.22260201
2289,GNQ,2001,1948.61145907844,26.7321212121212,38.8638365386531,,1.32559299
2290,GNQ,2002,2264.21065580365,28.4476648841355,39.1969150391705,,2.88730073
2291,GNQ,2003,2930.60183743733,30.2268092691622,39.895902485648,,1.97185338
2292,GNQ,2004,4901.30127408119,32.0826024955437,40.9304009672368,,1.58463597
2293,GNQ,2005,8673.9026086535,33.7742245989305,42.2814597171299,,1.42048728
2294,GNQ,2006,10184.8841248541,35.3063458110517,43.9301279685204,,1.41217864
2295,GNQ,2007,12616.9532942011,36.935614973262,45.8574549546013,,1.42080677
2296,GNQ,2008,18210.5552970599,38.6641711229947,48.0444899085658,,1.23333216
2297,GNQ,2009,13232.5019378102,40.4874509803922,50.4722820636069,,1.87389886
2298,GNQ,2010,13720.1658723222,42.3916221033868,53.1218806529176,,1.73363662
2299,GNQ,2011,17198.2136668275,44.272192513369,55.9743349096911,,1.54309607
2300,GNQ,2012,17308.5723924575,46.1134759358289,59.0106940671203,,1.62290311
2301,GNQ,2013,16304.0713196418,47.9935115864528,62.2120073583984,,1.75622749
2302,GNQ,2014,15548.6624656619,49.9047415329768,65.5593240167184,,1.868559
2303,GNQ,2015,9068.91003238645,51.8332620320856,68.951270615355,,2.45693421
2304,GNQ,2016,7453.19797948517,53.7677718360071,69.253269853051,,2.97177482
2305,GNQ,2017,7809.10465655488,55.7003921568627,69.5516019132985,,2.86121631
2306,GNQ,2018,8102.47084834031,57.6264527629233,69.8396623666175,,2.92214823
2307,GNQ,2019,6804.14923073888,59.5428520499109,70.1175419547293,,3.27948833
2308,GNQ,2020,5764.05502912947,61.1931550802139,70.3853314193247,,3.70560718
2309,GNQ,2021,6945.63069794539,62.7018181818182,70.6431215020592,,3.5103004
2310,GNQ,2022,7589.29964909381,64.297504456328,70.8910029445467,,2.83726358
2311,GNQ,2023,6788.35271638376,65.8662745098039,71.1290664883517,,3.49941635
2312,GNQ,2024,7003.58055684906,,71.3574028749806,,
2313,GNQ,2025,6615.25245207167,,71.5761028458697,,
2314,GRC,2000,11638.2010697215,83.83093871218,72.665642910984,0.1,7.51388931
2315,GRC,2001,12156.9572824221,84.2678975950349,72.8460703788502,0.1,8.24545956
2316,GRC,2002,13782.195640943,84.5773622963538,73.0977109642516,0.1,8.46998692
2317,GRC,2003,18020.612039764,84.7794414274632,73.432268024093,0.1,8.68253994
2318,GRC,2004,21449.2552764245,84.9894569433669,73.8267602923728,0.1,8.30002213
2319,GRC,2005,22054.1315756886,85.2390535298681,74.2617376694311,0.1,8.76117897
2320,GRC,2006,24416.0232970275,85.4954383242824,74.717750055608,0.1,8.39596939
2321,GRC,2007,28440.7625328955,85.7135221101629,75.1753473512439,0.1,8.52304935
2322,GRC,2008,31695.8331092209,85.9413576415826,75.615079456679,0.1,8.948102
2323,GRC,2009,29425.4573200263,86.1677036462374,76.0174962722535,0.1,9.53581333
2324,GRC,2010,26653.0488008626,86.278828549263,76.3631476983077,0.2,9.61952496
2325,GRC,2011,25504.7866510124,86.1512723041117,76.6352609929407,0.2,9.18577003
2326,GRC,2012,21624.346052551,85.6866640806827,76.8679797449322,0.2,9.04327774
2327,GRC,2013,21573.3449762805,85.067579519007,77.0951999650171,0.2,8.52183914
2328,GRC,2014,21474.7257123892,84.5028161365399,77.3130486275866,0.2,7.94358587
2329,GRC,2015,17980.7298238137,83.947889837083,77.5194426317545,0.2,8.26719952
2330,GRC,2016,17919.2426377048,83.5994647013189,77.7122988766348,0.2,8.45097542
2331,GRC,2017,18631.9930129293,83.4342823894492,77.8895342613411,0.2,8.11336899
2332,GRC,2018,19873.4015238771,83.2651823118697,78.0490656849874,0.2,8.07267761
2333,GRC,2019,19335.3602002969,83.1775174553918,78.1888100466875,0.2,8.11709499
2334,GRC,2020,17886.733165236,82.999216446858,78.3066842455552,0.2,9.38074493
2335,GRC,2021,20652.89659591,82.0025601241272,78.3884898647442,0.2,9.03178692
2336,GRC,2022,20884.6773436263,80.9759891388673,78.5502190980809,0.3,8.44938278
2337,GRC,2023,23343.7103964562,80.7397284716835,78.7746303842088,0.3,8.39367008
2338,GRC,2024,24626.1481858973,,78.9967856500534,0.3,
2339,GRC,2025,26948.0070432791,,79.2246082848537,,
2340,GRD,2000,4839.82811114248,316.032352941176,35.8702371019579,,5.35886383
2341,GRD,2001,4819.50776653843,317.608823529412,35.9199973947796,,5.62456989
2342,GRD,2002,4984.47405931447,318.835294117647,35.9199179937357,,6.17569733
2343,GRD,2003,5427.96377252312,320.247058823529,35.9194385233611,,5.28485727
2344,GRD,2004,5480.26117644588,321.538235294118,35.9181958391436,,5.36568451
2345,GRD,2005,6338.56011405358,322.747058823529,35.9158260786725,,5.14460278
2346,GRD,2006,6344.0383771432,323.926470588235,35.9119653795374,,5.11352158
2347,GRD,2007,6864.54816771858,325.064705882353,35.9062498793276,,5.23867893
2348,GRD,2008,7448.2040563865,326.164705882353,35.8983157156326,,5.386199
2349,GRD,2009,6932.56472176781,327.217647058824,35.8877990260417,,5.43471003
2350,GRD,2010,6909.60169568597,328.194117647059,35.8743359481443,,5.4188118
2351,GRD,2011,6947.38136096464,329.644117647059,35.8601091092326,,5.80423355
2352,GRD,2012,7092.71985352677,331.691176470588,35.8652755773132,,5.82235765
2353,GRD,2013,7424.80212287327,333.785294117647,35.8792242623778,,5.62652922
2354,GRD,2014,7986.33421210788,335.682352941176,35.9014624346562,,4.77353573
2355,GRD,2015,8694.12438005692,337.282352941176,35.9319491111708,,4.64675617
2356,GRD,2016,9221.23461079424,338.617647058824,35.9706014181883,,4.43910027
2357,GRD,2017,9751.42661155932,339.523529411765,36.0173296416579,,4.65701056
2358,GRD,2018,10083.021279225,340.267647058824,36.0720421424532,,4.58373737
2359,GRD,2019,10462.7929159533,341.120588235294,36.1346465679904,,4.93189621
2360,GRD,2020,8968.55890108484,342.179411764706,36.2050502515788,,5.30602551
2361,GRD,2021,9617.28902905373,343.2,36.2831603706908,,5.27963448
2362,GRD,2022,10469.3867012856,343.861764705882,36.3688840183487,,4.99701262
2363,GRD,2023,11414.4781691181,344.355882352941,36.462128238584,,4.65330839
2364,GRD,2024,11528.9220811928,,36.5628000454229,,
2365,GRD,2025,12106.8790105068,,36.6708064336827,,
2366,GRL,2000,19009.0774407515,0.136886344256304,81.4517822265625,,
2367,GRL,2001,19265.5191468738,0.137358996223657,81.7906112670898,,
2368,GRL,2002,20657.9506323097,0.137885247898648,82.0752868652344,,
2369,GRL,2003,27466.6494525504,0.138265318552808,82.3485946655273,,
2370,GRL,2004,32030.9987915109,0.138623462053843,82.5634307861328,,
2371,GRL,2005,32489.7277309899,0.138713607016689,82.6899108886719,,
2372,GRL,2006,35457.6297578214,0.13832379096114,82.8471984863281,,
2373,GRL,2007,39780.9441368721,0.137787793884761,83.2039566040039,,
2374,GRL,2008,44366.7858688175,0.137234742355951,83.621826171875,,
2375,GRL,2009,44918.8413832155,0.137222560604215,83.8556137084961,,
2376,GRL,2010,44277.1993400972,0.13773663052747,84.2784881591797,,
2377,GRL,2011,47186.8759969388,0.138603971251066,84.5286026000977,,
2378,GRL,2012,45936.9562817724,0.138409063223292,84.8864593505859,,
2379,GRL,2013,47535.4883792376,0.137612376659764,85.3725891113281,,
2380,GRL,2014,50485.2244135291,0.137154342794494,85.6772384643555,,
2381,GRL,2015,44536.3549705377,0.136713363381654,86.046257019043,,
2382,GRL,2016,48181.7453541266,0.136888780606651,86.2261047363281,,
2383,GRL,2017,50765.7494665372,0.136854671701791,86.3915557861328,,
2384,GRL,2018,54545.135857765,0.136491655500061,86.72509765625,,
2385,GRL,2019,53309.2035905065,0.136983798270191,87.0217895507812,,
2386,GRL,2020,54812.6661771023,0.137329760019491,87.2840881978115,,
2387,GRL,2021,58135.9939910203,0.138026556218784,87.5452017613678,,
2388,GRL,2022,55635.0006491223,0.138046047021562,87.8049405256832,,
2389,GRL,2023,58498.9707973609,0.138543062492386,88.0631147749908,,
2390,GRL,2024,,,88.3195347935238,,
2391,GRL,2025,,,88.5740108655152,,
2392,GTM,2000,1648.96578971559,109.160059723778,43.2434755105047,0.4,5.39686108
2393,GTM,2001,1537.68663578252,111.696733855916,44.678095600504,0.4,6.07023716
2394,GTM,2002,1669.33517469705,114.286254199328,45.7754731938848,0.4,6.01301289
2395,GTM,2003,1722.54701910774,116.889156401642,46.5865389722105,0.4,6.15306854
2396,GTM,2004,1840.91184884,119.516629339306,47.326819486636,0.4,6.26182795
2397,GTM,2005,2046.46611650758,122.131662933931,48.0557951573834,0.4,6.14826393
2398,GTM,2006,2225.1234753878,124.742991787981,48.7676356188334,0.4,6.36362219
2399,GTM,2007,2458.81573919384,127.398656215006,49.4565105053665,0.3,6.1918335
2400,GTM,2008,2763.05988172926,130.040817469205,50.1165894513633,0.3,6.08129978
2401,GTM,2009,2611.64632773352,132.65781075028,50.7420420912045,0.3,6.33938646
2402,GTM,2010,2805.25960237322,135.312728630086,51.3270380592706,0.3,6.1247797
2403,GTM,2011,3168.98370607705,138.037756625607,51.8657469899423,0.3,5.96306896
2404,GTM,2012,3286.61959336267,140.814175065323,52.3523385176,0.3,6.07316971
2405,GTM,2013,3444.15802275864,143.59217058604,52.7809822766245,0.3,5.77188921
2406,GTM,2014,3689.14510410202,146.339352370287,53.1458479013964,0.3,5.8885684
2407,GTM,2015,3893.50533299068,149.045754012691,53.4411050262961,0.3,6.00602007
2408,GTM,2016,4060.13784737643,151.817469204927,53.6609232857043,0.3,6.07008219
2409,GTM,2017,4324.99768915601,154.603928704741,53.7994723140017,0.3,6.13563824
2410,GTM,2018,4352.94593289707,157.201241134752,53.845962303542,0.2,6.10662699
2411,GTM,2019,4511.99839552697,159.609957073535,54.1882267267974,0.2,6.17443275
2412,GTM,2020,4477.61785000665,161.97578387458,54.5483167911628,0.2,6.4591527
2413,GTM,2021,4912.62240414681,164.227790220231,54.9047071553758,0.2,7.35698891
2414,GTM,2022,5356.92435887895,166.553536767451,55.2581228215265,0.2,7.1678791
2415,GTM,2023,5754.42833909847,169.138092571855,55.6082319565539,0.2,6.80241346
2416,GTM,2024,6150.89465281457,,55.9547027274763,0.2,
2417,GTM,2025,6598.18032988711,,56.2972033013999,,
2418,GUM,2000,,296.416666666667,93.1395316242857,,
2419,GUM,2001,,298.757407407407,93.2781071591292,,
2420,GUM,2002,20909.9590302806,300.583333333333,93.4166219465011,,
2421,GUM,2003,21877.3178371553,302.105555555556,93.5502870629964,,
2422,GUM,2004,23618.8266894573,303.351851851852,93.6758326459328,,
2423,GUM,2005,25631.9776108052,304.37962962963,93.7899888326279,,
2424,GUM,2006,25709.9351488422,305.257407407407,93.8894857603993,,
2425,GUM,2007,26605.4324214756,306.05,93.9710535665648,,
2426,GUM,2008,28112.2316573422,306.838888888889,94.0314223884421,,
2427,GUM,2009,29054.0581201519,307.727777777778,94.0673223633488,,
2428,GUM,2010,29719.7967836082,308.374074074074,94.0765173267308,,
2429,GUM,2011,29926.2052442913,308.412962962963,94.0771054436498,,
2430,GUM,2012,31653.7506538168,308.02037037037,94.0777276704115,,
2431,GUM,2013,32530.7593121483,307.344444444444,94.0782751403862,,
2432,GUM,2014,33900.1486530583,306.455555555556,94.0787476782557,,
2433,GUM,2015,35165.7014644795,305.37962962963,94.079145108702,,
2434,GUM,2016,35930.6594898711,304.135185185185,94.079467256407,,
2435,GUM,2017,36779.0078903909,302.759259259259,94.0797139460527,,
2436,GUM,2018,37195.9503070464,301.257407407407,94.079885002321,,
2437,GUM,2019,39274.9431424899,299.644444444444,94.0799802498939,,
2438,GUM,2020,36482.9363953675,300.292592592593,94.0804991087801,,
2439,GUM,2021,38074.8793745801,303.203703703704,94.0884327694075,,
2440,GUM,2022,41833.1517132825,305.888888888889,94.1068261842046,,
2441,GUM,2023,,308.344444444444,94.1349341638921,,
2442,GUM,2024,,,94.1726346571831,,
2443,GUM,2025,,,94.2197463433641,,
2444,GUY,2000,931.796651718955,3.88535433070866,28.7610390578913,0.9,3.18737936
2445,GUY,2001,931.574723847673,3.88355092710185,28.6194627210441,1.0,3.05506778
2446,GUY,2002,950.866932470993,3.87935991871984,28.4796776810692,1.0,3.19353795
2447,GUY,2003,973.742598054188,3.87656083312167,28.3083472486662,1.1,3.26884198
2448,GUY,2004,1033.31030902188,3.87309118618237,28.0668850172523,1.1,3.43770432
2449,GUY,2005,1084.06541388904,3.8654508509017,27.7758550706193,1.2,3.79409742
2450,GUY,2006,3135.60553528326,3.85555499110998,27.4604582346121,1.2,3.93144464
2451,GUY,2007,3608.28685240188,3.84486156972314,27.1458953350755,1.3,4.28126192
2452,GUY,2008,4008.9628671603,3.83340614681229,26.8573671978542,1.3,4.20242214
2453,GUY,2009,4209.13230624565,3.82064516129032,26.620074648793,1.3,4.35117149
2454,GUY,2010,4581.76179693492,3.80622809245618,26.4592185137368,1.4,4.21897697
2455,GUY,2011,4947.22170589917,3.79046482092964,26.3999996185303,1.4,4.17213488
2456,GUY,2012,5444.39751913913,3.79115062230124,26.3999996185303,1.4,3.7081871
2457,GUY,2013,5556.91231156932,3.8101143002286,26.4003891353669,1.4,3.80231309
2458,GUY,2014,5472.68820452237,3.83149098298197,26.4018152016157,1.4,3.94755435
2459,GUY,2015,5640.41560569466,3.85461518923038,26.4043918297579,1.4,4.02264786
2460,GUY,2016,5870.87823759835,3.8788315976632,26.4080892882899,1.5,4.01842117
2461,GUY,2017,6178.6650437298,3.90388112776226,26.412905546573,1.5,4.3191123
2462,GUY,2018,6048.38697180418,4.02111252222504,26.4188378517884,1.5,4.90492535
2463,GUY,2019,6405.82443444562,4.10294640589281,26.4258834773058,1.5,4.90331507
2464,GUY,2020,6775.70939096303,3.82438666287771,26.4340397353676,1.5,5.37510586
2465,GUY,2021,9860.87014834386,3.86228095102775,26.443303961947,1.5,4.64326477
2466,GUY,2022,17913.4928066879,3.89143222506394,26.4536735068183,1.5,2.52456355
2467,GUY,2023,20473.7002190617,3.91376811594203,26.4651457279878,1.6,2.46673751
2468,GUY,2024,29675.2501582835,,26.477717988557,1.6,
2469,GUY,2025,32413.7930757518,,26.4913876548981,,
2470,HKG,2000,25756.7728723704,6347.61904761905,100.0,,
2471,HKG,2001,25230.3780910304,6394.57142857143,100.0,,
2472,HKG,2002,24665.8362318216,6422.95238095238,100.0,,
2473,HKG,2003,23977.1734120477,6410.28571428571,100.0,,
2474,HKG,2004,24928.1003722551,6460.47619047619,100.0,,
2475,HKG,2005,26649.637724155,6488.7619047619,100.0,,
2476,HKG,2006,28224.0951563146,6530.57142857143,100.0,,
2477,HKG,2007,30593.9511738646,6586.95238095238,100.0,,
2478,HKG,2008,31515.5292103443,6626.47619047619,100.0,,
2479,HKG,2009,30697.5383861641,6640.7619047619,100.0,,
2480,HKG,2010,32550.136489179,6689.71428571429,100.0,,
2481,HKG,2011,35142.4879344543,6734.85714285714,100.0,,
2482,HKG,2012,36730.796195815,6809.61904761905,100.0,,
2483,HKG,2013,38403.7777145477,6837.04761904762,100.0,,
2484,HKG,2014,40315.3739510191,6885.2380952381,100.0,,
2485,HKG,2015,42432.1619740441,6944.09523809524,100.0,,
2486,HKG,2016,43734.1980702999,6987.2380952381,100.0,,
2487,HKG,2017,46160.429791493,7041.14285714286,100.0,,
2488,HKG,2018,48537.5668888343,7097.71428571429,100.0,,
2489,HKG,2019,48359.0011950597,7150.38095238095,100.0,,
2490,HKG,2020,46109.2299946609,7124.7619047619,100.0,,
2491,HKG,2021,49770.5642374739,7060.09523809524,100.0,,
2492,HKG,2022,48825.0272275805,6996.28571428571,100.0,,
2493,HKG,2023,50525.1119312663,7177.2380952381,100.0,,
2494,HKG,2024,54274.7547767073,,100.0,,
2495,HKG,2025,56983.0663059906,,100.0,,
2496,HND,2000,1092.56400746252,58.7878541424613,45.3233354392127,0.8,6.26817989
2497,HND,2001,1132.1648753329,60.3985432120833,45.8623033555915,0.8,5.92998314
2498,HND,2002,1132.49965345317,62.015005809277,46.4194190064116,0.7,6.2445755
2499,HND,2003,1156.08162681357,63.6268924836893,46.990184604045,0.7,6.89004707
2500,HND,2004,1215.13995412761,65.2336580570203,47.5739776096056,0.6,6.85484362
2501,HND,2005,1304.70039153826,66.8366699436947,48.1703884178554,0.6,7.50086403
2502,HND,2006,1425.84780051892,68.431781213692,48.7790074235564,0.5,7.86318684
2503,HND,2007,1577.73789197407,70.0223254982572,49.3994250214704,0.5,8.08494949
2504,HND,2008,1732.49062702803,71.6112878720172,50.0312316063593,0.5,8.60362625
2505,HND,2009,1781.15703614674,73.1959871302172,50.6740175729851,0.4,8.99592495
2506,HND,2010,1893.32722662035,74.7687729019573,51.3273733161098,0.4,8.72536373
2507,HND,2011,2073.66121088074,76.3301724908392,51.9908892304951,0.4,8.79187012
2508,HND,2012,2126.03474686503,77.8896773616945,52.6641557109031,0.3,8.65655136
2509,HND,2013,2081.12843527945,79.4465814639378,53.356379133253,0.3,8.47723007
2510,HND,2014,2179.88171977271,81.0002859951738,53.8768089124249,0.3,7.91455746
2511,HND,2015,2271.20265980349,82.5570202877826,54.3828473751434,0.3,7.4837904
2512,HND,2016,2307.34468351082,84.121726695862,54.8868414578857,0.3,7.709445
2513,HND,2017,2413.0076562942,85.6925283760837,55.3877322339915,0.2,7.00668859
2514,HND,2018,2464.64241531918,87.2750916078291,55.8852577716247,0.2,7.22820663
2515,HND,2019,2502.32744328073,88.8697202609706,56.3791561389766,0.2,7.34316635
2516,HND,2020,2307.61494319511,90.4427562784878,56.8691654042685,0.2,9.21912384
2517,HND,2021,2735.14751503977,91.9642237912235,57.3550236357547,0.2,9.27311516
2518,HND,2022,3003.28996826399,93.5192778621861,57.8364689017254,0.2,8.15452766
2519,HND,2023,3227.45762509776,95.1367503798373,58.3132392705102,0.2,7.70976162
2520,HND,2024,3415.96027916712,,58.7850728104829,0.2,
2521,HND,2025,3598.21450440452,,59.2517075900659,,
2522,HPC,2000,377.738635531548,27.7161027924479,28.2533687315917,3.59587290749375,3.68677641908648
2523,HPC,2001,355.439130988616,28.4754948023533,28.593177931967,3.52166931737065,4.00248686280111
2524,HPC,2002,374.815740144912,29.3081797282426,28.9116693755986,3.41030969333354,4.19172125163752
2525,HPC,2003,413.081573267984,30.1761045269054,29.2192481398389,3.2972914761911,4.46268474044192
2526,HPC,2004,462.69284908131,30.7768665531613,29.5421314416791,3.19041936415835,4.59024614797359
2527,HPC,2005,520.051978903637,31.6634299943813,29.8714355908867,3.08048246945316,4.68187612539681
2528,HPC,2006,593.589508638215,32.5812983044046,30.2208756483016,2.98762773443878,4.87242341636972
2529,HPC,2007,688.798854303596,33.4929445380914,30.5364840577191,2.91642409817529,4.93428276305926
2530,HPC,2008,797.853979826874,34.4391953364841,30.9723129432456,2.85171636971768,4.74825078173785
2531,HPC,2009,765.227759350497,35.4286247244116,31.3639376101069,2.81081597833916,5.1238007822622
2532,HPC,2010,812.484497775064,36.4241716574307,31.7646366285593,2.76629226979451,4.99396746985319
2533,HPC,2011,873.650099679893,37.4493259853761,32.1726769221166,2.72493497599259,4.92078360113795
2534,HPC,2012,881.63617561985,34.8005566096451,32.5803279178654,2.69098179513035,4.78690390363168
2535,HPC,2013,961.217621514844,35.7898493765713,33.0085325284937,2.64265238559137,4.88458493963858
2536,HPC,2014,987.602359884364,36.8262117084501,33.4500793922766,2.61300826450392,4.8632705236068
2537,HPC,2015,917.924140878178,37.8884098388247,33.876402244952,2.55967898433788,4.94904155234283
2538,HPC,2016,895.291971418288,38.9917786506692,34.3061574682177,2.52021096221756,4.89062163291797
2539,HPC,2017,944.105800649501,40.147761817165,34.7436136608517,2.45393872848235,4.69415553193843
2540,HPC,2018,986.447970381036,41.3110780874532,35.1902982941101,2.40914199921486,4.48976802696133
2541,HPC,2019,984.553372875279,42.4755954522814,35.60787726524,2.34231704457187,4.61287503412678
2542,HPC,2020,963.808519118256,43.6323004532062,36.0239709463492,2.27701323203578,5.00592477678338
2543,HPC,2021,1062.58689269634,44.8236439042871,36.4661763671202,2.20172873796885,4.96346506351368
2544,HPC,2022,1123.26894975331,46.0033801633778,36.9406309816039,2.13923819881659,4.66501395969271
2545,HPC,2023,1157.85200500349,47.205835184396,37.3827611102379,2.05034321319255,4.4525335920373
2546,HPC,2024,1220.84577070029,,37.8610562629747,1.96566784413575,
2547,HPC,2025,1331.89997509038,,38.332449317985,,
2548,HRV,2000,4953.57515008131,79.9166905136643,55.6818319251231,0.1,7.65084314
2549,HRV,2001,5364.88188501029,76.9001645442839,55.6913829056559,0.1,7.16995239
2550,HRV,2002,6219.56093667781,76.9454499928459,55.6745468592554,0.1,6.14300489
2551,HRV,2003,8189.99059314699,76.8958437567007,55.6386960202113,0.1,6.29782534
2552,HRV,2004,9718.92771524605,76.9173039811307,55.5890878734365,0.1,6.5067997
2553,HRV,2005,10443.4484003498,77.0163855335573,55.5307217475444,0.1,6.84068108
2554,HRV,2006,11501.2327422844,77.0345043242084,55.4685969711483,0.1,6.90362167
2555,HRV,2007,13755.8149054063,77.0176720749053,55.4077128728613,0.1,7.38946152
2556,HRV,2008,15888.1184388903,77.0085233364306,55.3530687812969,0.1,7.63643503
2557,HRV,2009,14474.52513863,76.927685655064,55.3096640250682,0.1,8.03311729
2558,HRV,2010,13729.7472872883,76.7533950396684,55.2824979327886,0.1,7.94908857
2559,HRV,2011,14691.591757962,76.4888499749839,55.2773793281248,0.1,7.62508154
2560,HRV,2012,13507.6349882758,76.1269387463369,55.3042888624873,0.1,7.63413
2561,HRV,2013,14135.0903485872,75.6543849617611,55.3659479687433,0.1,6.37271595
2562,HRV,2014,14186.7712230471,75.0767993710242,55.4591834926844,0.1,6.56612396
2563,HRV,2015,12283.8750299177,74.1856371953399,55.5812594509004,0.1,6.65548038
2564,HRV,2016,12820.1872746645,73.3840861982703,55.7294398599808,0.1,6.69167471
2565,HRV,2017,13901.6498657787,72.2144056893717,55.9009887365155,0.1,6.62803125
2566,HRV,2018,15460.4560798984,71.2739439639768,56.093170097094,0.1,6.7136178
2567,HRV,2019,15563.7354996625,70.5701879779859,56.303247958306,0.1,6.78699923
2568,HRV,2020,14807.5559227544,69.946497498213,56.5284863367411,0.1,7.68352938
2569,HRV,2021,17788.7601163765,69.3170300214439,56.7683502560171,0.1,8.08265686
2570,HRV,2022,18465.531473659,68.8999463902788,56.9977571733605,0.1,7.29636335
2571,HRV,2023,22183.4982258492,68.9722301644031,57.2431560672198,0.1,7.14699411
2572,HRV,2024,24049.9441746337,,57.5158981711443,0.1,
2573,HRV,2025,27103.9116109268,,57.8144543604143,,
2574,HTI,2000,820.600046761464,301.275435413643,36.8408497942176,2.5,3.99165702
2575,HTI,2001,748.821159844528,306.818505079826,38.3871832598564,2.4,3.7502923
2576,HTI,2002,720.969568042522,312.323693759071,39.9708985140797,2.3,3.43250132
2577,HTI,2003,578.995291079709,317.848766328012,41.2007603284477,2.2,3.53695321
2578,HTI,2004,683.185298155273,323.304172714078,41.8705746346912,2.2,3.42928433
2579,HTI,2005,775.845704056916,328.783490566038,42.5791771857318,2.1,3.30554652
2580,HTI,2006,828.805700289589,334.418069666183,43.2846444920296,2.0,3.48013902
2581,HTI,2007,984.566983448521,340.105079825835,43.9866171992907,1.9,3.64734101
2582,HTI,2008,1094.66058421644,345.81908563135,44.6847359532184,1.9,3.75722051
2583,HTI,2009,1196.8528706018,351.581313497823,45.3786413995138,1.9,3.50277376
2584,HTI,2010,1209.72733503094,355.70732946299,46.0679741838751,1.8,4.54871035
2585,HTI,2011,1312.03953552013,359.757039187228,46.7523749519985,1.8,5.91197777
2586,HTI,2012,1361.39396587374,365.376306240929,47.4314843495779,1.7,5.56462336
2587,HTI,2013,1457.83221179626,370.912989840348,48.1049430223048,1.7,4.10524035
2588,HTI,2014,1460.18898613914,376.387336719884,48.7723916158687,1.7,4.52035809
2589,HTI,2015,1411.12684746796,381.830261248186,49.4334707759572,1.7,5.07518148
2590,HTI,2016,1318.40268167953,387.208164005806,50.087821148256,1.7,4.80760574
2591,HTI,2017,1395.23945184461,392.516473149492,50.735083378449,1.7,3.8199389
2592,HTI,2018,1496.38048970156,397.763497822932,51.374898112219,1.7,4.31650305
2593,HTI,2019,1352.17204191532,402.944956458636,52.0069059952475,1.7,3.91107917
2594,HTI,2020,1290.32538667383,407.977068214804,52.6307476732151,1.7,3.78651953
2595,HTI,2021,1824.6798742577,412.720827285922,53.2460637918026,1.7,3.57739854
2596,HTI,2022,1748.40890116803,417.402249637155,53.8524949966907,1.7,3.20755076
2597,HTI,2023,1681.84407667059,422.256821480406,54.4496819335618,1.7,3.19156528
2598,HTI,2024,2060.35591768638,,55.0372652481002,1.6,
2599,HTI,2025,2694.18969101404,,55.6148855859942,,
2600,HUN,2000,4629.91760812548,113.936297701406,64.2602344392211,,6.76979256
2601,HUN,2001,5280.94887987063,113.675251060031,64.646880283041,,6.8197937
2602,HUN,2002,6658.04494326809,113.352019638474,65.0400009155273,,7.1181159
2603,HUN,2003,8410.09248198479,113.027806293238,64.8452987670898,,8.12986469
2604,HUN,2004,10291.2694721409,112.777795135015,65.0225372314453,,7.76592064
2605,HUN,2005,11212.2046968994,112.566287244727,66.1261367797852,,7.99248505
2606,HUN,2006,11478.4891640501,112.391139381765,67.0155868530273,,7.78556442
2607,HUN,2007,13934.605460375,112.217163263029,67.0041656494141,,7.20719147
2608,HUN,2008,15762.6322515113,112.020845887736,68.0976986078883,,7.09275723
2609,HUN,2009,13051.1831777184,110.710814094775,68.4592590332031,,7.2366724
2610,HUN,2010,13189.8433874768,110.460874848117,69.5305480957031,,7.46420383
2611,HUN,2011,14211.460557822,110.148315475533,69.4779934082031,,7.49342251
2612,HUN,2012,12950.1594488143,109.580934496852,69.5772326660156,,7.43047714
2613,HUN,2013,13739.4620151401,109.05483265216,69.9277636266638,,7.23645353
2614,HUN,2014,14352.501883174,107.747512601359,70.3071053512008,,7.04192352
2615,HUN,2015,12782.9412577973,107.360891957046,70.4847717285156,,6.8501935
2616,HUN,2016,13215.8605277789,106.944499232961,70.4733810424805,,6.96752644
2617,HUN,2017,14736.1668157258,106.582905982906,70.4542541503906,,6.73338366
2618,HUN,2018,16605.0570511887,106.366031119877,70.4711761474609,,6.55460501
2619,HUN,2019,17012.8598553199,106.233004602235,70.4565277099609,,6.24677849
2620,HUN,2020,16386.9308821258,105.965581854043,70.2917327880859,,7.230515
2621,HUN,2021,19030.628130329,105.532895025203,70.2059275331413,,7.33524847
2622,HUN,2022,18428.028825614,105.249550734166,70.1585064243445,,6.6474123
2623,HUN,2023,22208.6509820466,105.108327854482,70.2923026891431,,6.36868954
2624,HUN,2024,23305.4482514359,,70.491825943218,,
2625,HUN,2025,25907.4743259406,,70.6936831786278,,
2626,IBD,2000,1477.69267353361,56.3605166988903,43.6667023896647,,5.1464436213641
2627,IBD,2001,1481.39214433174,57.0368803805904,44.2905845807242,,5.17327008347835
2628,IBD,2002,1487.72265916078,57.6912523622848,44.9754758078454,,5.07274672607493
2629,IBD,2003,1652.80727671574,58.3300459712697,45.6701134027848,,5.09799841116453
2630,IBD,2004,1947.23507651148,58.9793316998993,46.2937905593518,,5.04286331916655
2631,IBD,2005,2300.5584330495,59.6193390938655,46.9145693724127,,5.03692597013859
2632,IBD,2006,2700.5584752855,60.1670471962571,47.5769747009825,,4.95657539672959
2633,IBD,2007,3321.08172264245,60.778437444582,48.2961047629039,,4.8801107806746
2634,IBD,2008,3945.34608241117,61.4029739441699,48.8903466913443,,4.95158396931077
2635,IBD,2009,3790.75249729841,62.0430885387988,49.5693483292079,,5.30087478416381
2636,IBD,2010,4561.8882339923,62.6831543816806,50.1080208606821,,5.10024905073541
2637,IBD,2011,5343.53397444837,63.3392420682377,51.1470854803375,,5.05588966351346
2638,IBD,2012,5618.13811823482,64.0307817392054,51.7855203403866,,5.11149606552505
2639,IBD,2013,5846.25966334365,64.7357474909755,52.4999014352869,,5.20831576575159
2640,IBD,2014,5950.16216217417,65.4245974940335,53.1837216780098,,5.25141011732582
2641,IBD,2015,5546.81934137697,66.0768405951305,53.9332868281978,,5.34910507643163
2642,IBD,2016,5535.21577803788,66.7091262996798,54.6015207244718,,5.36131138840742
2643,IBD,2017,6053.47287028012,67.3396305931346,55.2222227935355,,5.37433939320636
2644,IBD,2018,6392.20731313147,67.9217598831189,55.8598392575292,,5.31064157154628
2645,IBD,2019,6474.8042775296,68.4596455803991,56.4284852445038,,5.40802577135287
2646,IBD,2020,6189.46595997499,68.9323439726578,56.8651715048446,,5.76923125829298
2647,IBD,2021,7312.40590533832,69.298000984857,57.4187341409059,,5.63597757481398
2648,IBD,2022,7679.78639337735,69.6239455828173,57.7552337954716,,5.82564053980888
2649,IBD,2023,7892.13359236419,69.9619999801745,58.0307469598053,,5.90989609361809
2650,IBD,2024,8186.57476056638,,58.3264723309511,,
2651,IBD,2025,8599.35834895508,,58.6463509114596,,
2652,IBT,2000,1251.89644845646,54.8285854432144,40.6179140854658,,4.99620941553615
2653,IBT,2001,1248.9779659314,55.6393853530005,41.1684094357595,,5.03262774857369
2654,IBT,2002,1256.74155740893,56.4418445167454,41.7671509236574,,4.93296273764212
2655,IBT,2003,1392.51743382731,57.2381042162773,42.3768546604705,,4.99668599074146
2656,IBT,2004,1633.26981850024,57.953476116607,42.9371005044193,,4.94628527845117
2657,IBT,2005,1919.85540188438,58.7577273006878,43.4956847988649,,4.94983642964967
2658,IBT,2006,2247.88945009061,59.5041893870548,44.0855839099272,,4.88578398643518
2659,IBT,2007,2742.89733889853,60.3088469742152,44.709662759241,,4.81344584201084
2660,IBT,2008,3246.16083645656,61.127738182212,45.2440244123133,,4.87111761489171
2661,IBT,2009,3109.97518704155,61.9623477403817,45.8297491959586,,5.20375151765562
2662,IBT,2010,3717.27572230721,62.8024679701498,46.3037304771863,,5.01383627047647
2663,IBT,2011,4326.07595088347,63.6580035539893,47.1596578727806,,4.96831717585261
2664,IBT,2012,4533.14634719975,62.857277009197,47.7248227220067,,5.02109855258969
2665,IBT,2013,4717.03916410479,63.7056975713582,48.3523840418748,,5.11792300687671
2666,IBT,2014,4804.51316862211,64.5518542758325,48.934439191868,,5.15069384625049
2667,IBT,2015,4477.24409653758,65.3732186114169,49.5550964553733,,5.24466200633028
2668,IBT,2016,4450.00988856601,66.1952642396838,50.1171733804251,,5.25373913993743
2669,IBT,2017,4833.02970118676,67.0287638694328,50.6447335432842,,5.26446870871419
2670,IBT,2018,5085.0801851085,67.8390373233957,51.1832192304679,,5.19041831433708
2671,IBT,2019,5168.03480575859,68.6296867653256,51.6653910881874,,5.26260317792302
2672,IBT,2020,4923.39708871472,69.372059230954,52.0454778410909,,5.61832414638696
2673,IBT,2021,5754.17990139813,70.0492223929812,52.5081681188004,,5.52514905926163
2674,IBT,2022,6024.32591287554,70.6951970242841,52.8163796983223,,5.6864409178738
2675,IBT,2023,6126.38809068241,71.3577355202345,53.0823484348401,,5.76917076151948
2676,IBT,2024,6304.3969997243,,53.3694237912271,0.95547672517029,
2677,IBT,2025,6613.2094697403,,53.6757479244859,,
2678,IDA,2000,458.450137815774,50.0462793579159,29.8995493417227,2.44185572643437,3.27144881306098
2679,IDA,2001,442.155782696439,51.2767994991977,30.3269978837214,2.38595272313951,3.37750899179553
2680,IDA,2002,465.592286036378,52.5416401532012,30.7703132122554,2.31548643048485,3.38740276452201
2681,IDA,2003,512.591796853946,53.8290871200926,31.2356830668994,2.25066193140382,3.87434286524403
2682,IDA,2004,585.169295585171,54.7713953414113,31.7251219779908,2.18013239853852,3.8584013951484
2683,IDA,2005,664.968624835506,56.0850013475858,32.2219540706682,2.09998322070743,3.94509683721093
2684,IDA,2006,775.720250575223,57.4450984313673,32.7260807604272,2.04476909349245,4.07731087965335
2685,IDA,2007,888.098620952193,58.8501461367265,33.203970481379,1.99208804878463,4.00830169998984
2686,IDA,2008,1033.53201301258,60.2727642451345,33.7049397121855,1.95443104933745,3.89654940994125
2687,IDA,2009,983.967184072154,61.7115486838832,34.151308147173,1.92990960047343,4.03341567416681
2688,IDA,2010,1114.11982511932,63.1730750822782,34.5786366508417,1.9095170763007,3.92942105664223
2689,IDA,2011,1229.70549062646,64.6481177321231,35.024952783726,1.8743284874984,3.81011162882759
2690,IDA,2012,1268.90303240531,59.5725569656392,35.5080433803967,1.85990689743869,3.81872998086803
2691,IDA,2013,1352.92860920219,60.8225286796942,35.996332190864,1.82823299856712,3.94971610262236
2692,IDA,2014,1426.50032692763,62.1089344175443,36.4051820747557,1.818659009791,3.90857791344796
2693,IDA,2015,1357.9051932623,63.4041579812955,36.7864206452414,1.78193487835644,3.99397555678328
2694,IDA,2016,1321.74768141485,64.7573228228482,37.1903965759359,1.76101139106316,3.95290935783952
2695,IDA,2017,1357.47789528252,66.159005374177,37.609058115614,1.71574691062192,3.86652347642797
2696,IDA,2018,1411.20738303305,67.6076087927644,38.0388916782972,1.70375837152255,3.65101307820269
2697,IDA,2019,1546.57261928545,69.1053682381174,38.4653846981284,1.65304022739798,3.55193206310531
2698,IDA,2020,1467.74475406134,70.6012911955697,38.8904386172881,1.60262391692785,3.8576035062277
2699,IDA,2021,1569.43031809587,72.1497136985154,39.3204218850565,1.56146459802542,4.12043587021746
2700,IDA,2022,1651.01916315494,73.6904615838757,39.7691797117658,1.51056151670543,3.96013347178279
2701,IDA,2023,1536.73358897841,75.2603821185522,40.2201100518451,1.44674810616401,3.86404281504275
2702,IDA,2024,1487.2803211344,,40.6826937203111,1.39850685653385,
2703,IDA,2025,1608.08422318374,,41.1497531407779,,
2704,IDB,2000,619.821306061985,80.4600939070839,37.1026016090268,3.07405445795909,3.10793858038104
2705,IDB,2001,602.892871771324,82.6111587109078,37.6077426188299,2.96286866809908,3.05157675410558
2706,IDB,2002,644.972024028045,84.7083095999817,38.1449950358966,2.85514598126351,2.83379755160744
2707,IDB,2003,712.277506392089,86.827203743006,38.7046042253944,2.74944713613299,3.66071938494295
2708,IDB,2004,837.139763788514,89.0398379217651,39.2712038089643,2.63091140620335,3.52318322748207
2709,IDB,2005,957.944483664019,91.2826088936342,39.8348778202094,2.49040978425518,3.63220281717124
2710,IDB,2006,1148.89181901573,93.581637179149,40.3888250207305,2.4069683911654,3.75788950545999
2711,IDB,2007,1296.2173611862,96.0455757341829,40.8889051590091,2.29651184334345,3.59571517794874
2712,IDB,2008,1479.93269655131,98.5976026018541,41.3446440311986,2.22984173627876,3.49846711135057
2713,IDB,2009,1350.16810895914,101.177378451268,41.7469202004975,2.17521277877745,3.50198203274188
2714,IDB,2010,1546.66486887393,103.794019345103,42.1151997510905,2.13408403249347,3.52603265857313
2715,IDB,2011,1719.51377446132,106.36032982086,42.5084884969366,2.05889212323069,3.42096262205416
2716,IDB,2012,1858.79619423645,108.809489445231,42.9159323176066,2.02295841230545,3.45148939125578
2717,IDB,2013,1985.51999918718,111.149837248575,43.3275756317313,1.95366442025802,3.53080227771264
2718,IDB,2014,2113.88702279641,113.482474604471,43.7524751266553,1.92098646815184,3.46327301046312
2719,IDB,2015,1967.8941145813,115.643018761631,44.1901706504123,1.8445691959148,3.52256349924393
2720,IDB,2016,1810.82104602308,117.885625668935,44.6500251183283,1.81049268172958,3.56400683474163
2721,IDB,2017,1808.86674135882,120.193691931806,45.1144259487283,1.73613496749179,3.57103957971211
2722,IDB,2018,1873.7385939606,122.574692798445,45.5767065281075,1.73343691441591,3.25460034828426
2723,IDB,2019,2210.55539131628,124.982588727003,46.0543233703288,1.654427707579,3.22115302804144
2724,IDB,2020,2014.81189013082,127.458062906847,46.5685904859548,1.57930030278535,3.58050542420729
2725,IDB,2021,2148.31628647273,130.053372791385,47.0949322895637,1.54436586109017,3.95489238157436
2726,IDB,2022,2241.22931753571,132.637309860383,47.6330129185198,1.46568315406094,3.96912584897725
2727,IDB,2023,1922.68195677238,135.180658581738,48.1773673159897,1.38792332419807,3.89355404772797
2728,IDB,2024,1658.96290902751,,48.6958359099619,1.34552025238057,
2729,IDB,2025,1841.20446420685,,49.2173940770698,,
2730,IDN,2000,763.711124950924,115.08687262286,41.9861540600656,0.1,1.85297656
2731,IDN,2001,732.307093405708,116.695437968937,42.9018895186157,0.1,2.11850214
2732,IDN,2002,881.002913569131,118.288280970792,43.7824069030376,0.1,1.98062706
2733,IDN,2003,1043.2105838671,119.864570212072,44.6301761521872,0.1,2.24837184
2734,IDN,2004,1126.84004447173,121.397785588322,45.4476736441888,0.1,2.12002277
2735,IDN,2005,1238.21447629488,122.966345480392,46.2373757571669,0.2,2.53189397
2736,IDN,2006,1558.31562847163,124.606809305259,47.0017588692457,0.2,2.61946416
2737,IDN,2007,1823.21976255073,126.263615441442,47.7432993585496,0.2,2.82385564
2738,IDN,2008,2124.55483920618,127.912368929422,48.4644736032029,0.3,2.54842305
2739,IDN,2009,2218.48541852977,129.543311146252,49.16775798133,0.3,2.62324095
2740,IDN,2010,3065.68348377765,131.186593584406,49.8521375148888,0.3,2.7908783
2741,IDN,2011,3579.46442466152,132.872174396105,50.4830017089844,0.3,2.98942471
2742,IDN,2012,3632.27254030331,134.591727167608,51.1593933105469,0.3,2.91427088
2743,IDN,2013,3566.60284506078,136.271572751061,51.8307495117188,0.3,2.86934805
2744,IDN,2014,3441.06808464008,137.882705314833,52.5002136230469,0.4,2.96433568
2745,IDN,2015,3288.22269725538,139.438934572699,53.1720771789551,0.4,2.92428517
2746,IDN,2016,3521.46943457574,140.945267664402,53.812557220459,0.4,3.02147198
2747,IDN,2017,3798.88326174526,142.393583234045,54.4541015625,0.4,2.90417194
2748,IDN,2018,3860.95353090726,143.781152680745,55.0956840515137,0.4,2.86757827
2749,IDN,2019,4106.94856160358,145.132688936836,55.7382049560547,0.4,2.87862897
2750,IDN,2020,3853.70288774146,146.371283592869,56.2785287648768,0.4,3.42067289
2751,IDN,2021,4287.17313995098,146.235107708626,56.8761702464027,0.4,3.70634937
2752,IDN,2022,4730.83484836107,147.330175215419,57.4934704226599,0.4,2.69389749
2753,IDN,2023,4876.2992959843,148.57692229227,58.1179353397878,0.4,2.70239949
2754,IDN,2024,4925.43644992666,,58.7509635387997,0.4,
2755,IDN,2025,5059.62596411213,,59.3929063969984,,
2756,IDX,2000,373.051251961926,41.6489221717983,26.0574811611718,2.12791819475869,3.42008151268587
2757,IDX,2001,356.699060688205,42.625372187978,26.4310487338827,2.0976178053477,3.67758544704008
2758,IDX,2002,369.922434331718,43.6604117009897,26.8198463630514,2.04478686600934,3.90996366970243
2759,IDX,2003,405.965046031424,44.7182614843961,27.2316527155715,1.99970093902035,4.07902470389886
2760,IDX,2004,449.904326574615,45.3875018688047,27.6713595496945,1.95220853570376,4.2014024950444
2761,IDX,2005,507.282797445149,46.4466700324973,28.1248815877796,1.90169285156419,4.27160646860313
2762,IDX,2006,574.088143326774,47.5497426927482,28.5964458513824,1.86020081760657,4.43185633049613
2763,IDX,2007,667.193009421069,48.6646138101008,29.0506215781357,1.83624530015084,4.45445229375903
2764,IDX,2008,791.399137322918,49.7778474851127,29.5610760390448,1.81267681469382,4.31302756376481
2765,IDX,2009,784.649862360077,50.9042436253728,30.0171376731367,1.80304194503616,4.53822747491663
2766,IDX,2010,877.931098861538,52.0499710116481,30.4633398402301,1.79294437402723,4.32852096492693
2767,IDX,2011,961.703390548921,53.22658863378,30.9302827805092,1.77839071946204,4.2011347169054
2768,IDX,2012,945.920267718204,47.743623737219,31.452020011677,1.77520987208593,4.22494624694016
2769,IDX,2013,1006.28967463937,48.731601106062,31.9790558643189,1.76311292027624,4.41573847982811
2770,IDX,2014,1049.90073249233,49.7659149138026,32.3798094567338,1.76561553678398,4.41091062883311
2771,IDX,2015,1024.03892548547,50.8354289204993,32.7341136354124,1.74955833638717,4.50014856592225
2772,IDX,2016,1054.71572764683,51.9693525448809,33.1174714726553,1.73554426925957,4.32177543204578
2773,IDX,2017,1111.6681922431,53.1476334526716,33.5219118462806,1.70528985408547,4.13130606429188
2774,IDX,2018,1159.99786764696,54.3664032041601,33.9449607807614,1.68857456047643,4.00257040181045
2775,IDX,2019,1187.14057928369,55.6396469510615,34.3572845737014,1.65233235779423,3.89479195477006
2776,IDX,2020,1172.52623503626,56.9033400436126,34.7470118346024,1.6145035021495,4.12142035050562
2777,IDX,2021,1257.78054041357,58.1995885902297,35.1349266899544,1.57017263565967,4.27648167196783
2778,IDX,2022,1333.98547158611,59.4890725852722,35.5450909648779,1.53341141492701,3.95180595447798
2779,IDX,2023,1330.08005697828,60.8242825383503,35.9594486372929,1.47665383673259,3.84042465533906
2780,IDX,2024,1395.67575971244,,36.4071269030645,1.42542375669457,
2781,IDX,2025,1484.11159862857,,36.8594065949293,,
2782,IMN,2000,21161.3963073772,132.735087719298,51.8280887588444,,
2783,IMN,2001,21819.7123825606,134.168421052632,51.8267726358515,,
2784,IMN,2002,24471.0798814847,135.570175438596,51.7294050812584,,
2785,IMN,2003,28861.6178062918,136.928070175439,51.5389094585101,,
2786,IMN,2004,35564.6023910146,138.231578947368,51.3260536002657,,
2787,IMN,2005,38135.8597885858,139.501754385965,51.1608382095573,,
2788,IMN,2006,42627.5089352891,140.866666666667,51.1148712415781,,
2789,IMN,2007,55040.2437046236,142.363157894737,51.2353481079414,,
2790,IMN,2008,72276.7741329461,143.910526315789,51.4683663096054,,
2791,IMN,2009,66156.105656847,145.50701754386,51.7305375428215,,
2792,IMN,2010,70587.3140283741,147.145614035088,51.9396170300917,,
2793,IMN,2011,77808.8579649376,148.038596491228,52.0246324097527,,
2794,IMN,2012,79329.2034347434,147.956140350877,52.0555317322629,,
2795,IMN,2013,83207.6588430451,147.615789473684,52.0804107092926,,
2796,IMN,2014,91885.4528718026,147.178947368421,52.0997913403899,,
2797,IMN,2015,84753.5187422732,146.654385964912,52.1164840474526,,
2798,IMN,2016,82025.9454509241,146.431578947368,52.1331532169475,,
2799,IMN,2017,83481.3038489014,146.682456140351,52.1498415744309,,
2800,IMN,2018,89393.8244248812,147.026315789474,52.1651893864538,,
2801,IMN,2019,87127.5517977404,147.29298245614,52.1789898247578,,
2802,IMN,2020,79513.5330346598,147.480701754386,52.1909519786866,,
2803,IMN,2021,94299.969348965,147.554385964912,52.1999559660634,,
2804,IMN,2022,88328.548125887,147.6,52.1955609162662,,
2805,IMN,2023,90015.2074234398,147.657894736842,52.1832571730182,,
2806,IMN,2024,,,52.1633405796294,,
2807,IMN,2025,,,52.1358064010515,,
2808,IND,2000,442.750218937263,355.82076254797,27.6470407512523,,4.10568476
2809,IND,2001,450.357900514128,362.539418940599,27.9028652096636,,4.33754253
2810,IND,2002,469.149928973927,369.165905979773,28.1756878910456,,4.31453371
2811,IND,2003,544.143133545002,375.624499611528,28.4660287698,,4.07877731
2812,IND,2004,624.258826510066,382.078344471763,28.7726067228528,,4.02679491
2813,IND,2005,710.488080408949,388.36277600826,29.0945497159107,,3.85508275
2814,IND,2006,801.668353659022,394.485011048739,29.4309857146804,,3.66901541
2815,IND,2007,1021.88707706826,400.470881780175,29.7810426848684,,3.58103991
2816,IND,2008,992.519584923828,406.274393496547,30.1438485921815,,3.58856082
2817,IND,2009,1094.94974598436,412.191872366045,30.5185314023263,,3.54637694
2818,IND,2010,1347.51939071367,418.231449722352,30.9042190810094,,3.33625913
2819,IND,2011,1445.46127486037,424.199245255096,31.2746502853309,,3.24634218
2820,IND,2012,1429.32199520032,430.068210238834,31.5898935604399,,3.32935286
2821,IND,2013,1432.84397512195,435.838110245225,31.9096789235237,,3.74944186
2822,IND,2014,1553.88396075118,441.370107863944,32.2288233408821,,3.61956549
2823,IND,2015,1583.99815907985,446.666542669658,32.5472990022299,,3.59565973
2824,IND,2016,1707.50892912243,452.020992940243,32.8650780972823,,3.50430417
2825,IND,2017,1950.10468280866,457.30592394028,33.1821328157539,,2.93597651
2826,IND,2018,1966.25455171679,462.351569862673,33.4984353473598,,2.8584938
2827,IND,2019,2041.42863698585,467.185182245332,33.8139578818147,,2.95299792
2828,IND,2020,1907.04251637669,471.755150192218,34.1286726088333,,3.34146094
2829,IND,2021,2239.61384367482,475.652042419085,34.4425517181304,,3.34680939
2830,IND,2022,2279.98145719369,479.425536881262,34.7555673994206,,3.39623499
2831,IND,2023,2434.44826340989,483.679010086809,35.0676918424186,,3.33944035
2832,IND,2024,2591.9916607122,,35.3788972368389,0.2,
2833,IND,2025,2702.47987141553,,35.689155772396,,
2834,IRL,2000,26334.5672050501,55.2355058789374,59.1247997891425,0.1,5.8990283
2835,IRL,2001,28282.409882073,56.1219770648861,59.3763923617156,0.1,6.39249372
2836,IRL,2002,32705.4345565698,57.075729423719,59.6367259990731,0.1,6.67263031
2837,IRL,2003,41203.5295847568,58.0130788213093,59.9120142632573,0.1,7.00761414
2838,IRL,2004,47754.2023194244,59.0834954274931,60.1994750854288,0.1,7.21972942
2839,IRL,2005,50933.0216095589,60.3848744375091,60.4882988006461,0.1,7.64242792
2840,IRL,2006,54329.1618599624,62.0349978226158,60.7703677431593,0.1,7.51646996
2841,IRL,2007,61396.417461176,63.8545797648425,61.0601979374234,0.1,7.80773735
2842,IRL,2008,61353.1065629523,65.1697488750181,61.3581903884996,0.1,9.12564754
2843,IRL,2009,52133.0906162544,65.8350268544056,61.6421022728798,0.2,10.52275753
2844,IRL,2010,48623.9666422487,66.1947307301495,61.8910689348512,0.2,10.52062798
2845,IRL,2011,52613.8540355689,66.4840179997097,62.0872735820277,0.2,10.4888649
2846,IRL,2012,49335.8408099555,66.7663376397155,62.2529318511038,0.2,10.47466946
2847,IRL,2013,52537.6108648692,67.1188271156917,62.4047157756118,0.2,10.0333004
2848,IRL,2014,57214.5379785709,67.6112643344462,62.535401730577,0.2,9.23077869
2849,IRL,2015,64250.1385181257,68.2531136594571,62.6392123492764,0.2,7.07827806
2850,IRL,2016,64129.5571542383,69.1351720133546,62.7229399123734,0.2,7.3382206
2851,IRL,2017,72161.4047531385,70.0746842792858,62.9035196521232,0.2,6.91718578
2852,IRL,2018,80804.1123164826,71.0991725939904,63.0844503476779,0.2,6.74710846
2853,IRL,2019,81827.6688873996,72.237712294963,63.2737009154127,0.2,6.61860561
2854,IRL,2020,86514.0706108754,73.1564377993903,63.4713366724915,0.2,6.97323275
2855,IRL,2021,103783.446284479,74.1847147626651,63.6774229356985,0.2,6.44113493
2856,IRL,2022,105190.685952731,75.6689795325882,63.8920250215059,0.2,6.02078247
2857,IRL,2023,106818.917130804,77.1017273914937,64.1152082461268,0.2,6.57538509
2858,IRL,2024,112894.953240805,,64.3470379255585,0.2,6.85410833
2859,IRL,2025,131592.462547877,,64.5875793756168,,
2860,IRN,2000,1650.01385833785,40.778665365063,64.4780120849609,,4.72250843
2861,IRN,2001,1881.02266635283,41.4131026056632,65.2168655395508,,5.16087341
2862,IRN,2002,1891.25756091033,41.7565000368378,65.9271621704102,,4.65182209
2863,IRN,2003,2208.99636552406,42.2218988678504,66.6049270629883,,4.95589161
2864,IRN,2004,2672.4226651404,43.1348485964783,67.2567367553711,,5.12801409
2865,IRN,2005,3132.0508192007,44.1000853409956,67.8708801269531,,5.29996157
2866,IRN,2006,3618.91601364428,45.0605043100273,68.3101850492144,,5.15990877
2867,IRN,2007,4687.99166260718,45.8033399641445,68.806189933608,,4.91188192
2868,IRN,2008,5377.4115072957,46.3630025295317,69.3790072996746,,5.03990459
2869,IRN,2009,5415.52280553446,46.9423518504875,69.99007683587,,6.11493444
2870,IRN,2010,6291.19443655454,47.5336096171321,70.6092626774386,,6.29153061
2871,IRN,2011,8025.68743364356,48.1247071391734,71.204050944517,,6.09787989
2872,IRN,2012,8114.08099831877,48.7306785530097,71.7633634041294,,6.12235355
2873,IRN,2013,6222.74194840326,49.3717220462192,72.3030873515412,,5.73697805
2874,IRN,2014,5672.06372896319,50.0393213241976,72.8324070385223,,6.81539536
2875,IRN,2015,4952.73355532178,50.7253137356025,73.3561403575949,,8.38232708
2876,IRN,2016,5710.59947089104,51.4576905130283,73.8796100096595,,7.80285025
2877,IRN,2017,6000.93346404409,52.4047790446841,74.4011840820312,,7.71801233
2878,IRN,2018,4783.01067340237,53.0773485362096,74.8034286499023,,6.63571692
2879,IRN,2019,3997.4935449585,53.6527876733436,75.2038879394531,,6.23426771
2880,IRN,2020,3202.50003502169,54.0668369799692,75.5986404418945,,4.96098137
2881,IRN,2021,4605.14881318992,54.518020338983,75.9926376342773,,4.85886621
2882,IRN,2022,4721.20437099984,55.1767309707242,76.3342208862305,,5.62794113
2883,IRN,2023,5049.29931642754,55.8451198767334,76.6759567260742,,6.02542305
2884,IRN,2024,5190.16959024821,,77.0201263427734,,
2885,IRN,2025,3924.38017821898,,77.3761530941751,,
2886,IRQ,2000,1980.18916038782,55.8430070649564,67.6331913847871,0.1,
2887,IRQ,2001,1435.695683789,57.6121819054805,67.751941516652,0.1,
2888,IRQ,2002,1266.15961275094,59.4612319089101,67.8938101691696,0.1,
2889,IRQ,2003,817.887862499622,61.281429910602,68.0521271794625,0.1,2.99693608
2890,IRQ,2004,1328.37157628292,63.0538857260443,68.2202223846538,0.1,3.90128636
2891,IRQ,2005,1762.39360423421,64.9506093239134,68.391425621866,0.1,3.01704645
2892,IRQ,2006,2276.55435744086,65.4286187895832,68.5590667282222,0.1,2.49370432
2893,IRQ,2007,3128.99010329066,64.9143905617669,68.716475540845,0.1,3.2148056
2894,IRQ,2008,4542.96609046032,66.2391933603128,68.8569818968574,0.1,3.06604242
2895,IRQ,2009,3714.71205987194,69.2075105912691,68.9742328505284,0.1,3.77203989
2896,IRQ,2010,4461.75196161555,71.4803969423467,69.0582953378474,0.1,3.23955345
2897,IRQ,2011,5775.54229080293,74.0500644685946,69.1252233869916,0.1,2.80316377
2898,IRQ,2012,6477.59618450955,77.4885844538589,69.2222213745117,0.1,2.69365859
2899,IRQ,2013,6650.35282247395,81.2709362215752,69.444450378418,0.1,2.80868459
2900,IRQ,2014,6249.39226978969,84.1918950171378,69.6666641235352,0.1,2.78786659
2901,IRQ,2015,4440.14189252367,86.5194942505436,69.920524597168,0.1,3.15587044
2902,IRQ,2016,4334.42096404188,88.6135586739395,69.9123778259643,0.1,4.57253027
2903,IRQ,2017,4759.2846435467,90.6123378358457,69.8944511190753,0.1,4.08944416
2904,IRQ,2018,5646.68932074742,92.7505804739616,69.8765148865842,0.1,4.07600641
2905,IRQ,2019,5671.8568632942,94.8844148066247,69.8683395385742,0.1,4.207232
2906,IRQ,2020,4295.18945121228,97.0138092276507,69.8683166503906,0.1,5.72766161
2907,IRQ,2021,4868.49431080783,99.2127035680556,69.8682708740234,0.1,5.14179993
2908,IRQ,2022,6520.73154560584,101.514640775804,69.8682861328125,0.1,4.33226347
2909,IRQ,2023,5965.31835077761,103.826155759795,69.868278503418,0.1,5.53275251
2910,IRQ,2024,6073.61032342708,,69.8861494108913,0.1,
2911,IRQ,2025,5409.67899716967,,69.9396739468105,,
2912,ISL,2000,32503.578963236,2.80503740648379,91.9674192031642,0.1,8.89924335
2913,ISL,2001,29208.1981853568,2.84257356608479,92.0452304560359,0.1,8.75266171
2914,ISL,2002,32749.379004627,2.86805985037406,92.1674022598912,0.1,9.40382481
2915,ISL,2003,39944.2104095591,2.88799002493766,92.3235559316863,0.1,9.72930241
2916,ISL,2004,47809.6073050042,2.91345635910224,92.4377293375354,0.1,9.32854366
2917,ISL,2005,57783.7745608117,2.95994014962594,92.377441015064,0.1,8.94694996
2918,ISL,2006,58172.1426656622,3.03024438902743,92.1949009038813,0.1,8.55709076
2919,ISL,2007,70483.0117228535,3.10789027431421,92.3614571703229,0.1,8.3535862
2920,ISL,2008,57489.3399795216,3.16622443890274,93.0646442174216,0.1,8.34370804
2921,ISL,2009,41483.7843682814,3.17704738154613,93.4441340553707,0.1,8.77518463
2922,ISL,2010,43776.4677400475,3.17247880299252,93.4588348107886,0.1,8.36173058
2923,ISL,2011,48254.953927254,3.18218453865337,93.41106112427,0.1,8.25498867
2924,ISL,2012,46594.9869146614,3.19916209476309,93.514892578125,0.1,8.23091221
2925,ISL,2013,50173.3360061057,3.22956608478803,93.6166725158692,0.1,8.22651291
2926,ISL,2014,55140.364935793,3.2656957605985,93.6196716315805,0.1,8.29044247
2927,ISL,2015,53505.6964079339,3.29990024937656,93.727919768566,0.1,8.13121986
2928,ISL,2016,62854.0906407932,3.34602493765586,93.7822647094726,0.1,8.15569115
2929,ISL,2017,72976.3729990975,3.42543640897756,93.7718982310092,0.1,8.3243084
2930,ISL,2018,75633.8651351915,3.49817514628583,93.8526667025487,0.1,8.43817616
2931,ISL,2019,69296.3144361601,3.5759496181692,93.9770847416131,0.1,8.63996315
2932,ISL,2020,60127.9393575616,3.63446394922146,94.1367102874722,0.1,9.64908886
2933,ISL,2021,70425.4064277273,3.69453535654071,94.2108206403841,0.1,9.72073746
2934,ISL,2022,76376.9599334915,3.78858474660319,94.1787071228028,0.1,9.08145332
2935,ISL,2023,82201.2908518078,3.82488346722206,94.1518261784801,0.1,8.70510101
2936,ISL,2024,85863.1479330343,,94.1819039916522,0.1,8.98358727
2937,ISL,2025,98323.4849517418,,94.2179320191117,,
2938,ISR,2000,21690.237340061,290.619223659889,91.2809653237465,,6.59421921
2939,ISR,2001,20948.7745727671,297.550831792976,91.365021842149,,6.99914265
2940,ISR,2002,19058.7462869465,303.604436229205,91.4444967249569,,6.90767479
2941,ISR,2003,19624.0321412582,309.135859519408,91.5176897789793,,6.84975958
2942,ISR,2004,20550.0694706176,314.648798521257,91.5829008110251,,6.79696989
2943,ISR,2005,21261.7474251846,320.244916820702,91.6384296279033,,6.8828454
2944,ISR,2006,22499.7541717986,325.956561922366,91.6825760364229,,6.70000744
2945,ISR,2007,25688.901610248,331.797597042514,91.713639843393,,6.67256165
2946,ISR,2008,30231.0191013609,337.744916820702,91.7292868898136,,6.80668306
2947,ISR,2009,28469.6817348489,345.914972273567,91.7319738585748,,6.86992359
2948,ISR,2010,31398.9266927022,352.292051756007,91.7316426703946,,6.85038328
2949,ISR,2011,34476.7252065949,358.863216266174,91.7304024673781,,6.80594969
2950,ISR,2012,33268.7066672115,365.549907578558,91.7276502819515,,6.94185257
2951,ISR,2013,36980.622214228,372.435304990758,91.7227831465406,,6.94074392
2952,ISR,2014,38265.3651949373,379.653419593346,91.7151980935716,,7.02990532
2953,ISR,2015,36138.13561386,387.250462107209,91.7042921554705,,7.02090645
2954,ISR,2016,37571.2561196275,394.916820702403,91.6894623646632,,7.09919167
2955,ISR,2017,41013.2575323519,402.647874306839,91.6701057535759,,7.17189407
2956,ISR,2018,42269.3770257585,410.480591497227,91.6456193546346,,7.23550367
2957,ISR,2019,44091.8678022544,418.391866913124,91.6154002002652,,7.20701885
2958,ISR,2020,44590.8237253282,425.836414048059,91.5788453228939,,7.74801874
2959,ISR,2021,52258.4693499398,433.059149722736,91.5353517549466,,7.83961058
2960,ISR,2022,54947.2091250715,441.658964879852,91.4979834273327,,7.12004995
2961,ISR,2023,52126.4489280033,455.129390018484,91.5089569794505,,7.09822369
2962,ISR,2024,54216.5218142787,,91.536188843818,,
2963,ISR,2025,60336.8477964194,,91.5783060866328,,
2964,ITA,2000,20190.0035636084,192.555434569421,67.1932283786243,0.2,7.54701233
2965,ITA,2001,20570.4385917862,192.673361107542,67.27519882288,0.2,7.71115828
2966,ITA,2002,22451.3964379368,193.054951000615,67.3538786566538,0.2,7.83638906
2967,ITA,2003,27577.5700319855,194.101082788332,67.4299414611787,0.2,7.80670929
2968,ITA,2004,31348.1901841445,195.55177229658,67.5072499739908,0.2,8.13726902
2969,ITA,2005,32062.723833669,196.6964540542,67.5897169318419,0.2,8.30906773
2970,ITA,2006,33537.1286994269,197.484972169432,67.6812550714834,0.3,8.39791012
2971,ITA,2007,37826.1754554823,198.690127080529,67.7857771296669,0.3,8.10167217
2972,ITA,2008,40828.5795580937,200.22853191216,67.9071958431441,0.3,8.50157547
2973,ITA,2009,37099.6133958219,201.392725501999,68.0494239486665,0.3,8.91290951
2974,ITA,2010,35856.8625485539,202.285308976795,68.2163741829857,0.3,8.87928963
2975,ITA,2011,38432.3742820019,202.986767799052,68.4015073889511,0.3,8.728508
2976,ITA,2012,34854.3949441965,203.542723134878,68.7608794235259,0.3,8.7983427
2977,ITA,2013,35701.6746002376,203.949752805037,69.3073989916076,0.3,8.7897644
2978,ITA,2014,36028.3494022349,203.980505075782,69.5807638614879,0.3,8.85913563
2979,ITA,2015,30639.8829751432,203.672434549131,69.6100006103516,0.3,8.84596729
2980,ITA,2016,31391.5692898108,203.285640373599,69.5969232525286,0.3,8.72043991
2981,ITA,2017,32844.115660604,202.903617635721,69.5180784259382,0.3,8.69060516
2982,ITA,2018,35062.3364176949,202.480812801385,69.4800033569336,0.3,8.65467453
2983,ITA,2019,33812.788724868,201.980545589195,69.5050010681153,0.3,8.61536789
2984,ITA,2020,32091.4866621366,200.999100491348,69.5187492370606,0.3,9.5643034
2985,ITA,2021,36852.5425414951,199.965416259464,69.4812507629394,0.3,9.28164482
2986,ITA,2022,35653.9042103495,199.559268903016,69.4839779766539,0.3,8.85022926
2987,ITA,2023,39279.699782164,199.459678073854,69.5381540123301,0.3,8.40559483
2988,ITA,2024,40429.6224047352,,69.6047535143071,0.3,8.44437313
2989,ITA,2025,43308.6403060733,,69.680861801678,,
2990,JAM,2000,3453.09252800226,240.79649122807,51.7165550768252,1.7,5.97869205
2991,JAM,2001,3503.55026688858,242.327146814404,51.934190578424,1.7,5.15652943
2992,JAM,2002,3680.64551727724,243.820129270545,52.1467222312645,1.7,5.57934141
2993,JAM,2003,3549.70758394618,245.302216066482,52.3564891419558,1.7,4.99239254
2994,JAM,2004,3807.56293124552,246.742843951985,52.5637655955662,1.7,5.83766747
2995,JAM,2005,4184.43974867497,248.113204062789,52.7685237926234,1.6,5.82104874
2996,JAM,2006,4417.00127135363,249.396860572484,52.9707359336549,1.6,5.51022339
2997,JAM,2007,4716.48612542727,250.581717451524,53.1703742191887,1.6,6.19109583
2998,JAM,2008,5029.80095281745,251.674515235457,53.3674108497524,1.5,6.65533972
2999,JAM,2009,4428.38153333557,252.723453370268,53.5618180258738,1.5,6.37021589
3000,JAM,2010,4809.977380312,253.792059095106,53.7535679480806,1.5,6.44219255
3001,JAM,2011,5232.63644918132,254.893259464451,53.956586109128,1.5,6.5231781
3002,JAM,2012,5340.83333232158,255.995383194829,54.2478817703732,1.4,6.18602896
3003,JAM,2013,5124.21301411137,257.034810710988,54.548819811983,1.4,6.28453302
3004,JAM,2014,4975.11325459872,257.963896583564,54.8660395670395,1.4,6.28673887
3005,JAM,2015,5339.30718256806,258.775069252078,55.1995248014924,1.3,6.61477137
3006,JAM,2016,5302.29553353854,259.456602031394,55.549259277615,1.3,6.5901823
3007,JAM,2017,5605.43541173019,259.996675900277,55.9152267548307,1.3,6.98476934
3008,JAM,2018,5976.90362644337,260.39676823638,56.297410990325,1.3,6.83884478
3009,JAM,2019,6030.68896415921,260.689843028624,56.6957957395074,1.2,6.96945572
3010,JAM,2020,5299.04530804283,261.379409048938,57.1103647563627,1.2,7.47555304
3011,JAM,2021,5625.67806271236,262.020498614958,57.5411017937226,1.2,8.00261688
3012,JAM,2022,6626.47502388538,262.155493998153,57.9879906034775,1.2,8.65338707
3013,JAM,2023,7542.39855849054,262.214773776547,58.4510149367429,1.2,7.60493946
3014,JAM,2024,7753.8119527678,,58.9301585439922,1.1,
3015,JAM,2025,8002.92104076242,,59.4254051751628,,
3016,JOR,2000,1570.61002940477,61.0487873980054,78.2848247546539,0.1,9.34367943
3017,JOR,2001,1632.29454010563,62.3174750679964,78.2902365290261,0.1,9.57236385
3018,JOR,2002,1706.26744384401,63.6453535811423,78.2972918926847,0.1,9.2786417
3019,JOR,2003,1775.67625581432,65.0705802357208,78.3069420335538,0.1,8.78901005
3020,JOR,2004,1940.08641342805,66.6598028105168,78.3185350370311,0.1,8.74670506
3021,JOR,2005,2087.87079273635,68.3316749773345,78.412126230667,0.1,8.49441624
3022,JOR,2006,2342.63459574933,72.839653218495,78.755612573541,0.1,7.67925692
3023,JOR,2007,2506.20599484139,77.3711128739801,79.3358270749644,0.1,7.90982628
3024,JOR,2008,3669.83012701745,79.2142565729828,80.1290966207551,0.1,8.48880577
3025,JOR,2009,3845.34388086274,80.4432642487047,81.1117480967305,0.1,9.22396946
3026,JOR,2010,4139.04283161368,82.1924194638432,82.2601083887084,0.1,8.17025661
3027,JOR,2011,4363.42800211536,84.2579860328903,83.5505043825064,0.1,8.14807701
3028,JOR,2012,4593.83609729005,85.4598670871818,84.9592629639423,0.1,7.81799555
3029,JOR,2013,4739.02253641778,90.0181234512278,86.4627110188335,0.1,7.16592407
3030,JOR,2014,4610.60460269382,99.0280468574003,88.0371754329978,0.1,7.20892906
3031,JOR,2015,4441.61896013754,107.509900878576,89.8881391939133,0.1,7.4609561
3032,JOR,2016,4366.06999647268,112.70969813021,90.56272794707,0.1,6.97644138
3033,JOR,2017,4449.34618076611,115.276255913494,90.8764609714428,0.1,7.10953665
3034,JOR,2018,4533.97658437205,117.84530299617,91.2008859099729,0.1,6.98295021
3035,JOR,2019,4557.79334729121,120.187073450909,91.515966492507,0.1,7.07244635
3036,JOR,2020,4411.48321838396,122.364439038674,91.8216722992319,0.1,7.54554749
3037,JOR,2021,4581.71967230365,124.629547041467,92.117972910453,0.1,7.69733906
3038,JOR,2022,4754.41362207378,126.768283893056,92.4048379066163,0.1,7.73623276
3039,JOR,2023,4906.23543006639,128.828670856139,92.682236868336,0.1,7.66000605
3040,JOR,2024,5073.92103605892,,92.9501393764286,0.1,
3041,JOR,2025,5347.77731384797,,93.2085150119551,,
3042,JPN,2000,39752.937397755,347.991769547325,78.6126803295375,,7.03456163
3043,JPN,2001,34910.166403687,348.831275720165,79.1577482060887,,7.23947906
3044,JPN,2002,33315.9165174962,349.643347050754,80.5469860733981,,7.35235405
3045,JPN,2003,35808.6816792388,350.39231824417,82.4206778416671,,7.48654842
3046,JPN,2004,38677.5708064787,350.510288065844,84.3710541898905,,7.53518438
3047,JPN,2005,38158.6758263963,350.543209876543,85.9573620483714,,7.65818596
3048,JPN,2006,36354.4271646349,350.765432098765,87.1460898958075,,7.68688869
3049,JPN,2007,36129.9535132925,351.168724279835,88.2701404492656,,7.77935696
3050,JPN,2008,40294.2081309702,351.338820301783,89.2921563808851,,8.08909321
3051,JPN,2009,41678.1783063195,351.294924554184,90.1131158718189,,8.9587822
3052,JPN,2010,45378.1378109399,351.358024691358,90.6228586840649,,9.0630064
3053,JPN,2011,49122.077634247,350.707818930041,90.8631654434251,,10.48780155
3054,JPN,2012,49626.6830327571,350.148148148148,91.0265277326652,,10.67169094
3055,JPN,2013,41369.1948479498,349.643347050754,91.1516595654317,,10.67438698
3056,JPN,2014,39172.8471161948,349.179698216735,91.2548945132333,,10.7290144
3057,JPN,2015,35664.6446110613,348.809327846365,91.3532644103625,,10.74969959
3058,JPN,2016,40214.9688631562,348.631001371742,91.4541254852142,,10.65891552
3059,JPN,2017,39679.8635262948,348.345679012346,91.5498419685883,,10.65627098
3060,JPN,2018,40645.478086519,347.903978052126,91.6377318609728,,10.73988247
3061,JPN,2019,41424.8655601543,347.415637860082,91.7164207898107,,10.96998405
3062,JPN,2020,41098.9739004553,346.395061728395,91.7809926267889,,11.44974613
3063,JPN,2021,41580.739040705,344.80546776406,91.8741049279527,,12.08108234
3064,JPN,2022,35548.2645222433,343.278433470508,91.9776532428406,,12.32275677
3065,JPN,2023,35215.003535366,341.54455749932,92.0826903891473,,10.73979473
3066,JPN,2024,33797.1014287876,,92.1901718034531,,
3067,JPN,2025,35951.0449549304,,92.3001449420786,,
3068,KAZ,2000,1180.0444563226,5.74178723561877,56.0239607657944,0.1,4.16032028
3069,KAZ,2001,1422.27331810957,5.76936326258473,55.7813717131331,0.1,3.47098041
3070,KAZ,2002,1573.55219932325,5.79941363855243,55.5045911261585,0.1,3.6148138
3071,KAZ,2003,1958.02050246511,5.83301107530466,55.2115277236592,0.1,3.72335005
3072,KAZ,2004,2722.47407755402,5.87108160165944,54.9200902244233,0.1,3.98307681
3073,KAZ,2005,3577.35804001782,5.91477460458569,54.6481873472392,0.1,3.90172958
3074,KAZ,2006,5030.13494711519,5.9650020372634,54.4137278108953,0.1,3.39824843
3075,KAZ,2007,6449.43931096532,6.02185946586658,54.2346203341799,0.1,2.70314813
3076,KAZ,2008,8123.54705891736,6.08457421194948,54.1287736358813,0.1,3.02569842
3077,KAZ,2009,6938.01175663001,6.15618253880061,54.1167144748885,0.1,3.47355628
3078,KAZ,2010,8793.07589980782,6.23654850538949,54.2054127497102,0.1,2.73641396
3079,KAZ,2011,11287.1464926039,6.32144386413305,54.3996086425518,0.2,2.60236669
3080,KAZ,2012,12018.7966527993,6.4103811534615,54.69208192838,0.2,3.03725982
3081,KAZ,2013,13478.459627612,6.50313071822795,55.0779764821252,0.2,2.66286755
3082,KAZ,2014,12427.7094576939,6.5993573360003,55.5524361787178,0.2,2.97468448
3083,KAZ,2015,10196.1226255982,6.69858465755454,56.1106048930882,0.2,3.04051113
3084,KAZ,2016,7475.56688689424,6.80208912101345,56.7476265001667,0.3,3.42235589
3085,KAZ,2017,8943.08416791984,6.90889024706449,57.4586448748837,0.3,3.0524447
3086,KAZ,2018,9472.48527327758,7.01290032225803,58.2388038921695,0.3,2.90062451
3087,KAZ,2019,9457.12614657136,7.11544060451161,59.0832474269546,0.3,2.87143755
3088,KAZ,2020,8781.50797787648,7.21640071119013,59.9871193541692,0.3,3.83133817
3089,KAZ,2021,9983.60103576902,7.31325813979331,61.030254280267,0.3,3.98701859
3090,KAZ,2022,11255.3396437881,7.42105011667963,61.444157327248,0.3,3.74577999
3091,KAZ,2023,12879.4275257974,7.53050487091158,61.7560919499181,0.3,3.76701546
3092,KAZ,2024,14154.6324958076,,62.072531584162,0.3,
3093,KAZ,2025,14692.1331757237,,62.3855569507987,,
3094,KEN,2000,414.626365130846,53.8406894612925,19.4553832211834,8.8,3.62451434
3095,KEN,2001,410.700452474814,55.55604947816,20.4416297068833,8.3,3.74002314
3096,KEN,2002,402.936385605382,57.3317777699687,21.8586568137501,7.8,3.82159472
3097,KEN,2003,442.898457253405,59.1281986857364,23.563889811899,7.4,4.03365707
3098,KEN,2004,463.662781300121,60.992822504129,25.4147539714454,6.9,4.21159506
3099,KEN,2005,523.456312433863,62.8957444565485,27.2686745625048,6.5,4.2174139
3100,KEN,2006,699.80237063381,64.8417050286397,28.9830768551925,6.2,5.0134387
3101,KEN,2007,840.201439476765,66.8312699862951,30.4153861196239,6.0,5.12358475
3102,KEN,2008,915.54435473604,68.8870067118811,31.4230276259143,5.8,5.19050598
3103,KEN,2009,1047.9678324485,70.9999139051903,31.8603086707305,5.6,5.29172945
3104,KEN,2010,1091.51873101194,73.0902185753945,31.8713287706458,5.5,5.38849831
3105,KEN,2011,1096.14499807675,75.1281951716625,31.8673949025409,5.3,5.20212841
3106,KEN,2012,1285.00536171512,77.1133692940226,31.8558130142761,5.2,5.0180583
3107,KEN,2013,1370.87885214659,79.043453280388,31.8324454433988,5.0,4.93100405
3108,KEN,2014,1482.81566253497,80.9140808939804,31.7931545274563,4.9,4.91267347
3109,KEN,2015,1489.11959777284,82.4529008736797,31.7338026039958,4.7,4.76439571
3110,KEN,2016,1554.12610314423,84.0057771361452,31.6502520105647,4.5,4.75429106
3111,KEN,2017,1667.48447230835,85.5601194522199,31.5383650847102,4.3,3.98597503
3112,KEN,2018,1836.45275528993,87.019449386981,31.3940041639796,4.1,4.09903383
3113,KEN,2019,1960.40808854893,88.4453894988127,31.1895566421135,3.9,4.36874676
3114,KEN,2020,1927.66459027849,89.8940686683206,31.2063494632616,3.7,4.49248886
3115,KEN,2021,2061.35622089594,91.6187594501618,31.2879334021971,3.6,4.56992722
3116,KEN,2022,2109.56288513137,93.3976149483117,31.4307820066946,3.4,4.32241869
3117,KEN,2023,1942.58802756191,95.2681371231706,31.6330340816429,3.2,4.35172892
3118,KEN,2024,2133.46193404026,,31.8937831721599,3.0,
3119,KEN,2025,2362.86091198611,,32.2121192871745,,
3120,KGZ,2000,279.621738464365,25.5389051094891,35.3216067847574,0.1,4.41414976
3121,KGZ,2001,308.41129550148,25.7824452554745,35.3160273737858,0.1,4.27703238
3122,KGZ,2002,321.726775366804,26.020354535975,35.3118703235333,0.1,4.59219551
3123,KGZ,2003,380.505828812441,26.2946193952033,35.3086519815317,0.1,5.82382107
3124,KGZ,2004,433.233873286,26.6147705943691,35.3058886953128,0.1,6.20281315
3125,KGZ,2005,476.548193640077,26.9167883211679,35.3030968124082,0.1,7.45010662
3126,KGZ,2006,543.113512472219,27.2073670490094,35.2997926803498,0.1,8.3118391
3127,KGZ,2007,721.771577544361,27.468117831074,35.2954926466692,0.1,6.93210649
3128,KGZ,2008,966.388569370494,27.7305995828989,35.2897130588983,0.1,6.52511883
3129,KGZ,2009,870.198894546917,28.1003284671533,35.2815523593591,0.1,6.89873457
3130,KGZ,2010,876.954476440354,28.5039572471324,35.267768240398,0.1,6.95027161
3131,KGZ,2011,1117.40174350185,28.9185974973931,35.2466507961984,0.1,7.1072917
3132,KGZ,2012,1168.62244675446,29.4685922836288,35.218916221918,0.2,8.50966358
3133,KGZ,2013,1269.66303464348,30.1206986444213,35.1850529225105,0.2,8.18745041
3134,KGZ,2014,1264.52668823891,30.7916996871741,35.1455493029297,0.2,7.35766459
3135,KGZ,2015,1105.65193844261,31.4913242961418,35.1008937681291,0.2,7.14930916
3136,KGZ,2016,1103.27489428412,32.1967570385819,35.0515747230627,0.2,6.41248226
3137,KGZ,2017,1221.39046807082,32.8816266944734,34.9980805726839,0.2,6.18586349
3138,KGZ,2018,1283.5203037417,33.5979092805005,34.9408997219466,0.2,5.01030922
3139,KGZ,2019,1421.99927504102,34.3598070907195,34.8805205758044,0.2,4.25461817
3140,KGZ,2020,1229.51766602907,35.0708863399374,34.8174315392111,0.3,4.93558979
3141,KGZ,2021,1349.99730650542,35.7206673618352,34.7521210171204,0.3,5.35275602
3142,KGZ,2022,1739.72018344174,36.3671532846715,34.7003053497743,0.3,5.04874945
3143,KGZ,2023,2138.22210211478,37.0164233576642,34.706439175362,0.3,4.50344467
3144,KGZ,2024,2514.81066933171,,34.7219977865937,0.3,
3145,KGZ,2025,3080.96893823359,,34.7463537261057,,
3146,KHM,2000,296.426687526334,70.6001359619307,18.6242216655572,1.2,6.48126554
3147,KHM,2001,327.500984314444,71.7113301608883,18.7186818716995,1.1,6.76028347
3148,KHM,2002,350.147276634294,72.8259743938364,18.803641734126,1.1,6.91952753
3149,KHM,2003,386.691123931778,73.934783593927,18.8881765274479,1.1,6.45762444
3150,KHM,2004,444.199067529081,75.0324665760254,18.9813615262763,1.0,6.48521805
3151,KHM,2005,525.797325120926,76.1341604350782,19.0922720052225,1.0,6.15001392
3152,KHM,2006,612.252648550727,77.2661907999094,19.2299832388976,1.0,5.36440325
3153,KHM,2007,731.692295125426,78.4147405393157,19.4035705019128,0.9,4.42702723
3154,KHM,2008,866.283999789749,79.6140890550646,19.6574509865325,0.9,5.61296654
3155,KHM,2009,875.748936193569,80.8792771357353,20.1979728726519,0.9,6.3089695
3156,KHM,2010,952.274616324008,82.1477792884659,21.1232251168762,0.9,5.62713194
3157,KHM,2011,1088.98152823081,83.4046227056424,22.3824788531276,0.9,6.00443649
3158,KHM,2012,1192.80263041673,84.6651087695445,23.9411047582349,0.8,5.77632856
3159,KHM,2013,1305.6600972686,85.9404486743712,25.7644735090271,0.8,5.00863695
3160,KHM,2014,1431.56396469993,87.2239519601178,27.8179557823331,0.8,4.40784645
3161,KHM,2015,1547.32010444393,88.5069737140267,30.0669222549819,0.8,4.53898621
3162,KHM,2016,1675.19555711109,89.8074042601405,32.4767436038024,0.7,4.49053288
3163,KHM,2017,1826.35391688754,91.0569453886245,35.0127905056235,0.7,4.26933241
3164,KHM,2018,2036.67377566578,92.1964763199638,37.6404336372742,0.7,4.49707794
3165,KHM,2019,2225.87705485686,93.3679129843644,39.5830241256026,0.6,5.05801058
3166,KHM,2020,2081.73914242939,94.7511556764106,39.832658030922,0.6,5.13031435
3167,KHM,2021,2167.40324198499,96.160803308407,40.1091858128847,0.6,6.33888054
3168,KHM,2022,2325.03050040841,97.4491502379334,40.374616187368,0.6,4.46856117
3169,KHM,2023,2429.74853452838,98.7076818490823,40.6290788072508,0.5,4.61706829
3170,KHM,2024,2627.87969756224,,40.8727033252729,0.5,
3171,KHM,2025,2872.42926639909,,41.10561939401,,
3172,KIR,2000,845.367240231973,109.398765432099,43.3274808848011,,7.77379847
3173,KIR,2001,718.833787096781,111.524691358025,43.4777440627131,,11.90547657
3174,KIR,2002,810.10870037444,113.906172839506,43.4985457088421,,11.4402895
3175,KIR,2003,1020.50033851394,116.265432098765,43.510668313316,,10.05060768
3176,KIR,2004,1083.2688987175,118.623456790123,43.5238025326975,,12.17176056
3177,KIR,2005,1161.78341739977,121.030864197531,43.5443274444527,,11.36301994
3178,KIR,2006,1123.19258990684,123.477777777778,43.7349826427011,,11.30852318
3179,KIR,2007,1352.57814048911,126.00987654321,44.6212141757087,,10.9454546
3180,KIR,2008,1410.62246914058,128.669135802469,45.9461325515373,,13.51428604
3181,KIR,2009,1316.62753853678,131.440740740741,47.3510238975116,,12.73888874
3182,KIR,2010,1522.10068744154,134.202469135802,48.4603839564718,,8.76666641
3183,KIR,2011,1771.12926848792,136.601234567901,49.1228169536795,,7.98947382
3184,KIR,2012,1843.55336349889,138.622222222222,49.5800786695548,,7.94999981
3185,KIR,2013,1772.08718317132,140.540740740741,49.9687043258795,,8.7081337
3186,KIR,2014,1736.70535682101,142.377777777778,50.3909308922385,,8.9549551
3187,KIR,2015,1639.85274740652,144.216049382716,50.9541970402064,,7.21568632
3188,KIR,2016,1742.66799324117,146.269135802469,51.7710553002321,,9.04265118
3189,KIR,2017,1854.3326920967,148.487654320988,52.9734697275451,,9.68424225
3190,KIR,2018,1915.56002581991,150.720987654321,54.5004023142497,,10.89694214
3191,KIR,2019,1750.24040333237,152.988888888889,56.2846727145489,,10.16600227
3192,KIR,2020,1751.87199542272,155.677777777778,58.4123714112748,,13.65645027
3193,KIR,2021,2223.54147866465,158.49012345679,59.6364645301985,,11.83228588
3194,KIR,2022,2078.7648751855,161.072839506173,60.5739126559419,,10.52553844
3195,KIR,2023,2200.68918614289,163.617283950617,61.5244676194408,,10.94525623
3196,KIR,2024,2550.98377226188,,62.4620431275642,,
3197,KIR,2025,2558.66636011102,,63.3850857782871,,
3198,KNA,2000,9319.65545093525,174.030769230769,32.764294564989,0.4,4.79933786
3199,KNA,2001,10022.5919235637,176.003846153846,32.5960599951138,0.4,4.39693737
3200,KNA,2002,10453.6587064313,177.0,32.4368354358251,0.4,4.45210552
3201,KNA,2003,10175.6295449989,177.6,32.2808981467536,0.4,4.75159693
3202,KNA,2004,10944.6183741768,178.134615384615,32.1287199225823,0.4,4.49067402
3203,KNA,2005,11783.7867154145,178.603846153846,31.9804975781124,0.4,4.72803831
3204,KNA,2006,13837.8495311219,179.111538461538,31.8364279281447,0.4,4.98203421
3205,KNA,2007,14757.9579751035,179.638461538462,31.6967077874804,0.4,4.79733467
3206,KNA,2008,16604.9448615905,180.134615384615,31.5615339709202,0.5,5.30566025
3207,KNA,2009,16503.4119292794,180.446153846154,31.4311032932653,0.5,5.28673744
3208,KNA,2010,16622.9457908577,180.176923076923,31.3056125693165,0.5,5.21727514
3209,KNA,2011,17832.4572919975,180.330769230769,31.2000648379646,0.5,5.17247772
3210,KNA,2012,17532.0559008608,180.896153846154,31.2035138804223,0.5,5.01866484
3211,KNA,2013,18580.1301949935,181.034615384615,31.2131485582887,0.6,5.05167818
3212,KNA,2014,20219.3954237956,181.111538461538,31.2290015317909,0.6,4.75296593
3213,KNA,2015,20328.8003530109,181.103846153846,31.2513929695583,0.6,5.12752008
3214,KNA,2016,21387.5415511103,181.057692307692,31.2806171906169,0.6,5.42923307
3215,KNA,2017,22464.9899633959,180.961538461538,31.3169642505921,0.6,5.2735939
3216,KNA,2018,22901.3816403197,180.8,31.3607229995076,0.7,4.89670897
3217,KNA,2019,23595.4923231291,180.584615384615,31.4121818392285,0.7,5.19201469
3218,KNA,2020,18859.0190361046,180.269230769231,31.4716289738952,0.7,5.66130447
3219,KNA,2021,18361.1449697886,179.857692307692,31.5393525093972,0.7,6.16912127
3220,KNA,2022,21011.5744209816,179.65,31.6156404983167,0.7,5.52634287
3221,KNA,2023,22576.9248439166,179.838461538462,31.7007809622822,0.8,5.73595428
3222,KNA,2024,23960.6534357084,,31.795061903951,0.8,
3223,KNA,2025,25223.0257622185,,31.8987713138283,,
3224,KOR,2000,12710.2995795579,487.332687124197,79.579960745642,,3.71794796
3225,KOR,2001,11981.4828218758,489.664709530701,79.8787704357425,,4.16983986
3226,KOR,2002,13642.9424537101,492.248538072115,80.2766294544335,,3.90854764
3227,KOR,2003,15211.5483770422,494.755475206612,80.707793508044,,4.46640348
3228,KOR,2004,17121.6301633201,496.617630654823,81.104386778171,,4.43287992
3229,KOR,2005,20167.0474902506,497.517408363449,81.3901352283669,,4.65223551
3230,KOR,2006,22609.7059431449,499.982369942197,81.566462110512,,4.95851803
3231,KOR,2007,25078.4853957105,502.307449442839,81.712125801927,,4.95834208
3232,KOR,2008,22252.3125108061,505.770780492834,81.8350833138518,,5.24642324
3233,KOR,2009,19937.3029137734,508.013960436843,81.9245045084002,,5.68525076
3234,KOR,2010,24071.2620526362,509.815967078189,81.9685075986486,,5.79390717
3235,KOR,2011,26175.2398553363,513.804280275749,81.9615408086376,,5.90292883
3236,KOR,2012,26600.5477433903,515.875583187751,81.9087898200378,,5.9576025
3237,KOR,2013,28449.3591104972,517.612269825303,81.8269383502703,,6.06858635
3238,KOR,2014,30667.0912467447,520.852499230217,81.7315682816954,,6.24487352
3239,KOR,2015,30171.7906545222,523.525547744882,81.639489860678,,6.46202612
3240,KOR,2016,30832.0628072516,525.370072521002,81.5559241797057,,6.6356945
3241,KOR,2017,33296.9845439195,526.734806686494,81.471030429984,,6.79827499
3242,KOR,2018,35363.9508228687,528.969011484824,81.3823523035196,,7.14222002
3243,KOR,2019,33826.9443301597,530.377274590164,81.2901063535619,,7.69397116
3244,KOR,2020,33645.7719545073,531.109006147541,81.1759595622913,,8.02722836
3245,KOR,2021,37518.4635305697,530.425604508197,81.1616526507785,,8.34412766
3246,KOR,2022,34822.4048404971,529.43205942623,81.1624941626873,,8.8595314
3247,KOR,2023,35674.095995632,529.842407786885,81.1645551720421,,8.5650692
3248,KOR,2024,36238.639908315,,81.1682528469686,,8.67656994
3249,KOR,2025,36226.9663637512,,81.1740263306674,,
3250,KWT,2000,19296.3471698729,109.691863075196,99.0,0.1,2.20362997
3251,KWT,2001,17374.2318664227,112.689169472503,99.2347539628831,0.1,3.18719625
3252,KWT,2002,18512.7523035862,115.59898989899,99.5090276880805,0.1,3.12441754
3253,KWT,2003,22690.655175144,118.399607182941,99.7655794280652,0.1,2.76042604
3254,KWT,2004,27552.2827399787,121.061728395062,99.94716743531,0.1,2.35702467
3255,KWT,2005,36122.6142741227,125.521212121212,100.0,0.1,2.013309
3256,KWT,2006,42946.6374104066,132.701066217733,100.0,0.1,1.8213098
3257,KWT,2007,45709.4132876371,140.734399551066,100.0,0.1,1.92673647
3258,KWT,2008,55585.1889344442,148.789057239057,100.0,0.1,1.92400301
3259,KWT,2009,37907.1001320042,156.873400673401,100.0,0.1,2.70638776
3260,KWT,2010,39212.252220155,165.172390572391,100.0,0.1,2.67879915
3261,KWT,2011,49169.6063813095,175.803254769921,100.0,0.1,2.33303547
3262,KWT,2012,52155.2225833921,187.267620650954,100.0,0.1,2.33311439
3263,KWT,2013,49651.0439275077,196.848709315376,100.0,0.1,2.48789287
3264,KWT,2014,44368.7813457751,205.716947250281,100.0,0.1,2.9159987
3265,KWT,2015,29882.2126495698,215.183726150393,100.0,0.1,4.21497965
3266,KWT,2016,27323.6890735517,224.696745230079,100.0,0.1,4.73096323
3267,KWT,2017,29047.6536135703,233.1544332211,100.0,0.1,4.65326786
3268,KWT,2018,32067.9623756889,242.621492704826,100.0,0.1,5.17201853
3269,KWT,2019,31707.8737443551,249.288215488215,100.0,0.1,5.18200397
3270,KWT,2020,25236.0755848941,246.928563411897,100.0,0.1,6.11295223
3271,KWT,2021,34018.6342592913,244.717452300786,100.0,0.1,5.37273169
3272,KWT,2022,39981.7691035833,257.555723905724,100.0,0.1,4.20024538
3273,KWT,2023,34091.9714813002,272.358024691358,100.0,0.1,4.96311998
3274,KWT,2024,32855.7209688827,,100.0,0.1,
3275,KWT,2025,32312.3119953634,,100.0,,
3276,LAC,2000,4315.31686378392,25.9589325494317,75.3186541658514,0.361420491987138,6.33368303914683
3277,LAC,2001,4163.09141082413,26.329703264353,75.741687308366,0.373719732175941,6.39958092984923
3278,LAC,2002,3657.85196421423,26.692800728292,76.1296531171983,0.375150651390714,6.24807939733343
3279,LAC,2003,3662.99926133031,27.0461672593137,76.4817960478969,0.379158420342872,6.49116502920429
3280,LAC,2004,4155.65949507287,27.3924582418061,76.7954618472755,0.384003907184488,6.59358879824003
3281,LAC,2005,4984.72783651475,27.7342543400567,77.0716845184147,0.397224470323504,6.71508578014985
3282,LAC,2006,5770.60290833363,28.0720558321207,77.3134268945943,0.402766197744431,6.78505225741761
3283,LAC,2007,6758.18967480352,28.4079343535883,77.5435954919696,0.397525103324783,6.94538474310991
3284,LAC,2008,7812.5897626227,28.7418557240293,77.7652858794026,0.399574341089806,6.98121490750081
3285,LAC,2009,7221.64357521268,29.0712412420028,77.9792598810571,0.435358619678295,7.5449526102862
3286,LAC,2010,8899.0906686542,29.3940846179621,78.1876870618433,0.432664046056201,7.24673468038534
3287,LAC,2011,10025.1749134261,29.7154598547994,78.3888872646348,0.429469856284619,7.16238506453595
3288,LAC,2012,9967.79376326951,30.0379370411482,78.5940283945465,0.430342830311043,7.15654461097159
3289,LAC,2013,9901.44144000481,30.3599904003933,78.8064966818605,0.466604913601952,7.30723663078615
3290,LAC,2014,9758.39172353217,30.6737409974707,79.0227573337338,0.487548104736847,7.44882902160136
3291,LAC,2015,8087.33242325425,30.9789770366851,79.2439673946642,0.488838178582825,7.80761054968955
3292,LAC,2016,7751.59336930245,31.2750399720565,79.4649263007294,0.524452349567122,7.86389349885876
3293,LAC,2017,8568.05689042807,31.5586042214517,79.6816524224664,0.521452795580873,8.02926214854816
3294,LAC,2018,8231.91428708974,31.824711659145,79.8777853019987,0.516453535675787,7.74761936890373
3295,LAC,2019,8006.02224102566,32.0768842502868,80.0895983954183,0.52524698838752,7.78780238659385
3296,LAC,2020,6651.15822114273,32.305153775913,80.3040110850269,0.563754595505787,8.26650552268315
3297,LAC,2021,7694.61136917625,32.4961757535626,80.5058130551037,0.563326081611435,8.21103967465097
3298,LAC,2022,8838.67169511547,32.6976061523693,80.7043500381091,0.562782744870174,7.84832754219887
3299,LAC,2023,9891.4632795533,32.9281686154836,80.9255861415046,0.566461874270747,7.84015567723397
3300,LAC,2024,10065.5029056612,,81.1587710342698,0.584791083119066,
3301,LAC,2025,10407.4817975955,,81.3986631711555,,
3302,LAO,2000,318.749852236965,23.5321143847487,22.1840964350091,0.1,4.27513599
3303,LAO,2001,320.316005439568,23.9232322357019,23.3728884682287,0.1,4.29031658
3304,LAO,2002,313.350817148131,24.3106109185442,24.5247834668291,0.1,3.69751263
3305,LAO,2003,355.097216151461,24.6878032928943,25.5945881340707,0.1,4.47920704
3306,LAO,2004,409.296298284117,25.0503726169844,26.5371091732139,0.2,3.5405724
3307,LAO,2005,466.061506997741,25.4312088388215,27.3224977292697,0.2,3.33673191
3308,LAO,2006,579.391947440719,25.8370883882149,28.0378756242097,0.2,2.93200922
3309,LAO,2007,697.323013673925,26.2401906412478,28.7343050001346,0.2,3.12986231
3310,LAO,2008,885.747376088762,26.6419800693241,29.4034348148069,0.2,2.76727295
3311,LAO,2009,935.03237283283,27.0435095320624,30.0420311503825,0.2,3.46300411
3312,LAO,2010,1125.91610151261,27.4445147313691,30.6468600890172,0.3,2.91154933
3313,LAO,2011,1361.54704394913,27.8448440207972,31.2146877128668,0.3,1.94457507
3314,LAO,2012,1563.5650771337,28.2451386481802,31.7422801040872,0.3,2.07637572
3315,LAO,2013,1812.51774424651,28.6455155979203,32.2264033448341,0.3,2.39984965
3316,LAO,2014,1981.03910900473,29.0432062391681,32.6638235172635,0.3,2.29845548
3317,LAO,2015,2121.01339097363,29.4698656845754,33.1240204432199,0.3,2.45366454
3318,LAO,2016,2303.22156035363,29.934150779896,33.8267455533474,0.3,2.36087489
3319,LAO,2017,2432.43059478511,30.4079159445407,34.5115346444216,0.3,2.52606821
3320,LAO,2018,2545.1075420815,30.8840771230503,35.2050070032013,0.4,2.24630046
3321,LAO,2019,2589.32081035237,31.3589081455806,35.9072880879451,0.4,2.60312223
3322,LAO,2020,2583.77730696131,31.8307322357019,36.6185033569111,0.4,2.05965185
3323,LAO,2021,2526.05105018529,32.2928682842288,37.338778268357,0.4,2.74392009
3324,LAO,2022,2046.40440255621,32.7513301559792,38.0682382805397,0.4,2.01825476
3325,LAO,2023,2066.94979776957,33.2105415944541,38.8070088517156,0.4,1.32651615
3326,LAO,2024,2123.97909415109,,39.5552154401406,0.4,
3327,LAO,2025,2324.76353098791,,40.3129835040701,,
3328,LBN,2000,3986.83513941026,423.200391006843,86.0,0.1,10.82951355
3329,LBN,2001,4009.55929751102,430.295014662757,86.1451238111303,0.1,10.56254768
3330,LBN,2002,4290.85283803266,436.315151515152,86.2942846645228,0.1,9.28233719
3331,LBN,2003,4437.71588507526,442.3761485826,86.4475351790771,0.1,8.67109871
3332,LBN,2004,4600.68371412993,449.587390029325,86.6049279736931,0.1,7.99923086
3333,LBN,2005,4602.19804637945,456.608211143695,86.7665156672703,0.1,7.54867649
3334,LBN,2006,4635.2514117486,464.431671554252,86.9323508787087,0.1,8.66057873
3335,LBN,2007,5125.25809960149,473.520821114369,87.1024862269079,0.1,8.55984211
3336,LBN,2008,5912.04532820842,481.461779081134,87.2769743307677,0.1,7.81751728
3337,LBN,2009,7090.85493856621,488.004594330401,87.4558678091878,0.1,7.0073576
3338,LBN,2010,7625.81051551165,492.794525904203,87.6392192810679,0.1,7.43864489
3339,LBN,2011,7834.96257108993,498.144672531769,87.8270813653079,0.1,8.17744446
3340,LBN,2012,8406.98405608118,511.802737047898,88.0195066808075,0.1,7.00420094
3341,LBN,2013,8162.37929361396,561.430694037146,88.2165478464663,0.1,7.06742191
3342,LBN,2014,7577.6413302369,620.429130009775,88.4182574811842,0.1,7.52191401
3343,LBN,2015,7714.1099998804,632.694916911046,88.6246882038608,0.1,7.41596651
3344,LBN,2016,8089.012088155,618.089931573803,88.835892633396,0.1,7.92344952
3345,LBN,2017,8608.21084982387,602.163049853372,89.0519233886895,0.1,7.80357552
3346,LBN,2018,9174.53666204759,584.957869012708,89.272833088641,0.1,8.07031727
3347,LBN,2019,8905.88005497437,566.431476050831,89.4986743521503,0.1,8.68533897
3348,LBN,2020,5561.19166950397,557.419159335288,89.729499798117,0.1,7.48221779
3349,LBN,2021,4045.37391066234,558.956207233627,89.965362045441,0.1,4.40006208
3350,LBN,2022,3654.35845534878,561.533626588465,90.206313713022,0.1,4.91255951
3351,LBN,2023,3477.72489842684,564.368817204301,90.4524074197598,0.1,5.57497263
3352,LBN,2024,4473.27134441128,,90.703695784554,0.1,
3353,LBN,2025,,,90.9602314263044,,
3354,LBR,2000,298.485340578945,30.3998857973422,43.7710042955819,2.7,2.69215393
3355,LBR,2001,300.463828598983,31.3054194352159,44.1509656015089,2.6,2.15581036
3356,LBR,2002,299.536445539621,32.1302117940199,44.566701526991,2.5,2.16462922
3357,LBR,2003,239.779556677091,32.3871677740864,45.0004573003041,2.4,2.51847482
3358,LBR,2004,284.140223992458,32.7750415282392,45.4344781497244,2.3,5.90509653
3359,LBR,2005,287.487333441381,34.2713351328904,45.8510093035277,2.2,6.69497347
3360,LBR,2006,320.55808618515,36.2415593853821,46.2322959899902,2.0,5.77426577
3361,LBR,2007,374.211308104278,38.0922965116279,46.6104850769043,1.9,4.32884932
3362,LBR,2008,451.713856283285,39.6698816445183,47.1080497871025,1.9,5.99615717
3363,LBR,2009,448.386367025545,40.9367524916943,47.6245255922562,1.8,8.98514843
3364,LBR,2010,492.252808033724,42.1396387043189,48.1407517057907,1.7,8.43860245
3365,LBR,2011,568.087865520004,43.8245224252492,48.6583302770849,1.6,8.58399582
3366,LBR,2012,638.368751462083,45.4011939368771,49.1773247639526,1.6,7.62987185
3367,LBR,2013,710.744570927863,46.4102886212625,49.6977986242077,1.5,7.15610409
3368,LBR,2014,706.714490064507,47.3867628737542,50.2198153156642,1.4,8.09817886
3369,LBR,2015,692.590082351257,48.3744912790698,50.7434382961363,1.4,10.38244438
3370,LBR,2016,714.613063145659,49.3730066445183,51.2687310234384,1.3,9.88514519
3371,LBR,2017,699.269095727404,50.3418293189369,51.7957569553849,1.3,9.91087437
3372,LBR,2018,692.203127129794,51.3364410299003,52.3245795497906,1.2,10.43527889
3373,LBR,2019,658.164180770507,52.3642130398671,52.85526226447,1.2,8.38325977
3374,LBR,2020,616.787867006715,53.462032807309,53.3878685572381,1.1,12.90504265
3375,LBR,2021,667.96610514319,54.60260589701,53.9224618859098,1.1,13.27175999
3376,LBR,2022,744.617175237387,55.7858596345515,54.4591057083,1.0,13.58819675
3377,LBR,2023,799.194470229642,57.0289763289037,54.997863482224,1.0,13.00574875
3378,LBR,2024,851.497723870206,,55.5387986654968,0.9,
3379,LBR,2025,915.328972645548,,56.0819747159338,,
3380,LBY,2000,7214.10040377084,3.01500448980984,86.9508513726842,0.1,3.31908512
3381,LBY,2001,6312.80030498965,3.07105209316071,87.3194455877457,0.1,3.92571616
3382,LBY,2002,3718.29434696755,3.13059663321095,87.6256192750746,0.1,4.73818302
3383,LBY,2003,4674.09943200321,3.19367448310354,87.8659880500458,0.1,3.97301245
3384,LBY,2004,5773.76333234281,3.26033679257079,88.0371675280346,0.1,3.38328195
3385,LBY,2005,8079.24957329001,3.32973277106516,88.135773324416,0.1,2.51707149
3386,LBY,2006,10048.8480434289,3.39873546495107,88.1599560242948,0.1,2.29996443
3387,LBY,2007,11144.9448413435,3.46930447730657,88.1560287475586,0.1,2.41929626
3388,LBY,2008,13906.1407818125,3.54378417086284,88.1474456787109,0.1,2.24441886
3389,LBY,2009,9551.05403869755,3.61838094047308,88.1345825195312,0.1,3.5828805
3390,LBY,2010,11600.9068649472,3.69291917205633,88.1177139282227,0.1,3.28064442
3391,LBY,2011,7593.8391525702,3.60503483865101,88.0970458984375,0.1,4.01902008
3392,LBY,2012,14975.8902795144,3.51189970105823,88.0727920532227,0.1,3.95612097
3393,LBY,2013,11951.7134126011,3.58311149504984,88.0451431274414,0.1,4.97548628
3394,LBY,2014,8926.42074591474,3.65280243700058,88.0142059326172,0.1,5.17777824
3395,LBY,2015,7458.48917756374,3.71223103765757,87.8159103393555,0.1,5.80638647
3396,LBY,2016,7525.80299308216,3.76923855098492,87.8160056703177,0.1,6.17178679
3397,LBY,2017,9965.83236729757,3.8298475737977,87.8166729870528,0.1,4.67685318
3398,LBY,2018,11196.5854810844,3.89252588744786,87.818484275334,0.1,4.86648417
3399,LBY,2019,9963.19489084483,3.95048308080521,87.8220115209342,0.1,5.54773426
3400,LBY,2020,6650.33810585348,4.00411414346932,87.8278267096263,0.1,7.10674047
3401,LBY,2021,4935.82787349801,4.05513656978528,87.8365018271835,0.1,6.05457449
3402,LBY,2022,5986.63694851258,4.10550768950976,87.8486088593786,0.1,4.74433613
3403,LBY,2023,6026.51518708812,4.15202780272117,87.8647197919848,0.1,7.80515862
3404,LBY,2024,6569.16408678648,,87.8854066107749,0.1,
3405,LBY,2025,6448.82415074121,,87.9112413015221,,
3406,LCA,2000,5879.56191426207,260.026229508197,27.8532282391838,0.2,4.86549902
3407,LCA,2001,5570.45247098106,262.683606557377,27.5160334778671,0.2,5.12139463
3408,LCA,2002,5567.89428424719,264.985245901639,26.9383251458178,0.2,5.38887024
3409,LCA,2003,6058.60622059326,267.173770491803,26.0119584764195,0.2,5.24069643
3410,LCA,2004,6494.60034867886,269.244262295082,24.8459172882296,0.2,4.76760817
3411,LCA,2005,6863.43641919345,271.229508196721,23.5419158996884,0.3,4.86039829
3412,LCA,2006,7611.17856675319,273.17868852459,22.2016686292365,0.3,5.1270175
3413,LCA,2007,7964.38211480117,275.013114754098,20.9268897953144,0.3,5.54166603
3414,LCA,2008,8516.96075488787,276.734426229508,19.8192937163625,0.3,5.09061956
3415,LCA,2009,8250.52180732734,278.473770491803,18.9805947108213,0.3,5.24410772
3416,LCA,2010,8673.68720340529,280.173770491803,18.5125070971313,0.3,5.05056047
3417,LCA,2011,9128.99442011613,281.640983606557,18.4743479557314,0.3,5.06134319
3418,LCA,2012,9260.30006551714,282.929508196721,18.6193081275177,0.4,4.92510271
3419,LCA,2013,9577.21733754358,284.211475409836,18.9258370999948,0.4,5.07107592
3420,LCA,2014,10044.8218377677,285.472131147541,19.3915445904726,0.4,4.6836338
3421,LCA,2015,10334.9860823918,286.729508196721,20.0204288176073,0.4,4.57866001
3422,LCA,2016,10638.1269396653,287.944262295082,20.8164880000551,0.4,4.51095486
3423,LCA,2017,11333.1123822102,289.085245901639,21.783720356472,0.4,4.45561934
3424,LCA,2018,11642.6984727769,290.191803278688,22.9261241055144,0.4,4.27262402
3425,LCA,2019,11764.3944032403,291.247540983607,24.2476974658382,0.4,4.290905
3426,LCA,2020,8537.11495506727,292.213114754098,25.7524386560998,0.4,7.01033401
3427,LCA,2021,10481.1233971786,292.659016393443,27.4443458949551,0.4,6.26193285
3428,LCA,2022,12976.1489693474,293.083606557377,29.097678526676,0.4,4.74750614
3429,LCA,2023,13616.6397593734,293.909836065574,29.0976313248036,0.4,4.7298274
3430,LCA,2024,14493.658470648,,29.0973354237452,0.4,
3431,LCA,2025,14745.8184305461,,29.096571131107,,
3432,LCN,2000,4472.58411072464,25.9529802442326,75.5652938767543,0.358693475038066,6.37193840564694
3433,LCN,2001,4326.63992053347,26.3171527942571,75.976045174242,0.371277991551002,6.43695318605753
3434,LCN,2002,3839.19614822294,26.6736175172998,76.3512501777298,0.37326243659695,6.29705464584344
3435,LCN,2003,3862.13749613595,27.0204001421728,76.6914735334426,0.377212467152504,6.51871231312443
3436,LCN,2004,4385.89830635252,27.3602195415425,76.9954336361577,0.381832892160232,6.59526757302703
3437,LCN,2005,5229.89898576251,27.6926786911619,77.266868551194,0.394570297060622,6.68717068537293
3438,LCN,2006,6047.73392908046,28.0234967476479,77.5042941356727,0.402933747705802,6.72683666763542
3439,LCN,2007,7035.79956287181,28.3523925287658,77.7312607437126,0.399504518324682,6.8877700939627
3440,LCN,2008,8077.96531899755,28.6798177861617,77.950737593591,0.40140889334832,6.94938932794772
3441,LCN,2009,7495.05965615866,29.0030480416402,78.1635374830328,0.435523686807164,7.51163036002812
3442,LCN,2010,9183.55248272126,29.3205404252576,78.37135488215,0.433093142189807,7.22061007734516
3443,LCN,2011,10334.0365238871,29.6351277053727,78.5717207273562,0.430006399566851,7.14020410908634
3444,LCN,2012,10328.6495660788,29.9513839091708,78.7697906096959,0.435243611872511,7.13984183680075
3445,LCN,2013,10305.4184021496,30.2674745867114,78.9755056336712,0.469772988195604,7.30104489931839
3446,LCN,2014,10146.146495038,30.5785633447624,79.185365448744,0.489771808989004,7.44853818512409
3447,LCN,2015,8546.9179023802,30.8787654817007,79.4004597252698,0.490949318775355,7.80287932501018
3448,LCN,2016,8241.51169070648,31.1707723980073,79.6161243552428,0.52584512965892,7.87340800749019
3449,LCN,2017,9065.82390216762,31.4544082257046,79.8285331741903,0.525855274772262,8.05344889898208
3450,LCN,2018,8778.55673829884,31.7219036304868,80.019051151549,0.521795698590567,7.81495657647715
3451,LCN,2019,8539.95940708219,31.9798810969809,80.2273019080141,0.53010798802032,7.86565022585942
3452,LCN,2020,7169.39235876452,32.1832429936695,80.4373918656823,0.566798504601525,8.3631615717366
3453,LCN,2021,8292.15210222359,32.3696074286516,80.6341875645003,0.570130103082729,8.30098015765331
3454,LCN,2022,9412.05924553392,32.5647506608627,80.8277330006255,0.569637226339788,7.95435978189847
3455,LCN,2023,10507.6138782353,32.7895442852982,81.0435031875464,0.573224297379986,7.94355058922187
3456,LCN,2024,10705.1067802788,,81.2716849224706,0.59363539296254,
3457,LCN,2025,11095.2176548294,,81.5060587040558,,
3458,LDC,2000,333.541041289596,38.0157494546563,25.2928484467998,2.26979541388502,3.05364880883965
3459,LDC,2001,314.11849513558,38.9322611228628,25.7000042420153,2.23875415872681,3.43571469530288
3460,LDC,2002,338.101121320549,39.9133291297747,26.1192955266477,2.18609052258415,3.62921505769274
3461,LDC,2003,373.857895132539,40.9202548379649,26.5603771715792,2.13527244236778,3.83552908303662
3462,LDC,2004,420.034056451314,41.5649792989131,27.028124416625,2.08870249825015,4.01814009048036
3463,LDC,2005,487.477531865706,42.5733305706912,27.5088909962302,2.03535165868004,3.96162638202146
3464,LDC,2006,552.997930938455,43.6078010868618,27.9983947849888,1.99331296062767,4.10293563405609
3465,LDC,2007,648.873362581636,44.6315328716539,28.4552997421588,1.97112084876124,4.15629672998439
3466,LDC,2008,778.954486616236,45.6825799204958,28.9877215658902,1.94787859808737,4.03700825347674
3467,LDC,2009,751.965080386192,46.7705422024535,29.4686997453348,1.93615429722972,4.30908839994941
3468,LDC,2010,831.843840698341,47.8705097847789,29.9273951664358,1.92651305697814,3.99506446329663
3469,LDC,2011,925.476117160599,49.0078641347733,30.3566815515875,1.91117022880011,3.88799298975109
3470,LDC,2012,947.852167260893,44.0204956941845,30.7678755749609,1.90434729513538,3.80322945109986
3471,LDC,2013,1007.4142967268,45.0789648935615,31.1964735168481,1.88338188674227,3.97082798697708
3472,LDC,2014,1056.97673052647,46.1579947750621,31.6474007044254,1.88252687577081,3.99448914582448
3473,LDC,2015,983.414934367096,47.2466657749518,32.1000663267792,1.86075299420312,4.17472072764032
3474,LDC,2016,968.123330592586,48.369244968772,32.5615637568186,1.84336526545731,4.13412344392004
3475,LDC,2017,1037.25514816682,49.5237743451998,33.0338857488887,1.81379125159412,3.97379522658607
3476,LDC,2018,1082.35070462921,50.7051020561144,33.5099096116646,1.79264617907713,3.81885233991103
3477,LDC,2019,1106.28664072321,51.9261776791985,33.9542997559168,1.7542383690378,3.6477547051148
3478,LDC,2020,1089.46260850363,53.1830000875333,34.3799933582931,1.71617833529449,3.80683107556935
3479,LDC,2021,1175.42321388464,54.4342728173392,34.8106741074615,1.66854319068218,3.91874634264265
3480,LDC,2022,1298.29338219278,55.6782756758275,35.2521934518586,1.62651553287033,3.66937533029104
3481,LDC,2023,1258.15690309732,56.9649505268161,35.6888977222996,1.56926872050796,3.60668572644975
3482,LDC,2024,1299.44368873396,,36.1583212100394,1.51470311649222,
3483,LDC,2025,1361.99182021439,,36.6351976248878,,
3484,LIE,2000,76087.911114202,204.03125,14.9899997711182,,
3485,LIE,2001,75067.8001680043,207.4625,14.8957603808328,,
3486,LIE,2002,79795.1785891101,210.5875,14.8086674998164,,
3487,LIE,2003,90108.3673647008,212.99375,14.7291064332791,,
3488,LIE,2004,100280.831356705,215.29375,14.6574624864307,,
3489,LIE,2005,105295.057027611,217.20625,14.594120964481,,
3490,LIE,2006,114167.939211301,218.98125,14.5394671726401,,
3491,LIE,2007,130492.595349517,220.3875,14.4938864161177,,
3492,LIE,2008,143249.227302093,221.70625,14.4577640001239,,
3493,LIE,2009,126024.714567466,223.3875,14.4314852298684,,
3494,LIE,2010,141089.812849014,225.1375,14.4154354105611,,
3495,LIE,2011,158066.369379163,226.95,14.4099998474121,,
3496,LIE,2012,148842.035144342,229.10625,14.4124545370445,,
3497,LIE,2013,172823.607794648,231.15,14.4201755971624,,5.7494297
3498,LIE,2014,178735.153020908,232.8,14.4336985145967,,5.63615656
3499,LIE,2015,167187.15730982,234.3375,14.4535587761782,,5.75139189
3500,LIE,2016,165375.491396259,235.725,14.4802918687379,,5.85200214
3501,LIE,2017,170547.092298954,237.2625,14.5144332791067,,5.67968512
3502,LIE,2018,174988.775083446,239.0375,14.5565184941154,,5.54688025
3503,LIE,2019,166907.839305016,241.01875,14.6070830005951,,5.78483772
3504,LIE,2020,164671.093553454,243.13125,14.6666622853765,,6.05532694
3505,LIE,2021,201944.830335076,244.8875,14.6989159370696,,5.38460207
3506,LIE,2022,188055.003235348,246.83125,14.6923070071538,,5.64409113
3507,LIE,2023,206780.590353385,249.0375,14.6783761234077,,5.71460724
3508,LIE,2024,220167.225473557,,14.657584904886,,
3509,LIE,2025,,,14.6298998993293,,
3510,LKA,2000,860.199884304769,307.655142720459,14.6196895000898,0.1,4.10818672
3511,LKA,2001,803.544026627385,312.55560516664,14.5739539539707,0.1,4.05662823
3512,LKA,2002,834.936014905338,315.830840376336,14.6107836754127,0.1,4.03715754
3513,LKA,2003,946.382255128072,318.1553340775,14.7256630416211,0.1,3.64646697
3514,LKA,2004,1028.62068132555,320.325386700686,14.9130061059922,0.1,4.03912592
3515,LKA,2005,1207.21994764165,322.381183224366,15.167273918248,0.1,3.87908745
3516,LKA,2006,1388.89739119932,324.548094402807,15.4829275281105,0.1,3.85019565
3517,LKA,2007,1578.63451125392,326.782730027109,15.8544279853018,0.1,3.82258177
3518,LKA,2008,1973.58476901287,328.964726518896,16.2762363395441,0.1,3.85482955
3519,LKA,2009,2026.65939950702,330.990830808484,16.7428136405592,0.1,4.05676842
3520,LKA,2010,2808.36245207687,332.946723010684,17.2486209380693,0.1,3.7414515
3521,LKA,2011,3224.95745082305,335.019103811194,17.7881192817964,0.1,3.5819521
3522,LKA,2012,3327.77612404326,337.577069047999,18.2617686748284,0.1,3.30659294
3523,LKA,2013,3739.43182292825,328.257056290863,18.4323136480916,0.1,3.69365358
3524,LKA,2014,3972.04377042271,331.334715356403,18.6153877203724,0.1,3.46786141
3525,LKA,2015,4057.71582716521,338.810527846445,18.796256612131,0.1,3.6826396
3526,LKA,2016,4149.19189391879,342.672030762768,18.9747679368162,0.1,3.61788416
3527,LKA,2017,4398.88828786059,346.614318258931,19.1507693078088,0.1,3.33093429
3528,LKA,2018,4358.56095905888,350.284495021337,19.3241083384127,0.1,3.6418879
3529,LKA,2019,4081.94772178134,352.431694638296,19.4946326418437,0.1,3.70119572
3530,LKA,2020,3847.60136741182,354.332363401229,19.6621898312161,0.1,4.27431631
3531,LKA,2021,3996.96240531688,358.163595215002,19.8266275195269,0.1,5.19427729
3532,LKA,2022,3342.63650438046,358.567733591982,19.9877933196367,0.1,3.98300457
3533,LKA,2023,3815.41531767474,356.239896540576,20.1455348442463,0.1,3.68313766
3534,LKA,2024,4545.36006870612,,20.2996997058686,0.1,
3535,LKA,2025,5002.07904353724,,20.4501355167937,,
3536,LMY,2000,1181.58700856793,65.2218353882537,39.3441966399783,,4.93959155768977
3537,LMY,2001,1166.62849081531,66.2430861484134,39.9394437986361,,4.95634359893582
3538,LMY,2002,1165.81880007426,67.2544292472635,40.5840748665473,,4.81757421167513
3539,LMY,2003,1282.06751065817,68.2527728781307,41.2362776973907,,4.90777241659187
3540,LMY,2004,1485.19021783787,69.1289173583153,41.841609047877,,4.88392628632039
3541,LMY,2005,1731.57858565204,70.1359477381372,42.4448632923241,,4.90171914739067
3542,LMY,2006,2012.45292596824,71.0509634034925,43.0721632114442,,4.84046490597434
3543,LMY,2007,2438.533897181,72.0558293616596,43.7313443578033,,4.76285729753769
3544,LMY,2008,2864.71513254652,73.0752431434163,44.296632656456,,4.78855152078004
3545,LMY,2009,2835.65326081723,74.1112567782416,44.9146397964738,,5.1051672300856
3546,LMY,2010,3399.2509126603,75.154241027733,45.4142988752394,,4.94386716659208
3547,LMY,2011,3921.45366982115,76.2128815618833,46.3060209061561,,4.93170116490564
3548,LMY,2012,4118.30612372108,74.820053373175,46.898793612362,,4.97378253796813
3549,LMY,2013,4290.6132325261,75.8645196878609,47.5558053161274,,5.0637750307832
3550,LMY,2014,4422.77737437186,76.9015603221378,48.164746904256,,5.09735206513609
3551,LMY,2015,4223.77742891002,77.9091147515093,48.8131137351494,,5.1982396028492
3552,LMY,2016,4211.54702250163,78.9188617661408,49.4002817533326,,5.19920134494814
3553,LMY,2017,4543.08689291431,79.943524717515,49.9511508416674,,5.19729646562437
3554,LMY,2018,4773.03574184686,80.9399909090512,50.513558376457,,5.11374729686595
3555,LMY,2019,4857.12471542798,81.9135808879743,51.0178827228954,,5.17436931389828
3556,LMY,2020,4646.47209072865,82.8512369560038,51.4188594538107,,5.43696156183902
3557,LMY,2021,5422.11312035073,83.6989426440246,51.9053998647644,,5.35758956985327
3558,LMY,2022,5626.6962378216,84.5049753599971,52.2288701723598,,5.53948828082068
3559,LMY,2023,5733.51584469729,85.3281404707501,52.5071871488085,,5.61090683167427
3560,LMY,2024,5874.03080372303,,52.8061674651841,0.959799174020733,
3561,LMY,2025,6107.26169428605,,53.1245267427522,,
3562,LSO,2000,442.779545779081,66.0050395256917,19.3273988558381,22.0,5.15633392
3563,LSO,2001,412.677473676821,65.9042490118577,19.8975236019886,22.5,6.59075689
3564,LSO,2002,388.92334985135,65.7008893280632,20.4926272688562,22.8,5.8607502
3565,LSO,2003,583.270036200288,65.3840250329381,21.1231084926925,23.1,5.33754826
3566,LSO,2004,766.685820928242,64.9251976284585,21.7993659097494,23.2,5.24658537
3567,LSO,2005,861.381496414995,64.3305665349144,22.5317981562788,23.3,4.67452669
3568,LSO,2006,925.467485502842,64.0666337285902,23.3329886243114,23.5,5.40532398
3569,LSO,2007,861.188420899563,64.3368906455863,24.2187949905661,23.8,7.22251844
3570,LSO,2008,898.482517882593,64.7740777338603,25.1966303659683,24.2,7.66648197
3571,LSO,2009,878.847950537772,65.2464756258235,26.2591028264855,24.6,8.9529829
3572,LSO,2010,1119.47557793042,65.7526679841897,27.4004815007995,24.8,7.4048481
3573,LSO,2011,1280.73390931581,66.337582345191,28.6150355175921,24.9,8.99487114
3574,LSO,2012,1217.93071228944,67.0077075098814,29.8970340055453,24.9,9.98601341
3575,LSO,2013,1151.03735837227,67.7372859025033,31.2407460933407,24.9,10.97986031
3576,LSO,2014,1173.5377928819,68.5141304347826,32.6404409096604,24.7,9.98823929
3577,LSO,2015,1121.19851342518,69.321837944664,34.0903875831861,24.3,9.25280476
3578,LSO,2016,992.491840678465,70.1720026350461,35.5077950709441,23.8,9.19744301
3579,LSO,2017,1069.36673247542,71.0510540184453,36.5283648068846,23.1,10.52956581
3580,LSO,2018,1170.65569702819,71.9236824769433,37.569092747415,22.3,11.12637329
3581,LSO,2019,1082.05706777516,72.7735507246377,38.6040920446259,21.5,21.92373085
3582,LSO,2020,918.582574704447,73.6405467720685,39.6329305425532,20.7,10.40836906
3583,LSO,2021,1066.58645143823,74.4908432147563,40.6551760851997,19.8,10.66165733
3584,LSO,2022,1030.12582947757,75.3000658761528,41.6703965165322,18.9,12.89569187
3585,LSO,2023,921.435141557056,76.135441370224,42.6781596804785,18.0,12.61182117
3586,LSO,2024,1023.04227681523,,43.6780334209246,17.1,
3587,LSO,2025,1088.96276223185,,44.6695855817109,,
3588,LTE,2000,1673.00080694053,46.0098979791788,45.9301030414284,,5.30742252289581
3589,LTE,2001,1717.76267736624,46.3489595968754,46.824121624004,,5.21253742899592
3590,LTE,2002,1809.49031464168,46.6640057376622,47.8457015259866,,5.2582841414426
3591,LTE,2003,2048.6554132749,46.9615796679169,48.8810754232342,,5.17019872447456
3592,LTE,2004,2447.19375720562,47.260206287554,49.7719954411966,,5.06748659694223
3593,LTE,2005,2933.48126780409,47.5540348054057,50.6585131865521,,5.04742183168305
3594,LTE,2006,3519.25786036637,47.750641833215,51.6357355450764,,4.96851839627653
3595,LTE,2007,4409.30545340337,48.0619705322459,52.7380161745815,,4.87800862011405
3596,LTE,2008,5453.26292482574,48.3767096734734,53.5584495858467,,4.98549407991319
3597,LTE,2009,5245.34288910066,48.6767234859002,54.5225313726798,,5.41990825089902
3598,LTE,2010,6277.14833950582,48.9508454672571,55.2002774149779,,5.1921920534329
3599,LTE,2011,7598.75700554996,49.2573421756937,56.9188763539629,,5.11330788451837
3600,LTE,2012,8073.2092545931,49.6199977803342,57.8070692828074,,5.14649114281296
3601,LTE,2013,8644.25759929064,49.9715537391357,58.7788304798318,,5.25533084198163
3602,LTE,2014,8923.25719295961,50.3353116598204,59.6576878869777,,5.34475371374055
3603,LTE,2015,8331.63288950883,50.6732232074435,60.7294578905785,,5.3979633861322
3604,LTE,2016,8297.33628667142,51.0030271729307,61.7622468361698,,5.47638516896998
3605,LTE,2017,9138.44151395876,51.3413723858099,62.7392997946222,,5.57494841663545
3606,LTE,2018,9966.8758096194,51.6220327311281,63.7579414927705,,5.5603740572274
3607,LTE,2019,10120.4663725773,51.8569344666989,64.6307387465605,,5.71659931707056
3608,LTE,2020,9874.06805462328,52.0075777068734,65.2628534044695,,6.0618712374443
3609,LTE,2021,11760.0897155889,52.0968624093197,66.1284355869503,,5.82771976334064
3610,LTE,2022,12287.4566066286,52.1793552830029,66.577578734994,,6.16556387768475
3611,LTE,2023,12427.24971376,52.2339399382844,66.9097159245761,,6.31155209542518
3612,LTE,2024,12874.6436381177,,67.2581719439057,,
3613,LTE,2025,13677.3231696707,,67.6587211144091,,
3614,LTU,2000,3300.63634928559,55.8317804722399,66.9768374826555,0.1,6.18559313
3615,LTU,2001,3532.52787363242,55.3736119974473,66.9286097501613,0.1,6.00193262
3616,LTU,2002,4148.13091485015,54.9308710912572,66.8887100219727,0.1,6.13477659
3617,LTU,2003,5507.47434187652,54.4864869176771,66.7596664428711,0.1,6.17724085
3618,LTU,2004,6734.57487061946,53.8780312699426,66.6022567749023,0.1,5.48347187
3619,LTU,2005,7857.03148786492,53.0077855775367,66.5784912109375,0.1,5.64637566
3620,LTU,2006,9210.10118229413,52.1682992980217,66.6381530761719,0.1,5.85725737
3621,LTU,2007,12295.1212779366,51.5522335673261,66.7184982299805,0.1,5.75978613
3622,LTU,2008,14955.5345462921,51.0288153171121,66.7527770996094,0.1,6.29010201
3623,LTU,2009,11854.3711053096,50.4653530115676,66.7816619873047,0.1,7.34499836
3624,LTU,2010,11829.122609457,49.418141204627,66.7712860107422,0.1,6.9058671
3625,LTU,2011,14261.8433787325,48.3153301209433,66.7518340055756,0.1,6.54017687
3626,LTU,2012,14288.1853493139,47.6934454478731,66.8536758422852,0.1,6.30798101
3627,LTU,2013,15636.5252586048,47.2477064220183,67.0092086791992,0.1,6.15501022
3628,LTU,2014,16446.1647181663,46.8835275339186,67.1514937628023,0.2,6.22244453
3629,LTU,2015,14269.8039878287,46.4662250598563,67.2282485961914,0.2,6.47396851
3630,LTU,2016,14934.2702840428,45.9328405861882,67.1894226074219,0.2,6.64928818
3631,LTU,2017,16800.1510246099,45.3798470650213,67.1012954711914,0.2,6.44472837
3632,LTU,2018,19247.2315367967,45.0135717707169,67.1464742010457,0.2,6.46896172
3633,LTU,2019,19608.7943945553,44.8912328329607,67.245735168457,0.2,6.94472647
3634,LTU,2020,20428.6478157394,44.8797349089748,67.4254608154297,0.2,7.41619062
3635,LTU,2021,23882.8668916753,44.8551349624661,68.1912117004395,0.2,7.73210812
3636,LTU,2022,24946.5724005188,45.2309596830873,68.2866452426813,0.2,7.24367952
3637,LTU,2023,27983.3658256887,45.87196485623,68.575454583199,0.2,7.31801939
3638,LTU,2024,29603.7772588256,,68.8285833315315,0.2,7.59519005
3639,LTU,2025,32958.6706396386,,69.0816381352764,,
3640,LUX,2000,48659.6390968187,169.472433053922,84.4182155177842,0.1,5.92533875
3641,LUX,2001,48440.1805564662,171.501984882267,84.8173254067976,0.2,6.38193941
3642,LUX,2002,53005.731801629,173.30818890175,85.203425653095,0.2,6.76099968
3643,LUX,2003,65689.3214536911,175.427079853639,85.5906295073034,0.2,6.96221447
3644,LUX,2004,76544.9170868473,177.938286087179,85.9799097226846,0.2,7.2793355
3645,LUX,2005,80988.2044869403,180.681774041935,86.3735649102561,0.2,7.12328196
3646,LUX,2006,90788.8164271049,183.586849281014,86.7738936810355,0.2,6.6364212
3647,LUX,2007,107475.320297978,186.444147510546,87.1831946460401,0.2,6.15803099
3648,LUX,2008,120422.137934157,189.806794434561,87.6037664162874,0.2,6.23101091
3649,LUX,2009,109419.746953106,193.354334501216,88.0379076027949,0.2,6.94993162
3650,LUX,2010,110885.991378721,196.916246513832,88.48791681658,0.2,6.66263008
3651,LUX,2011,119025.057203467,201.342029008025,88.9562814837254,0.2,5.95225334
3652,LUX,2012,112584.676270958,206.235870823396,89.4405768017292,0.2,5.29404306
3653,LUX,2013,120000.140729859,211.05785290896,89.9413746679705,0.2,5.23557377
3654,LUX,2014,123678.706919314,216.091529874226,90.4577807676859,0.2,5.23040915
3655,LUX,2015,105462.012584423,221.251835336342,90.9893679353068,0.2,5.08113575
3656,LUX,2016,106899.293549552,226.072263698018,91.5357090052649,0.2,5.07103872
3657,LUX,2017,110193.213797228,231.635372078028,92.0963768119916,0.2,5.13535357
3658,LUX,2018,116926.759593905,236.146609386046,92.6709441899184,0.2,5.27355194
3659,LUX,2019,112696.649059674,240.827591028798,93.2589839734767,0.2,5.46640301
3660,LUX,2020,116860.02817236,244.874264894386,93.8600689970981,0.2,5.7671175
3661,LUX,2021,134965.815442152,248.62068161867,94.5861743396533,0.2,5.60806084
3662,LUX,2022,123719.658915996,253.685433061691,94.7605400940185,0.2,5.60926914
3663,LUX,2023,133230.619178899,258.862052624628,94.8015300320787,0.3,5.78777981
3664,LUX,2024,137781.681659123,,94.8438702866393,0.3,5.89136267
3665,LUX,2025,147252.179121515,,94.8841729598587,,
3666,LVA,2000,3278.17896440803,38.0469892490398,68.0520561441955,0.3,5.57169294
3667,LVA,2001,3504.61829462397,37.5587767367863,68.0163660524785,0.3,5.89092207
3668,LVA,2002,4003.60935783538,37.1249296928986,67.9813450702046,0.3,5.95477772
3669,LVA,2003,4914.57992829302,36.7678821090523,67.9493840506358,0.4,5.73644829
3670,LVA,2004,6109.73265186817,36.3688109663008,67.9206702831277,0.4,6.47518539
3671,LVA,2005,7283.78738127622,35.9779356228004,67.8953910570353,0.4,6.08161736
3672,LVA,2006,9211.7374468148,35.6494287045816,67.873733661714,0.4,6.02127075
3673,LVA,2007,13370.9789452508,35.3596509553731,67.8558853865191,0.5,5.81969213
3674,LVA,2008,15677.6080864506,34.9899882687579,67.8420335208058,0.5,5.86603212
3675,LVA,2009,11996.0322729773,34.4170376203256,67.8323653539295,0.5,6.2683239
3676,LVA,2010,11188.4191700977,33.7081170552975,67.8270681752453,0.5,6.22420359
3677,LVA,2011,12902.574053337,33.0999244700853,67.8266897008267,0.5,5.91758251
3678,LVA,2012,13329.3499931271,32.691902228936,67.8331638942219,0.6,5.62075043
3679,LVA,2013,14484.4715282132,32.3436289713468,67.847334482933,0.6,5.60404825
3680,LVA,2014,15185.814581236,32.0404647500281,67.8686035364944,0.6,5.66363621
3681,LVA,2015,13321.9753140616,31.7792437366417,67.8965395668259,0.6,5.84916782
3682,LVA,2016,13838.5266823272,31.4901409356067,67.9307110858472,0.6,6.35184479
3683,LVA,2017,15132.4958333982,31.2123033409935,67.9706866054779,0.6,6.18721867
3684,LVA,2018,17252.1710428626,30.9700612274415,68.0160346376376,0.6,6.40854263
3685,LVA,2019,17294.9751600969,30.755491989008,68.066323694246,0.6,6.86276913
3686,LVA,2020,17564.2321549354,30.5391129680219,68.1211222872228,0.6,7.50587368
3687,LVA,2021,20261.8887788916,30.2826610959344,68.1808791463693,0.6,9.4105072
3688,LVA,2022,20221.103686109,30.2005945685361,68.2570218109034,0.6,8.1044302
3689,LVA,2023,22710.2637544197,30.2701269484172,68.3586316343061,0.5,7.27783823
3690,LVA,2024,23578.9663562625,,68.4839492628509,0.5,
3691,LVA,2025,26311.9730706362,,68.6325719753517,,
3692,MAC,2000,15731.4081633771,21530.0,99.9957926704194,,
3693,MAC,2001,15810.7227666562,16688.4615384615,99.9998984128371,,
3694,MAC,2002,16814.9926424134,16237.037037037,100.0,,
3695,MAC,2003,18589.8998330534,16429.6296296296,100.0,,
3696,MAC,2004,23407.1993692194,16239.2857142857,100.0,,
3697,MAC,2005,25681.2167315221,16910.7142857143,100.0,,
3698,MAC,2006,29813.7877167933,17444.0559440559,100.0,,
3699,MAC,2007,35400.2334659409,17839.0410958904,100.0,,
3700,MAC,2008,38888.5118044503,18517.1232876712,100.0,,
3701,MAC,2009,40354.2810293673,18135.593220339,100.0,,
3702,MAC,2010,52596.2250160214,18080.8080808081,100.0,,
3703,MAC,2011,67046.7284292101,18381.27090301,100.0,,
3704,MAC,2012,76058.0224963659,18993.3110367893,100.0,,
3705,MAC,2013,87107.8313063626,19534.6534653465,100.0,,
3706,MAC,2014,88355.3181764446,20518.1518151815,100.0,,
3707,MAC,2015,69902.9605741233,21148.0263157895,100.0,,
3708,MAC,2016,68911.6755919628,21393.4426229508,100.0,,
3709,MAC,2017,77570.9876166977,21051.9480519481,100.0,,
3710,MAC,2018,83588.2875009014,20027.3556231003,100.0,,
3711,MAC,2019,81882.6964523869,20425.5319148936,100.0,,
3712,MAC,2020,36883.6652578543,20832.8267477204,100.0,,
3713,MAC,2021,44884.8961602393,20681.8181818182,100.0,,
3714,MAC,2022,36806.891255461,20524.2424242424,100.0,,
3715,MAC,2023,67216.3631112124,20569.696969697,100.0,,
3716,MAC,2024,72004.7437020733,,100.0,,
3717,MAC,2025,75901.7461294198,,100.0,,
3718,MAF,2000,,,100.0,,
3719,MAF,2001,,,100.0,,
3720,MAF,2002,,,100.0,,
3721,MAF,2003,,,100.0,,
3722,MAF,2004,,,100.0,,
3723,MAF,2005,,,100.0,,
3724,MAF,2006,,,100.0,,
3725,MAF,2007,,,100.0,,
3726,MAF,2008,,,100.0,,
3727,MAF,2009,,,100.0,,
3728,MAF,2010,,,100.0,,
3729,MAF,2011,20930.5821177758,741.38,100.0,,
3730,MAF,2012,,745.52,100.0,,
3731,MAF,2013,,748.38,100.0,,
3732,MAF,2014,20638.7705882379,749.0,100.0,,
3733,MAF,2015,,747.38,100.0,,
3734,MAF,2016,,743.5,100.0,,
3735,MAF,2017,,736.74,100.0,,
3736,MAF,2018,,720.24,100.0,,
3737,MAF,2019,19033.0649634889,685.34,100.0,,
3738,MAF,2020,,635.72,100.0,,
3739,MAF,2021,21668.3776525323,599.22,100.0,,
3740,MAF,2022,,577.4,100.0,,
3741,MAF,2023,,550.3,100.0,,
3742,MAF,2024,,,100.0,,
3743,MAF,2025,,,100.0,,
3744,MAR,2000,1499.107421875,63.6868362088281,53.58724711125,0.1,3.69304585
3745,MAR,2001,1506.24523925781,64.5633945776384,53.8972613497219,0.1,3.81601191
3746,MAR,2002,1596.02062988281,65.4226798117858,54.222745830177,0.1,4.06117535
3747,MAR,2003,1941.87255859375,66.2590522070356,54.5782811140771,0.1,4.08037519
3748,MAR,2004,2183.55541992188,67.1140891776832,54.9787569660869,0.1,4.23211098
3749,MAR,2005,2242.98828125,68.0218328478602,55.4397798676399,0.1,4.37350655
3750,MAR,2006,2438.12646484375,68.9472955411158,55.9627589629824,0.1,4.56586647
3751,MAR,2007,2755.5859375,69.8778131301815,56.5303841299064,0.1,4.80759001
3752,MAR,2008,3183.20043945313,70.8195541115841,57.1254169272616,0.1,4.83789158
3753,MAR,2009,3119.58862304688,71.7696123683621,57.7306189138977,0.1,5.27312183
3754,MAR,2010,3067.9853515625,72.7470669952946,58.3287516486646,0.1,5.41861057
3755,MAR,2011,3301.98876953125,73.745435805512,58.902576690412,0.1,5.37019396
3756,MAR,2012,3164.17724609375,74.7372641720816,59.4348555979895,0.1,5.39619017
3757,MAR,2013,3379.7431640625,75.7059623571589,59.9083499302469,0.1,5.25540543
3758,MAR,2014,3435.40698242188,76.6407797445664,60.3030486171654,0.1,5.41626596
3759,MAR,2015,3146.24780273438,77.5433295989245,60.6417124737154,0.1,5.10435581
3760,MAR,2016,3140.85546875,78.4751445216222,60.9657656537179,0.1,5.09203386
3761,MAR,2017,3296.52661132813,79.4227918440511,61.2761057031842,0.1,4.98920393
3762,MAR,2018,3501.69799804688,80.3041900067219,61.5695822753314,0.1,4.94516659
3763,MAR,2019,3508.09765625,81.1357786242438,61.8430450233765,0.1,5.020401
3764,MAR,2020,3268.0302734375,81.9722339233699,62.0933436005366,0.1,5.78939486
3765,MAR,2021,3785.93627929688,82.8017969975353,62.3173276600289,0.1,5.45314503
3766,MAR,2022,3463.1376953125,83.6411920233027,62.5118468550703,0.1,5.75281
3767,MAR,2023,3813.72607421875,84.5003473000224,62.673750838878,0.1,6.06396198
3768,MAR,2024,4153.1943359375,,62.7998124018197,0.1,
3769,MAR,2025,4672.46826171875,,63.1278612260269,,
3770,MCO,2000,81789.014508777,16011.3468179576,100.0,,3.69517851
3771,MCO,2001,82402.7746362391,16007.400098668,100.0,,3.75409245
3772,MCO,2002,90051.4463079416,15995.066600888,100.0,,3.80900764
3773,MCO,2003,111110.460463916,15971.3862851505,100.0,,4.43228912
3774,MCO,2004,125160.282928751,15938.3325111002,100.0,,4.52476597
3775,MCO,2005,130538.711379722,15890.4785397139,100.0,,4.5028882
3776,MCO,2006,143083.509443656,15814.9975333004,100.0,,4.29611254
3777,MCO,2007,184558.455423983,15706.4627528367,100.0,,3.81232905
3778,MCO,2008,204263.893236529,15705.9694129255,100.0,,4.08434391
3779,MCO,2009,169150.337647299,15966.4528860385,100.0,,4.84222221
3780,MCO,2010,161853.922745228,16360.6314750863,100.0,,4.9583292
3781,MCO,2011,179364.009524397,16746.916625555,100.0,,4.63545036
3782,MCO,2012,165444.625782803,17124.3216576221,100.0,,4.75676775
3783,MCO,2013,184940.633666281,17487.4198322644,100.0,,4.57396126
3784,MCO,2014,195693.519540544,17823.3843117908,100.0,,4.4414835
3785,MCO,2015,170437.021128628,18133.6951159349,100.0,,4.31486797
3786,MCO,2016,173604.669723126,18389.7385298471,100.0,,4.1231184
3787,MCO,2017,170663.470051177,18588.061174149,100.0,,4.16119528
3788,MCO,2018,188298.389694191,18822.8909718796,100.0,,4.04786777
3789,MCO,2019,193746.729890885,18800.6906758757,100.0,,3.87993813
3790,MCO,2020,176891.806328966,18771.583621115,100.0,,4.28652716
3791,MCO,2021,223823.327192464,18487.0441458733,100.0,,3.67494631
3792,MCO,2022,226052.060664649,18680.9021113244,100.0,,3.39488029
3793,MCO,2023,256799.911212051,18692.8982725528,100.0,,3.11959291
3794,MCO,2024,288001.574856495,,100.0,,
3795,MCO,2025,,,100.0,,
3796,MDA,2000,440.538683980372,101.844482362364,40.4185981750488,0.4,5.92687273
3797,MDA,2001,507.404076252819,101.616986454017,39.6744270324707,0.5,6.23449755
3798,MDA,2002,570.799866188293,101.381934046035,39.620719909668,0.6,7.40437651
3799,MDA,2003,682.319095965299,101.132058382973,39.5945358276367,0.6,7.02227592
3800,MDA,2004,897.178494749468,100.846989588049,39.4460945129395,0.6,8.97114944
3801,MDA,2005,1034.39197746993,100.566888293243,39.3704032897949,0.7,9.55814838
3802,MDA,2006,1183.02481442894,100.287778048526,39.2182388305664,0.7,10.54445267
3803,MDA,2007,1531.21618590748,100.055661920841,39.4315032958984,0.8,11.02066803
3804,MDA,2008,2110.55305353857,99.8653879625439,39.3710708618164,0.8,10.94920063
3805,MDA,2009,1898.43975710988,99.739374107982,39.3255348205566,0.8,13.6766243
3806,MDA,2010,2436.79935102421,99.7787848154216,39.2804946899414,0.8,10.13112831
3807,MDA,2011,2941.36224066021,99.7210931780946,39.3469161987305,0.8,9.09670353
3808,MDA,2012,3044.8084324815,99.6732759521901,39.3614196777344,0.9,9.13962078
3809,MDA,2013,3321.04397795719,99.5771842462653,39.4275512695312,0.9,8.68300343
3810,MDA,2014,3289.95758568777,99.5164884911377,39.6298484802246,0.9,8.73206043
3811,MDA,2015,2749.55137054338,98.7560678343838,39.6954040527344,0.9,8.50013351
3812,MDA,2016,2847.08794770479,97.614165825121,39.7373237609863,0.9,7.62106228
3813,MDA,2017,3453.26727720294,95.9093883802694,39.9736557006836,0.9,7.1278038
3814,MDA,2018,4156.44981956646,94.2543946689506,40.3258094787598,0.9,6.70760345
3815,MDA,2019,4405.33418162155,92.756093569939,40.772289276123,0.9,6.49662447
3816,MDA,2020,4375.7788930524,91.7473260542588,41.3368530273438,0.9,7.00484037
3817,MDA,2021,5274.60582195352,90.3612977338393,41.8115425109863,0.9,7.7490406
3818,MDA,2022,5744.29618434435,88.05425357802,42.4048843383789,0.9,6.96505404
3819,MDA,2023,6799.58594644576,85.437584732506,43.0011825561523,0.9,6.7359705
3820,MDA,2024,7578.90216348853,,43.516471862793,0.9,
3821,MDA,2025,8621.71721623786,,43.7336240404545,,
3822,MDG,2000,280.282905559649,28.4010351824466,25.0095755608264,0.1,3.99177623
3823,MDG,2001,319.283278235657,29.2893678852701,25.3079943968146,0.1,4.11513853
3824,MDG,2002,304.941777398445,30.1783419885133,25.6037489918904,0.1,4.92866945
3825,MDG,2003,352.620095849925,31.075857206727,25.8967668078478,0.1,5.00276566
3826,MDG,2004,272.20074858856,31.9954053031606,26.1869753064804,0.1,5.25090027
3827,MDG,2005,305.812074924388,32.946498951061,26.4743019495822,0.1,5.21557808
3828,MDG,2006,324.146874882604,33.9287220139629,26.7586741989468,0.1,5.07203865
3829,MDG,2007,419.548001431865,34.9392698696564,27.0400195163682,0.2,4.60865784
3830,MDG,2008,512.579800058444,35.9800529628229,27.31826536364,0.2,4.08111811
3831,MDG,2009,446.315238370592,37.0521030367644,27.5933392025561,0.2,4.38469839
3832,MDG,2010,450.009391645726,38.1458541114971,27.8651684949103,0.2,4.69762659
3833,MDG,2011,506.163691559309,39.2273910913638,28.1336807024963,0.2,4.521595
3834,MDG,2012,493.511162904211,40.327672118186,28.3988032871081,0.2,3.91105914
3835,MDG,2013,515.301589361832,41.4391371605363,28.6604637105393,0.2,3.75156307
3836,MDG,2014,505.684922503435,42.5650532829151,28.9185894345838,0.3,4.46240282
3837,MDG,2015,445.320069480568,43.7035097971812,29.1731079210354,0.3,5.0062542
3838,MDG,2016,453.970714522463,44.8606943966999,29.4239466316878,0.3,5.33248854
3839,MDG,2017,491.866848718929,46.0439584049502,29.671033028335,0.3,4.80225945
3840,MDG,2018,500.45718552916,47.2583808869027,29.9181125346909,0.3,4.22160387
3841,MDG,2019,499.818837622534,48.5038741835682,30.3046972370204,0.3,3.10129309
3842,MDG,2020,450.771615205157,49.7654795462358,30.7019474167548,0.3,3.72316122
3843,MDG,2021,483.469463351195,51.0331436919904,31.1137123216036,0.4,3.55335546
3844,MDG,2022,504.059106969168,52.3156772086628,31.5397813465886,0.4,3.14948058
3845,MDG,2023,514.064076551927,53.6196837401169,31.9799438860946,0.4,3.42822957
3846,MDG,2024,550.37875528856,,32.4339893339844,0.5,
3847,MDG,2025,599.265294255357,,32.9017070836898,,
3848,MDV,2000,2213.81235053178,940.063333333333,27.6038586493758,0.1,7.73655844
3849,MDV,2001,3033.93234507036,955.89,28.5499181889238,0.1,8.21364975
3850,MDV,2002,3076.07007160101,972.053333333333,29.8881681908815,0.1,8.78440189
3851,MDV,2003,3548.5767011056,988.303333333333,31.3913356462169,0.1,6.77857542
3852,MDV,2004,4070.2609459446,1004.71,32.8541942827704,0.1,7.48356962
3853,MDV,2005,3796.51546524644,1021.43,34.0715178283824,0.1,8.82753372
3854,MDV,2006,5018.94335409159,1046.17,34.8678636610379,0.1,8.04819012
3855,MDV,2007,5758.10286933053,1081.59666666667,35.4340781469745,0.1,8.30568123
3856,MDV,2008,6757.43280929292,1120.56666666667,35.9335121678807,0.1,11.47104168
3857,MDV,2009,6734.03165601895,1160.91666666667,36.3718272129661,0.1,10.0928812
3858,MDV,2010,7173.59601844692,1202.64,36.7646137762553,0.1,8.48758984
3859,MDV,2011,7424.520410971,1245.58,37.1274623517731,0.1,7.92251587
3860,MDV,2012,7461.29703686309,1289.39333333333,37.475963433544,0.1,8.67304802
3861,MDV,2013,8236.08177944126,1333.56666666667,37.8257075155926,0.1,8.15509319
3862,MDV,2014,8939.07416571472,1378.72333333333,38.1938859868107,0.1,7.91345072
3863,MDV,2015,9644.90655028145,1427.18,38.5771510715291,0.1,8.68310642
3864,MDV,2016,9947.80744731739,1477.69333333333,38.9560872317815,0.1,10.23337078
3865,MDV,2017,10509.628805812,1527.62333333333,39.32787719143,0.1,9.14948273
3866,MDV,2018,11423.2838427029,1576.99666666667,39.6923354428279,0.1,7.2940383
3867,MDV,2019,11740.2724029785,1625.77,40.0492764783282,0.1,7.50238085
3868,MDV,2020,7393.8886543933,1673.72666666667,40.3985147902839,0.1,11.43943214
3869,MDV,2021,10176.143882547,1720.51333333333,40.7398648710483,0.1,8.85169506
3870,MDV,2022,11786.0191492983,1747.02,41.0641769690663,0.1,7.4997015
3871,MDV,2023,12587.6126038651,1765.08053691275,41.5096832933973,0.1,9.24973583
3872,MDV,2024,13379.3513577224,,41.9982152717385,0.1,
3873,MDV,2025,14614.7208116541,,42.5061567995467,,
3874,MEA,2000,2220.17760810318,39.1205813574758,48.6994220205845,0.106335579725529,4.2443304532907
3875,MEA,2001,2152.65763807858,40.0398325290766,49.0163705355735,0.106380876406031,4.54154353414599
3876,MEA,2002,2092.42649543325,40.9659534553527,49.2729068924265,0.106420543562125,4.46154624794089
3877,MEA,2003,2279.27390627646,41.9267484532594,49.5183573887709,0.106189425636872,4.28706258824736
3878,MEA,2004,2623.96338362197,42.9345571290448,49.8079884517661,0.10590154699863,4.09029450516696
3879,MEA,2005,3050.54818555888,43.972037001608,50.1043079184128,0.10563413671613,3.92785085136626
3880,MEA,2006,3482.13613849624,45.0539715429544,50.3795976913063,0.105412982616619,3.87579609177986
3881,MEA,2007,4009.6538543062,46.1484567476675,50.6801329870905,0.105038650395129,3.90618934253159
3882,MEA,2008,4838.92296020983,47.2595728449152,50.9861350256982,0.104670057331441,3.8081861160135
3883,MEA,2009,4261.00104677278,48.402001856602,51.2777903563857,0.104561847105924,4.67066375396579
3884,MEA,2010,4874.74374602995,49.4062557722331,51.496551443161,0.104222891991021,4.43365326155633
3885,MEA,2011,5735.78283895152,50.5310468130288,51.8428269722488,0.104044811325875,4.33294697262648
3886,MEA,2012,6052.38238208124,51.6553996438614,52.3441905145837,0.103699059240451,4.3794551193042
3887,MEA,2013,5871.07008125381,52.7782720181475,52.9394246896376,0.103359318636406,4.46996357196899
3888,MEA,2014,5814.71484290247,53.8266969644997,53.3224917392575,0.103202336334607,4.86419475945692
3889,MEA,2015,5130.25978607342,54.8954519831127,53.6392632351358,0.102866819847641,5.39206167782879
3890,MEA,2016,5130.21030038801,55.9068416627011,53.9026375690062,0.102707212051871,5.5934973747322
3891,MEA,2017,5283.42471158364,56.8731349878273,54.0927613956461,0.102551532231465,5.53176778499619
3892,MEA,2018,5550.31969384997,57.7809296801308,54.2444653262483,0.136879669859664,5.15567727107653
3893,MEA,2019,5416.06362418233,58.7580608208057,54.4404080887212,0.136772363528689,5.1896210992533
3894,MEA,2020,4749.14341262891,59.8411531477421,54.6812240122644,0.136605249246773,5.76977826855952
3895,MEA,2021,5622.19134191977,60.7250431143297,54.8188568175474,0.136714085264137,5.43385814903023
3896,MEA,2022,6436.74030312288,61.8936069908227,55.12536380356,0.136429239294866,4.95650258720541
3897,MEA,2023,6144.70308054742,63.1160102273383,55.4304551226559,0.136236535454257,5.34256816818965
3898,MEA,2024,6275.43469598207,,55.6954503331851,0.135904223484885,
3899,MEA,2025,6202.19002141299,,55.9556552886396,,
3900,MEX,2000,7524.0271380091,50.734613544587,74.9203113970256,0.2,4.24436522
3901,MEX,2001,7952.76479510706,51.4926304688907,75.2907557567987,0.2,4.58201361
3902,MEX,2002,7983.03398381759,52.2382900794774,75.6840752828994,0.2,4.83042812
3903,MEX,2003,7434.07465031562,52.9738496360503,76.046170340551,0.2,5.53978777
3904,MEX,2004,7849.66759649565,53.7020658967566,76.3274397419019,0.2,5.6835022
3905,MEX,2005,8671.75891798441,54.4311859872939,76.4748624380269,0.3,5.58110142
3906,MEX,2006,9512.63575346699,55.1730579490213,76.4982455683657,0.3,5.40647888
3907,MEX,2007,10134.3327129706,55.9553280691376,76.5047326234761,0.3,5.50668049
3908,MEX,2008,10523.7685427665,56.7783574680419,76.5090428271033,0.3,5.44587374
3909,MEX,2009,8423.56933148639,57.6145070603668,76.5143930040295,0.3,5.84786463
3910,MEX,2010,9728.80078307432,58.4500090022892,76.5244441414713,0.3,5.4897337
3911,MEX,2011,10664.4944032313,59.2831626327838,76.5667802279537,0.3,5.30093002
3912,MEX,2012,10744.1335236186,60.0932163893104,76.6585199140734,0.3,5.42140484
3913,MEX,2013,11216.800851866,60.8778893490059,76.7955768077952,0.3,5.5773263
3914,MEX,2014,11391.3773503964,61.6190030607783,76.9741367091766,0.4,5.35336781
3915,MEX,2015,10021.2386113616,62.2815946912215,77.1903854182753,0.4,5.52738619
3916,MEX,2016,9097.92397674769,62.8881149206513,77.4405087351486,0.4,5.38499022
3917,MEX,2017,9649.27816729586,63.4790282671879,77.7206924598541,0.4,5.3117938
3918,MEX,2018,10084.7937570364,64.0827752771419,78.0271223924494,0.4,5.23821402
3919,MEX,2019,10369.5553593527,64.6945559299365,78.355984332992,0.4,5.3013463
3920,MEX,2020,8841.27074929751,65.227528485815,78.677960602824,0.4,6.05248594
3921,MEX,2021,10314.0506733708,65.664316469045,78.9324007418057,0.4,5.87678003
3922,MEX,2022,11405.7940469896,66.1607124668844,79.199683215791,0.4,5.70919704
3923,MEX,2023,13830.843848864,66.7402757272564,79.4734935748046,0.4,5.50398684
3924,MEX,2024,13988.0423745241,,79.7538805976118,0.5,
3925,MEX,2025,13889.2339628708,,80.0408930629723,,
3926,MHL,2000,2264.79114897645,281.7,68.2755984422337,,13.52467632
3927,MHL,2001,2394.34501105178,284.016666666667,68.6170787509313,,11.18965435
3928,MHL,2002,2566.06708799222,285.694444444444,69.0380806209326,,12.06634617
3929,MHL,2003,2539.3307383954,286.883333333333,69.5231265029735,,13.3324337
3930,MHL,2004,2566.08291015814,287.727777777778,70.0567388477898,,14.15128136
3931,MHL,2005,2658.65217893885,288.366666666667,70.6234401061174,,18.45293236
3932,MHL,2006,2754.26988767503,288.844444444444,71.2077527286922,,22.29854774
3933,MHL,2007,2892.28403958874,289.083333333333,71.7941991662501,,16.82522392
3934,MHL,2008,2817.60522775322,289.055555555556,72.3673018695269,,18.97963715
3935,MHL,2009,2906.63026970914,288.994444444444,72.9115832892586,,18.7292881
3936,MHL,2010,3095.45768964722,289.133333333333,73.4115658761809,,17.73354912
3937,MHL,2011,3319.39815439151,288.372222222222,73.8553711172585,,11.35905361
3938,MHL,2012,3514.26515490383,285.661111111111,74.2705132518924,,11.66154385
3939,MHL,2013,3677.90690791421,281.561111111111,74.6790601806083,,12.13685322
3940,MHL,2014,3735.23977829545,276.644444444444,75.0790555372177,,12.04489326
3941,MHL,2015,3764.34426229508,271.111111111111,75.4702568207363,,14.78209972
3942,MHL,2016,4229.80988911945,265.05,75.8524215301796,,14.62816238
3943,MHL,2017,4592.83457628576,258.494444444444,76.2253071645634,,12.02498436
3944,MHL,2018,4858.12079054875,251.583333333333,76.5886712229035,,14.46723938
3945,MHL,2019,5292.33985502306,244.483333333333,76.9422712042154,,14.98994541
3946,MHL,2020,5661.96787336674,237.255555555556,77.285864607515,,12.12413406
3947,MHL,2021,6315.31172190393,229.816666666667,77.6163157431143,,12.49257088
3948,MHL,2022,6455.6603538189,222.65,77.9855966195187,,13.60796833
3949,MHL,2023,6799.39217554794,215.705555555556,78.3593928884282,,13.40528965
3950,MHL,2024,7590.28443592202,,78.7325660244112,,
3951,MHL,2025,8489.05793506422,,79.105503091452,,
3952,MIC,2000,1255.46174685563,71.5601879789006,40.4343019229201,,4.96267928960297
3953,MIC,2001,1242.22843960232,72.6092570290315,41.0729743134168,,4.97128466891422
3954,MIC,2002,1240.91759491541,73.6270966904428,41.772629183484,,4.82642377424066
3955,MIC,2003,1366.50745222422,74.6206630751834,42.4841464500605,,4.91104768818037
3956,MIC,2004,1585.10628044678,75.6340575263469,43.1430073060853,,4.8849183636109
3957,MIC,2005,1849.46883810202,76.6353261093512,43.8019695175297,,4.90441612777434
3958,MIC,2006,2152.970922294,77.5038688410477,44.4880456129603,,4.83729636424044
3959,MIC,2007,2613.04907204417,78.4870213627798,45.2126380147461,,4.75457142674925
3960,MIC,2008,3073.19618643341,79.4866769881374,45.8225269106267,,4.78582116115534
3961,MIC,2009,3047.40789191738,80.5013968904064,46.4975357084807,,5.10056812058946
3962,MIC,2010,3664.92162337478,81.5202823280176,47.0403033483919,,4.94256286227355
3963,MIC,2011,4240.03549037097,82.5529219708055,48.0047713767066,,4.93509036393307
3964,MIC,2012,4467.32549649132,83.6189877944695,48.6253515790537,,4.97597127249802
3965,MIC,2013,4661.49740787105,84.686818817856,49.3147227686173,,5.06149909495878
3966,MIC,2014,4808.99653991663,85.7454669653497,49.9726953069028,,5.09334375903116
3967,MIC,2015,4597.60474958281,86.7586184600428,50.6857478753473,,5.19569589239539
3968,MIC,2016,4598.01556540424,87.7576728482734,51.3297823323889,,5.19550837017172
3969,MIC,2017,4970.75305971396,88.7602488207185,51.9320485360666,,5.19589369215594
3970,MIC,2018,5231.9314869653,89.7123951829397,52.5468329848241,,5.11566027081741
3971,MIC,2019,5333.00944959533,90.6221515864228,53.1016369485035,,5.1803772620934
3972,MIC,2020,5110.03730012152,91.4831393791852,53.543730448338,,5.44087353600096
3973,MIC,2021,5980.00050387597,92.234226463762,54.0812947662006,,5.36138555879435
3974,MIC,2022,6209.92727259514,92.9361744263473,54.4326887515123,,5.54976611197589
3975,MIC,2023,6342.84660727863,93.6440268965279,54.7420083291234,,5.62455595449996
3976,MIC,2024,6507.45727213279,,55.0660835467752,0.864960987213593,
3977,MIC,2025,6778.79773310904,,55.413010423551,,
3978,MKD,2000,1861.89899780644,79.6834447502949,58.4918382392587,0.1,8.86991501
3979,MKD,2001,1823.02267682636,80.0189539913488,58.0943199277127,0.1,8.3815918
3980,MKD,2002,1989.13537265159,79.4399134880063,57.8726144171205,0.1,8.97826958
3981,MKD,2003,2445.36286400013,79.5408965788439,57.8501791693323,0.1,9.00857735
3982,MKD,2004,2818.5814561242,79.283759339363,57.8527941292946,0.1,8.46505451
3983,MKD,2005,3120.98401394233,78.8568619740464,57.8614206464767,0.1,7.67907524
3984,MKD,2006,3440.4411057968,78.4226110892646,57.8796574341199,0.1,7.38314581
3985,MKD,2007,4204.11328760452,78.5942528735632,57.9111032054655,0.1,6.57065344
3986,MKD,2008,5026.4202989873,78.1408244153785,57.9593566737547,0.1,6.55317593
3987,MKD,2009,4799.78722768888,77.6678033306899,58.0280165522288,0.1,6.52846384
3988,MKD,2010,4833.36586759968,77.1727993655829,58.1206815541291,0.1,6.71369696
3989,MKD,2011,5416.86672931659,76.8199048374306,58.2409503926967,0.1,6.51887369
3990,MKD,2012,5049.8265386157,76.5194686756542,58.3924217811729,0.1,6.61468363
3991,MKD,2013,5626.26115664893,76.2377478191911,58.578694432799,0.1,6.71928358
3992,MKD,2014,5925.38592218015,76.0331879460745,58.8033670608162,0.1,6.28993368
3993,MKD,2015,5262.68671928674,75.8298969072165,59.0700383784659,0.1,6.34227896
3994,MKD,2016,5598.48622617967,75.5873513084853,59.3823070989891,0.1,6.37943363
3995,MKD,2017,5955.2973863451,75.2837827121332,59.7437719356273,0.1,6.43909454
3996,MKD,2018,6713.98925398989,74.9028945281523,60.1580316016216,0.1,6.45699358
3997,MKD,2019,6718.85826635458,74.3957969865186,60.6286848102132,0.1,7.06654119
3998,MKD,2020,6659.59651070776,73.5973037272006,61.1593302746435,0.1,7.73212385
3999,MKD,2021,7620.80296977508,72.8435368754956,61.6841975628139,0.1,8.41851234
4000,MKD,2022,7606.2375253797,72.6293417922284,61.9530566607267,0.1,7.42164755
4001,MKD,2023,8674.35846327485,72.474861221253,62.2518322545779,0.1,7.42730284
4002,MKD,2024,9291.8566035502,,62.5645376928533,0.1,
4003,MKD,2025,10489.9255355525,,62.8909857826036,,
4004,MLI,2000,304.652870189314,9.47335251067457,18.977631037325,1.7,5.4663372
4005,MLI,2001,346.224554248587,9.76254353830141,19.3181950112665,1.7,4.51952076
4006,MLI,2002,378.191678628068,10.0706037584311,19.6792980362731,1.6,4.99775982
4007,MLI,2003,441.910358475171,10.3958850670797,20.0594231247985,1.6,5.05061436
4008,MLI,2004,495.006294675661,10.7380071956007,20.4570532892964,1.5,5.21768713
4009,MLI,2005,548.730382848879,11.0955236479565,20.8706715422205,1.5,5.19517279
4010,MLI,2006,586.985415512593,11.4655414320721,21.2987608960246,1.4,5.4559021
4011,MLI,2007,670.853394978069,11.8487899425499,21.7398043631622,1.4,5.2530427
4012,MLI,2008,767.194838946144,12.2446356714938,22.1922849560871,1.4,5.02688074
4013,MLI,2009,787.48256428259,12.6501110482794,22.6557955217884,1.4,5.21225691
4014,MLI,2010,797.151541141189,13.0677992771618,23.1359461824894,1.3,4.67867136
4015,MLI,2011,938.292902579598,13.497118481548,23.6379674039304,1.3,4.01485014
4016,MLI,2012,872.506092463946,13.8970430834542,24.1606168848588,1.3,3.7521801
4017,MLI,2013,901.920957649814,14.3089313959301,24.7033626854883,1.2,3.96408582
4018,MLI,2014,947.915033293219,14.7684106573566,25.2656728660325,1.2,4.48158312
4019,MLI,2015,838.11986940103,15.2378088658324,25.847015486705,1.2,4.11143351
4020,MLI,2016,872.468587171653,15.7281152935199,26.4468586077195,1.1,3.77377558
4021,MLI,2017,924.057531692284,16.2376441373884,27.0646702892896,1.1,3.67425752
4022,MLI,2018,996.379292136901,16.7531531974529,27.6999185916288,1.0,3.73251104
4023,MLI,2019,971.949318638092,17.2664953818668,28.3520715749509,1.0,3.82943797
4024,MLI,2020,953.242943290974,17.7954548062187,29.0205972994693,0.9,3.50623369
4025,MLI,2021,1027.27345365357,18.348478515641,29.7049638253978,0.9,3.54318666
4026,MLI,2022,976.914116406452,18.9090551471492,30.4015705681899,0.8,3.72170115
4027,MLI,2023,1042.44223444837,19.4798572353486,31.0031889023235,0.8,3.81316996
4028,MLI,2024,1093.2523323649,,31.6075621182225,0.8,
4029,MLI,2025,1193.27601004701,,32.2127137183989,,
4030,MLT,2000,10348.485765125,1219.021875,93.278338811526,0.1,6.62621355
4031,MLT,2001,10357.7026407269,1228.2125,93.3621924014528,0.1,7.0297122
4032,MLT,2002,11251.2024877398,1237.403125,93.4431095912187,0.1,7.73333311
4033,MLT,2003,13593.9787182902,1245.56875,93.5241031580205,0.1,7.93917513
4034,MLT,2004,15212.1312964883,1253.9625,93.6081858790552,0.1,8.03966808
4035,MLT,2005,15831.3439802756,1261.98125,93.6985189936163,0.1,8.69497585
4036,MLT,2006,16653.6038312389,1266.5875,93.7986874969541,0.1,8.84659672
4037,MLT,2007,19444.1743635565,1271.0125,93.9118231189546,0.1,8.18593979
4038,MLT,2008,22405.6426266551,1279.309375,94.0294765354989,0.1,7.82490158
4039,MLT,2009,21261.5428699817,1288.990625,94.1423744490362,0.2,7.88854265
4040,MLT,2010,21946.6073066905,1295.3375,94.2412435620154,0.2,7.89857197
4041,MLT,2011,23516.972445816,1300.8375,94.3155916422812,0.2,8.31816673
4042,MLT,2012,22878.3095862582,1312.5875,94.3626256493653,0.2,8.24921417
4043,MLT,2013,25415.5525389054,1327.53125,94.3906567856206,0.2,8.30319595
4044,MLT,2014,27424.5693619702,1354.628125,94.412512773898,0.2,8.88463974
4045,MLT,2015,25529.6693210673,1388.1875,94.4387696268011,0.2,8.70199776
4046,MLT,2016,26459.0644285369,1420.328125,94.4800033569336,0.2,8.69928074
4047,MLT,2017,30317.2611769875,1459.70625,94.5691806330314,0.2,8.31366253
4048,MLT,2018,33382.280781103,1512.196875,94.7242373261706,0.2,8.11269569
4049,MLT,2019,32421.9087471186,1574.725,94.9332032524644,0.2,8.89282227
4050,MLT,2020,31823.422001724,1610.90625,95.1841082280263,0.2,9.85403538
4051,MLT,2021,38078.0064279067,1619.21875,95.5145343617045,0.3,9.52782059
4052,MLT,2022,35658.8318250199,1659.728125,95.6003155132879,0.3,9.09105396
4053,MLT,2023,40932.5238774461,1727.334375,95.6272277147965,0.3,8.84301376
4054,MLT,2024,44023.6341078148,,95.6546264490509,0.3,
4055,MLT,2025,47906.9000057635,,95.6805856649593,,
4056,MMR,2000,196.619580625284,69.3007941365486,27.5346072708149,0.6,2.00781965
4057,MMR,2001,141.525660705722,70.0357116626373,27.7107064116875,0.7,2.16208982
4058,MMR,2002,146.598390364449,70.7418872601524,27.8849700456368,0.7,2.59446764
4059,MMR,2003,224.292688912409,71.406787648805,28.0568026064444,0.8,2.3959713
4060,MMR,2004,224.508811413327,72.0344831808026,28.2256085278922,0.8,2.33253765
4061,MMR,2005,252.685193060728,72.6067788049467,28.390792243762,0.8,2.3447094
4062,MMR,2006,303.495087119254,73.1252161537638,28.5517581878355,0.8,2.26559186
4063,MMR,2007,419.375780725042,73.6397401762762,28.7079107938945,0.9,2.03606868
4064,MMR,2008,658.442487229705,74.0701856698964,28.8586544957208,0.9,2.12175322
4065,MMR,2009,758.442935789255,74.4840945966631,29.0033937270962,0.9,2.17283702
4066,MMR,2010,1010.53417343401,75.045742889508,29.1415329218024,0.9,1.96793783
4067,MMR,2011,1213.62898703376,75.6475990754489,29.2724765136213,0.9,1.95077813
4068,MMR,2012,1202.6658960055,76.3032167189773,29.3956289363345,0.9,2.43605232
4069,MMR,2013,1199.09561597055,76.9624823911313,29.5103946237239,0.9,3.11112022
4070,MMR,2014,1293.00042298688,77.6040209468978,29.6164342116462,0.9,4.14940882
4071,MMR,2015,1166.73305546337,78.2278679487965,29.7166821191682,0.9,5.19711542
4072,MMR,2016,1229.19713515893,78.8867551089188,29.8129165582094,0.9,4.76220942
4073,MMR,2017,1272.82241830603,79.5020114898506,29.9051727703437,0.9,4.6921258
4074,MMR,2018,1298.21310320785,80.0861758847863,29.993574050729,0.9,4.53514671
4075,MMR,2019,1425.98954211903,80.6507017006282,30.0782436945232,0.9,3.814466
4076,MMR,2020,1490.21683548367,81.2302112859485,30.1593049968842,0.9,4.27808714
4077,MMR,2021,1242.72134419599,81.7980020531049,30.2368812529698,0.9,5.53530645
4078,MMR,2022,1158.05005034332,82.3644215300228,30.311095757938,0.9,4.49158478
4079,MMR,2023,1233.19666209269,82.9420656687147,30.3820718069466,0.9,4.45748425
4080,MMR,2024,1359.05001560107,,30.4499084074136,0.9,
4081,MMR,2025,1488.87527836542,,30.5836915476767,,
4082,MNA,2000,1247.47233601948,45.9896913197014,46.3147883353373,0.10681626479029,4.30232347976222
4083,MNA,2001,1226.17513564007,47.007183037732,46.5949768183905,0.10687848531752,4.58485756217036
4084,MNA,2002,1168.52531612381,48.0319970597146,46.8109363292773,0.106936421687816,4.55249505313683
4085,MNA,2003,1263.87606211705,49.1005741611585,47.0179434083517,0.106701913308269,4.36612976351042
4086,MNA,2004,1463.04140886351,50.2261467352218,47.2746226620702,0.106404862066979,4.2967068533014
4087,MNA,2005,1657.11019014742,51.3806494391487,47.5319300484683,0.106129585382421,4.25342016615588
4088,MNA,2006,1883.12072392022,52.5641919558156,47.7512660052196,0.105907820890785,4.23725390950089
4089,MNA,2007,2237.26190656626,53.7243409348052,47.9731071044676,0.105522593986158,4.2538328012232
4090,MNA,2008,2658.20562971484,54.9008576613877,48.2030779120363,0.105139576319801,4.28692576684595
4091,MNA,2009,2515.92356926376,56.142268888359,48.4373440390892,0.104954686548837,4.94460863665514
4092,MNA,2010,2821.50866622906,57.3701971008675,48.6902296244778,0.104578094289247,4.85191292434452
4093,MNA,2011,3237.8356313737,58.5873598896704,49.0044547569398,0.104396527822108,4.84205043541157
4094,MNA,2012,3417.92480806409,59.7718279995111,49.4690950778976,0.104030729450181,4.8843282269162
4095,MNA,2013,3153.94010992027,60.9240087486355,50.0190261281607,0.103669916953227,4.81302498140136
4096,MNA,2014,3079.70398875281,62.058006211722,50.3756426552581,0.10350258705402,5.18003513164397
4097,MNA,2015,2808.6233441937,63.1299804385823,50.6192148296493,0.103139524806234,5.62863387745316
4098,MNA,2016,2869.01813118566,64.1718148657434,50.8273618824722,0.102967772992918,5.71464601732638
4099,MNA,2017,2865.83515636992,65.2984288331834,51.0212891329828,0.102788242527944,5.67607752617409
4100,MNA,2018,2815.3901774218,66.4596824458768,51.2278326304516,0.141207077214544,5.20807949308352
4101,MNA,2019,2701.71325265282,67.6570003203435,51.461592912125,0.14098402871358,5.0585493281953
4102,MNA,2020,2415.26254491139,68.8541652705908,51.6896857274925,0.14080860112845,5.02169820555161
4103,MNA,2021,2760.50031198582,70.039935736465,51.9157887433595,0.140702692419339,4.86962324861495
4104,MNA,2022,3022.54814280134,71.237977506172,52.1693289932022,0.140528417670852,4.76580090349135
4105,MNA,2023,2872.39008505083,72.4876135406796,52.4233912654293,0.140411696362104,5.20467148839159
4106,MNA,2024,2963.06913716955,,52.6418305162983,0.140129032481774,
4107,MNA,2025,2829.12883889291,,52.8628681640079,,
4108,MNE,2000,1627.06511911987,,59.0899260145706,0.1,
4109,MNE,2001,1909.59870186179,,60.1387879596705,0.1,
4110,MNE,2002,2109.30631947331,,61.0261817231895,0.1,
4111,MNE,2003,2789.95435110345,,61.6986616237464,0.1,
4112,MNE,2004,3386.38099417981,,62.210498320663,0.1,
4113,MNE,2005,3675.98851272723,,62.6763680644251,0.1,
4114,MNE,2006,4422.55172559508,45.7267657992565,63.111308588912,0.1,
4115,MNE,2007,5979.43813180981,45.7899628252788,63.5035790981749,0.1,
4116,MNE,2008,7390.01481290503,45.8713011152416,63.8414387962647,0.1,
4117,MNE,2009,6726.67589734408,45.969814126394,64.1131468872325,0.1,
4118,MNE,2010,6678.63939560908,46.054126394052,64.3069625751293,0.1,
4119,MNE,2011,7265.51771176628,46.1223048327138,64.4210914835811,0.1,7.96692181
4120,MNE,2012,6552.47970337373,46.2020817843866,64.5244008658951,0.1,8.29550457
4121,MNE,2013,7102.7776714702,46.2889962825279,64.6252987959653,0.1,8.47144604
4122,MNE,2014,7342.17147363741,46.3750185873606,64.7232143772459,0.1,8.00086784
4123,MNE,2015,6421.00005731419,46.4424535315985,64.8181652937171,0.1,9.02188778
4124,MNE,2016,6968.01202883651,46.4946468401487,64.9101692293409,0.1,8.63302994
4125,MNE,2017,7674.2856571219,46.5414126394052,64.9992438680584,0.1,7.98255396
4126,MNE,2018,8673.59469069858,46.5753159851301,65.0854068937869,0.1,8.34355545
4127,MNE,2019,8749.25629734676,46.5987360594796,65.1686759904159,0.1,8.32983208
4128,MNE,2020,7555.48699036321,46.5866171003717,65.2490688418027,0.1,11.42177582
4129,MNE,2021,9315.86435643142,46.4723420074349,65.3266031317675,0.1,10.55253506
4130,MNE,2022,10038.1849482517,46.3636431226766,65.4012965440866,0.1,10.19081783
4131,MNE,2023,12258.1600477339,46.3590334572491,65.4731667624849,0.1,9.6549921
4132,MNE,2024,13270.1824401005,,65.5422314706266,0.1,
4133,MNE,2025,14816.8380299947,,65.6085083521036,,
4134,MNG,2000,476.02755082717,1.54338839734181,56.7305447074496,0.1,6.07605076
4135,MNG,2001,524.453483552485,1.56242113783138,57.2155913875612,0.1,5.4423995
4136,MNG,2002,570.249213248399,1.58263236912359,58.1310120482033,0.1,5.49190998
4137,MNG,2003,643.168068921658,1.59541792198924,59.3546986563236,0.1,4.29768944
4138,MNG,2004,794.154552001815,1.6137036582467,60.7829994587671,0.1,4.30204487
4139,MNG,2005,994.90010913241,1.63171323734666,62.3122627023789,0.1,3.86456275
4140,MNG,2006,1329.89179579053,1.64830525022335,63.8388366340039,0.1,3.74971509
4141,MNG,2007,1627.68787743359,1.6705735718479,65.2590695004873,0.1,4.07522774
4142,MNG,2008,2127.42678594737,1.69711733640935,66.4693095486742,0.1,4.55693007
4143,MNG,2009,1703.32756790019,1.72788137676538,67.3659050254095,0.1,4.45980072
4144,MNG,2010,2625.21881402433,1.75857916493112,67.8298018313254,0.1,3.73945642
4145,MNG,2011,3736.04201455077,1.78925253897917,67.9196058798676,0.1,3.58612084
4146,MNG,2012,4328.89001905655,1.82353600871754,67.9522782537785,0.1,3.85800076
4147,MNG,2013,4340.14310544449,1.8616184405066,67.9776750055915,0.1,4.08932018
4148,MNG,2014,4126.23975800524,1.90278211075515,67.9941357229626,0.1,4.20989752
4149,MNG,2015,3838.92126989984,1.94371713207737,67.9999999906095,0.1,4.23154545
4150,MNG,2016,3619.90026383792,1.98352563105577,67.9776754820979,0.1,4.58008575
4151,MNG,2017,3645.96708669551,2.02209412791248,67.9260583223672,0.1,4.33954191
4152,MNG,2018,4107.64288528468,2.06015649331677,67.8683444833372,0.1,4.53449297
4153,MNG,2019,4347.54610314873,2.09835043390369,67.8277299551557,0.1,4.49497986
4154,MNG,2020,4001.25193077703,2.13623721809195,68.0894771770775,0.1,4.6662488
4155,MNG,2021,4517.61578018785,2.17253662423347,69.2153244018555,0.1,7.21042728
4156,MNG,2022,4993.51487463495,2.2046394565685,69.783805847168,0.1,8.85170174
4157,MNG,2023,5838.63108083902,2.23365125312889,70.4464492797852,0.1,6.07207489
4158,MNG,2024,6750.6301157724,,70.9566040039062,0.1,
4159,MNG,2025,7108.22743246244,,71.1450719126123,,
4160,MNP,2000,,148.6,90.1578212649113,,
4161,MNP,2001,,147.791304347826,90.2518305832026,,
4162,MNP,2002,19227.8894246608,145.169565217391,90.3408350832433,,
4163,MNP,2003,18938.8728389967,142.219565217391,90.4244081904616,,
4164,MNP,2004,18924.5831899653,138.995652173913,90.5036416127499,,
4165,MNP,2005,17015.7487891715,135.552173913043,90.5796270580004,,
4166,MNP,2006,16314.5578590027,131.917391304348,90.6534562341057,,
4167,MNP,2007,15914.2193040498,128.132608695652,90.726220848958,,
4168,MNP,2008,16430.4461942257,124.239130434783,90.7990126104496,,
4169,MNP,2009,14369.6339810212,120.271739130435,90.8729232264729,,
4170,MNP,2010,14771.4037455399,117.589130434783,90.9488180328106,,
4171,MNP,2011,13598.7166094613,116.539130434783,91.0253367901352,,
4172,MNP,2012,14013.6003306158,115.726086956522,91.1011927559234,,
4173,MNP,2013,14632.8518897608,114.691304347826,91.1764941872129,,
4174,MNP,2014,15945.417608954,113.430434782609,91.2512344351276,,
4175,MNP,2015,17665.1007493109,111.986956521739,91.3254068507915,,
4176,MNP,2016,24225.474169342,110.376086956522,91.3990047853283,,
4177,MNP,2017,31225.6049960968,108.60652173913,91.4720215898621,,
4178,MNP,2018,26509.3628379893,106.689130434783,91.5444506155168,,
4179,MNP,2019,24496.6652122421,104.628260869565,91.6162852134162,,
4180,MNP,2020,18220.8382427201,103.321739130435,91.6908367362908,,
4181,MNP,2021,19455.50139424,102.128260869565,91.7842137303802,,
4182,MNP,2022,23785.754590043,100.169565217391,91.8785788645608,,
4183,MNP,2023,,98.1369565217391,91.9754112887573,,
4184,MNP,2024,,,92.0747260922394,,
4185,MNP,2025,,,92.1765383642716,,
4186,MOZ,2000,327.12623979157,23.0545703095196,29.2423697311441,8.8,2.14253044
4187,MOZ,2001,304.792138621913,23.5735000890155,29.4137097764239,9.4,2.80098224
4188,MOZ,2002,313.886661721198,24.1083674559373,29.5686323334348,9.9,3.18652654
4189,MOZ,2003,339.488737800648,24.6604377018744,29.7146340268639,10.3,3.25095367
4190,MOZ,2004,400.056973161545,25.2299308222488,29.8592114813982,10.6,3.53062654
4191,MOZ,2005,436.773856167384,25.8203018896717,30.0098613217248,10.9,4.21435642
4192,MOZ,2006,457.487647833183,26.4338958264452,30.1740801725307,11.1,3.94559026
4193,MOZ,2007,507.874923914304,27.070417609807,30.3598131347122,11.3,3.79955554
4194,MOZ,2008,592.159111184122,27.746173605636,30.5625357695184,11.6,4.13496828
4195,MOZ,2009,547.697144193651,28.4744589129937,30.7715592059159,11.8,5.05562353
4196,MOZ,2010,496.185839392659,29.2469734733844,30.9861779822921,12.0,5.29249668
4197,MOZ,2011,618.17649286789,30.0732966250413,31.2062230032794,12.3,4.9217639
4198,MOZ,2012,685.685748199513,30.9492179353493,31.4315251735105,12.4,5.14035702
4199,MOZ,2013,686.505672517351,31.8568770823266,31.6619153976179,12.6,6.04556036
4200,MOZ,2014,697.142680444123,32.7939100689234,31.8972245802342,12.7,6.24013042
4201,MOZ,2015,610.563774706589,33.7592156463796,32.1372836259918,12.8,6.60972881
4202,MOZ,2016,441.489734819071,34.7632251583204,32.3819234395234,12.9,7.21501875
4203,MOZ,2017,470.93856305196,35.8177891095908,32.6274411492675,12.8,7.80532169
4204,MOZ,2018,517.507260258101,36.9015539561026,32.9902559073541,12.8,7.97903347
4205,MOZ,2019,519.09255091362,38.0024670006867,33.4177241517032,12.7,7.90207434
4206,MOZ,2020,462.433876479921,39.1460718736489,33.9044006416285,12.6,7.55190039
4207,MOZ,2021,509.907829475551,40.3212187492052,34.4499259401554,12.4,8.64841366
4208,MOZ,2022,578.273222184503,41.5273099519316,35.0536638047945,12.1,8.24868107
4209,MOZ,2023,622.191133245967,42.7721457819375,35.7149783148407,11.8,8.50126553
4210,MOZ,2024,656.976148587772,,36.4332337447237,11.5,
4211,MOZ,2025,626.914419215727,,37.2077944927189,,
4212,MRT,2000,680.911061879778,2.53559813718832,38.0555858542174,0.7,3.37824655
4213,MRT,2001,651.817840199777,2.59897157271757,38.1070763150421,0.7,3.5718379
4214,MRT,2002,648.879643934862,2.65708256524692,38.3900378438208,0.7,4.00224972
4215,MRT,2003,732.017820812675,2.71858542737945,38.8866922319919,0.7,4.03254652
4216,MRT,2004,823.554457141893,2.78321917143689,39.5685575664461,0.7,3.70429492
4217,MRT,2005,998.96583416747,2.85151741534879,40.407151934074,0.7,3.40312648
4218,MRT,2006,1300.60367988659,2.92389638110022,41.3739934217664,0.6,2.70252752
4219,MRT,2007,1405.15016203368,3.00093043562627,42.4406001164139,0.6,2.87644005
4220,MRT,2008,1635.5630623124,3.08845347821869,43.5784901049073,0.6,3.01338983
4221,MRT,2009,1435.43010811893,3.18661880275541,44.7591814741371,0.5,3.11034036
4222,MRT,2010,1659.96369705455,3.28996313185214,45.9541923109942,0.5,2.63618922
4223,MRT,2011,1931.19975525465,3.39847773357912,47.1350407023691,0.4,2.47383666
4224,MRT,2012,1859.11733247641,3.511238963811,48.2732447351525,0.4,2.64919329
4225,MRT,2013,1936.26950446101,3.62308916270496,49.3553973225913,0.4,2.86799884
4226,MRT,2014,1718.97089374709,3.7338837683128,50.4694791226856,0.3,3.46724391
4227,MRT,2015,1558.84205473416,3.84783060056272,51.6680350049622,0.3,3.67363763
4228,MRT,2016,1568.00551190332,3.96493354031241,52.9185627319946,0.3,3.18699503
4229,MRT,2017,1617.93401542267,4.08518482584651,54.1970448502004,0.2,3.41947556
4230,MRT,2018,1723.37809442655,4.20848452508004,55.1305077000081,0.2,2.88362551
4231,MRT,2019,1767.072710621,4.33463471427185,56.0596215779146,0.2,3.09176588
4232,MRT,2020,1795.72437324423,4.46311341806539,56.9836701058893,0.2,3.00147843
4233,MRT,2021,1947.47413907209,4.59384301930727,57.901535141641,0.2,3.78022528
4234,MRT,2022,1961.28166648869,4.73041331134181,58.8120996197226,0.2,4.66962671
4235,MRT,2023,2127.9576285973,4.87284466867178,59.7142464747058,0.1,4.34333467
4236,MRT,2024,2104.54260769051,,60.6068586411829,0.1,
4237,MRT,2025,2197.51046251309,,61.4888190537696,,
4238,MUS,2000,3981.98343249582,584.666502463054,42.063123063288,,2.85734653
4239,MUS,2001,3908.55694927435,589.303940886699,41.8827214180181,,2.92151856
4240,MUS,2002,4073.06053055903,593.409359605911,41.6986829938864,,3.18897271
4241,MUS,2003,4858.26575549747,597.71921182266,41.5127065251754,,3.18201613
4242,MUS,2004,5460.60800184198,601.479310344828,41.3265540022042,,3.31652546
4243,MUS,2005,5354.02974260642,605.051231527094,41.1419874152917,,3.51794028
4244,MUS,2006,5784.22491883026,607.879802955665,40.9607687547567,,3.60573649
4245,MUS,2007,6677.37538616398,610.655172413793,40.7846600109183,,3.52321672
4246,MUS,2008,8140.47983639243,612.867487684729,40.6154231740954,,3.93896508
4247,MUS,2009,7426.86137313939,614.497044334975,40.4548202346069,,4.17035627
4248,MUS,2010,8113.17670740212,615.960591133005,40.3046131827718,,4.51898289
4249,MUS,2011,9324.24232310496,627.142714071107,40.1665923228716,,4.25059652
4250,MUS,2012,9421.52514098225,628.884326489735,40.0369511615085,,4.21993399
4251,MUS,2013,9877.13865958834,630.409113670506,39.9108848558771,,4.620821
4252,MUS,2014,10490.3315563853,631.551326990486,39.7887571971735,,5.38024664
4253,MUS,2015,9630.5437837507,632.388082123185,39.6709610617726,,5.55042362
4254,MUS,2016,10095.1225574156,632.822734101152,39.5578893260494,,5.54289532
4255,MUS,2017,10986.7034093005,633.393590385578,39.4499348663789,,5.59857273
4256,MUS,2018,11818.7480619272,633.739108662994,39.3474905591359,,5.60310221
4257,MUS,2019,11568.2533399824,633.943415122684,39.2509492806955,,5.69508171
4258,MUS,2020,9135.84773751062,633.957936905358,39.1607039074325,,6.09606028
4259,MUS,2021,9177.71195973013,634.118177265899,39.077147315722,,6.6160841
4260,MUS,2022,10246.5017455553,632.209814722083,39.0000125885784,,5.84209728
4261,MUS,2023,11269.9684462139,625.261392088132,39.0039901092226,,5.56544495
4262,MUS,2024,11990.9355434317,,39.0162147027917,,
4263,MUS,2025,12991.2935987166,,39.0369663368524,,
4264,MWI,2000,224.22415918428,120.024840899448,14.6770603287659,15.3,2.35247517
4265,MWI,2001,215.474524898357,122.964128128978,14.780400724713,14.8,2.06040049
4266,MWI,2002,428.210439838398,126.012303775986,14.8722487440558,14.3,2.69725966
4267,MWI,2003,383.348596852642,129.206342808655,14.9551384691108,13.6,3.32019806
4268,MWI,2004,404.674248445428,132.591610097582,15.0316039821946,12.9,4.07199907
4269,MWI,2005,414.361121984475,136.19040093339,15.1041793656241,12.3,4.30046511
4270,MWI,2006,440.822149023873,139.994707254985,15.1753987017157,11.8,4.91223288
4271,MWI,2007,475.180261659331,144.000243954179,15.2477960727861,11.3,5.44258356
4272,MWI,2008,554.048820396119,148.243710224862,15.3238029928378,11.1,6.10668802
4273,MWI,2009,625.869729869625,152.691854051761,15.4015312766848,10.9,5.87333822
4274,MWI,2010,683.124694716799,157.259896054306,15.4776969380518,10.7,5.14304781
4275,MWI,2011,763.061000394572,161.911561306746,15.5523153908723,10.5,5.32226658
4276,MWI,2012,558.46208832772,166.626824352991,15.6253133040464,10.3,6.02199793
4277,MWI,2013,496.947368267313,171.423589308443,15.6966173464742,10.1,8.22379494
4278,MWI,2014,529.5133440206,176.299724225711,15.766154187056,9.9,6.89776182
4279,MWI,2015,539.605363240686,181.221754348748,15.8338504946918,9.6,6.62879086
4280,MWI,2016,450.506105510719,186.229730589733,15.899632938282,9.4,7.72703791
4281,MWI,2017,495.769683367165,191.341907085278,15.9634281867266,9.0,7.58438921
4282,MWI,2018,533.202567189331,196.521860415783,16.0221486554255,8.7,6.88249922
4283,MWI,2019,580.889139762475,201.800509121765,16.1383746619001,8.3,6.37021732
4284,MWI,2020,602.507478176106,207.190156979211,16.2961471756409,7.9,7.03859568
4285,MWI,2021,617.446994451007,212.635320322444,16.4881925800694,7.4,7.5164628
4286,MWI,2022,604.269740360317,218.166397963513,16.7146031979436,7.0,6.62527609
4287,MWI,2023,633.214767978695,223.84898175647,16.9748746665356,6.6,6.53459597
4288,MWI,2024,522.365366146003,,17.268503531213,6.2,
4289,MWI,2025,671.506847203876,,17.5949868386317,,
4290,MYS,2000,4083.52874483605,69.9066078222493,61.9694564490726,0.4,2.51463366
4291,MYS,2001,3943.79943910239,71.6071769898037,63.0180877676224,0.4,2.6753974
4292,MYS,2002,4184.03163773539,73.3601491401613,64.056368465184,0.4,2.66876554
4293,MYS,2003,4465.32194567208,75.1167310911581,65.0750932867555,0.4,2.92417073
4294,MYS,2004,4939.24851854427,76.8734500076092,66.0647889111941,0.4,2.86016941
4295,MYS,2005,5555.58179951206,78.6366489118856,67.0159820173565,0.4,2.78692698
4296,MYS,2006,6158.40785533236,80.4075757114594,67.9191992840997,0.4,3.10897732
4297,MYS,2007,7168.93031942508,82.1743691979912,68.7649673902807,0.4,3.07041144
4298,MYS,2008,8371.82156086005,83.9143478922538,69.5438130147565,0.4,3.00692558
4299,MYS,2009,7191.43287234626,85.6027332217319,70.2462628363839,0.4,3.2610569
4300,MYS,2010,8899.34505544675,87.2189194947497,70.8625314831025,0.4,3.16474271
4301,MYS,2011,10217.1068585031,88.7598204230711,71.4245166681964,0.4,3.31451917
4302,MYS,2012,10600.5744240026,90.2840693958302,71.9680127926087,0.4,3.45786357
4303,MYS,2013,10713.6407638899,91.8407091766854,72.4882717118078,0.4,3.51276922
4304,MYS,2014,11013.3107334403,93.4291188555775,72.9802206910773,0.4,3.71036959
4305,MYS,2015,9648.6797937523,95.0625414700959,73.4387869957006,0.4,3.82201481
4306,MYS,2016,9476.53409809923,96.7575254907929,73.8588978909614,0.4,3.70085335
4307,MYS,2017,9862.54806612235,98.4801217470705,74.2354806421432,0.3,3.71472311
4308,MYS,2018,10901.8019954421,100.170345457312,74.5634625145296,0.3,3.75944281
4309,MYS,2019,10920.191763972,101.782364936844,74.8377707734042,0.3,3.83991051
4310,MYS,2020,9957.52626697613,103.148860143053,75.0511895575672,0.3,4.08254337
4311,MYS,2021,10903.1037480772,104.344541165728,75.5088628191907,0.3,4.37438345
4312,MYS,2022,11754.5678336248,105.601865773855,75.9741357073003,0.3,3.90037823
4313,MYS,2023,11386.0395636528,106.913096941105,76.4434752105739,0.3,3.95760036
4314,MYS,2024,11874.4273684245,,76.9170296648992,0.3,
4315,MYS,2025,13124.5554178269,,77.3948812296229,,
4316,NAC,2000,35151.3741865271,17.2615410984068,79.0345872598543,,12.2027017379031
4317,NAC,2001,35831.4544724133,17.4348675310152,79.2668217631087,,12.8715962607888
4318,NAC,2002,36652.0071224205,17.6000776497052,79.5061441625505,,13.6609783813092
4319,NAC,2003,38395.549732626,17.7526765317171,79.7433061273244,,14.1071986320299
4320,NAC,2004,40788.4854021089,17.917832754583,79.9700743363795,,14.1260240477457
4321,NAC,2005,43368.601911774,18.0841751268952,80.178299105658,,14.1218335227812
4322,NAC,2006,45741.3313198546,18.2602548803579,80.3600524141266,,14.2400890781837
4323,NAC,2007,47727.7733811193,18.4350805767394,80.5118307958947,,14.4131230082002
4324,NAC,2008,48398.3833708608,18.6276912619533,80.6296365766882,,14.6732068470659
4325,NAC,2009,46581.4200397343,18.7966631708473,80.7058455421621,,15.7240473001401
4326,NAC,2010,48545.8113186856,18.961333874821,80.7342788376108,,15.6638213345065
4327,NAC,2011,50252.0190049531,19.1156181527322,80.739712124815,,15.5487089109491
4328,NAC,2012,51812.8656700661,19.27427297778,80.7337652170105,,15.5556406990563
4329,NAC,2013,53240.3655883832,19.4263570205461,80.7164808734964,,15.4083038846989
4330,NAC,2014,54742.8371458308,19.5855960648071,80.6863203799841,,15.5964861391688
4331,NAC,2015,55534.4614029189,19.7417224937758,80.6417223720746,,15.9595254847956
4332,NAC,2016,56416.7892083026,19.9042852164603,80.5816899364942,,16.2685174509822
4333,NAC,2017,58555.9003870103,20.052778591187,80.5059159293977,,16.1950285381512
4334,NAC,2018,61228.2000482629,20.1879719521777,80.4126136678733,,16.0821757314554
4335,NAC,2019,63306.810223782,20.3117942386777,80.2981427760977,,16.1332157315076
4336,NAC,2020,62319.8671337986,20.4090883795254,80.2018987822716,,18.1206786891021
4337,NAC,2021,69532.9041926862,20.6512647569097,80.2350390902744,,16.9616295072443
4338,NAC,2022,75769.6975468613,20.7965859943152,80.2779687115812,,16.1044862524444
4339,NAC,2023,79647.6390981082,21.0116626879289,80.3357102611225,,16.2910204736392
4340,NAC,2024,82808.120496409,,80.4068310718763,,
4341,NAC,2025,86308.0717272746,,80.4869628398688,,
4342,NAM,2000,2156.67590512714,2.20899925907032,32.1168956399877,13.4,10.04545307
4343,NAM,2001,1915.58926594875,2.2556426046715,32.8575058425719,13.7,10.46567631
4344,NAM,2002,1772.07565537493,2.29563094413876,33.6459301456028,13.8,10.47871208
4345,NAM,2003,2569.24739317883,2.32902622405228,34.5460063719633,13.8,10.74474621
4346,NAM,2004,3403.15496192955,2.35892820269893,35.5356476670033,13.6,10.88543797
4347,NAM,2005,3685.77299991587,2.38868685396397,36.5870014553064,13.4,10.82506466
4348,NAM,2006,4017.1834716928,2.4194245041237,37.6722151614564,13.3,11.30290031
4349,NAM,2007,4379.04313682732,2.45186993647439,38.763436210037,13.2,11.41372871
4350,NAM,2008,4204.78555422749,2.48643369893962,39.8328120256318,13.2,10.67726994
4351,NAM,2009,4302.91374148376,2.52328341167754,40.8524900328246,13.1,9.90435314
4352,NAM,2010,5418.21633365814,2.56265835853709,41.7946176561991,13.1,10.62278938
4353,NAM,2011,5834.7917675794,2.60700968067145,42.6276075621535,13.1,10.86068344
4354,NAM,2012,5942.64680978673,2.66571196054853,43.3804079185694,13.0,10.20360184
4355,NAM,2013,5346.62131149967,2.73598367525416,44.1106769079132,12.8,10.08887577
4356,NAM,2014,5378.32326241205,2.80841380315563,44.8214248210559,12.6,8.4089098
4357,NAM,2015,4774.10650865775,2.88391696728978,45.5103554445325,12.4,9.98106289
4358,NAM,2016,4395.68776162376,2.96276281747622,46.1751725648784,12.1,9.32231045
4359,NAM,2017,5143.96072323076,3.04492098774429,46.8135799686288,11.8,8.71348476
4360,NAM,2018,5308.60813408705,3.13052144444849,47.4232814423189,11.5,8.62148285
4361,NAM,2019,4731.9210318831,3.21939292351419,48.0019807724839,11.1,8.85805798
4362,NAM,2020,3878.58982993966,3.31446027523716,48.547381745659,10.6,9.56060219
4363,NAM,2021,4412.8355693052,3.41380072635402,49.0571881483796,10.2,10.19644737
4364,NAM,2022,4349.79908493314,3.50989566252475,49.5291037671807,9.8,9.6219883
4365,NAM,2023,4225.99102418102,3.59909023551847,49.9545837830821,9.4,9.48251629
4366,NAM,2024,4501.84849548225,,50.4088030252155,9.0,
4367,NAM,2025,4875.92558158247,,50.8666984399326,,
4368,NCL,2000,15329.7297200058,12.2044857768053,61.6103287085477,,
4369,NCL,2001,14482.3606263602,12.4566192560175,61.9960127034469,,
4370,NCL,2002,16104.5520406819,12.7043763676149,62.4118035339378,,
4371,NCL,2003,20768.1061488848,12.9473741794311,62.8540725422625,,
4372,NCL,2004,24475.6488547037,13.1757111597374,63.3117500793361,,
4373,NCL,2005,25528.2918353444,13.3687636761488,63.918391040144,,
4374,NCL,2006,28193.2537573387,13.5419584245077,64.7508025811084,,
4375,NCL,2007,35177.6535261448,13.7158096280088,65.6204802173329,,
4376,NCL,2008,35723.9033194947,13.8853938730853,66.3257509774158,,
4377,NCL,2009,33836.494080472,14.0727571115974,66.6631859586932,,
4378,NCL,2010,35798.9084757829,14.3097374179431,66.703836218007,,
4379,NCL,2011,38835.9401851385,14.5811269146608,66.726209122213,,
4380,NCL,2012,35559.5672006157,14.8595733041575,66.7417059914448,,
4381,NCL,2013,36671.1566752621,15.1434354485777,66.7584127864925,,
4382,NCL,2014,37816.9558599295,15.3842450765864,66.7846387072769,,
4383,NCL,2015,30858.7237060533,15.490590809628,66.8278045547803,,
4384,NCL,2016,30782.8544433514,15.5045404814004,66.8902054658406,,
4385,NCL,2017,32354.7102832901,15.5112691466083,66.9683393293094,,
4386,NCL,2018,34902.8968780031,15.5109956236324,67.0588809757675,,
4387,NCL,2019,33411.3358835672,15.5145514223195,67.1574673707832,,
4388,NCL,2020,33270.330597637,15.5457330415755,67.2747261065933,,
4389,NCL,2021,35311.5543551452,15.6025164113786,67.4130776539646,,
4390,NCL,2022,33516.363085906,15.7069474835886,67.5720305021282,,
4391,NCL,2023,33701.8923322781,15.8572210065646,67.751522311337,,
4392,NCL,2024,29213.1923192946,,67.9514695585577,,
4393,NCL,2025,,,68.1717888335577,,
4394,NER,2000,194.771959898935,9.08631088655562,16.1307678222656,0.7,4.65891504
4395,NER,2001,205.417936120931,9.41078945290913,16.2687225341797,0.7,4.72659349
4396,NER,2002,225.294391147438,9.74906765611431,16.2687206268311,0.6,4.82717037
4397,NER,2003,265.225363452469,10.1026162469409,16.2687225341797,0.6,4.74740648
4398,NER,2004,283.468281798296,10.4727528222942,16.2687225341797,0.6,4.97818327
4399,NER,2005,318.643121918273,10.8598657930054,16.2687225341797,0.5,5.87749624
4400,NER,2006,333.345078419447,11.2643727796637,16.2675724894628,0.5,5.99335575
4401,NER,2007,387.168065883301,11.6867529801847,16.2641887037781,0.5,5.43105888
4402,NER,2008,475.044955398162,12.1275084866188,16.2586706998252,0.4,5.24640608
4403,NER,2009,461.131533961487,12.5867806110366,16.2511180003032,0.4,5.33850145
4404,NER,2010,474.425692340831,13.0645259335281,16.2416301279116,0.4,4.96100473
4405,NER,2011,510.75956176268,13.5598665824584,16.2303066053496,0.3,4.87323856
4406,NER,2012,528.510104469655,14.0812891766006,16.2141284004355,0.3,4.30732679
4407,NER,2013,552.103334363117,14.6205873529644,16.2162595696064,0.3,4.46636009
4408,NER,2014,565.30989731175,15.1700552617036,16.2450424611665,0.3,4.45377159
4409,NER,2015,485.662574175279,15.741294702771,16.3035606587493,0.3,5.34745932
4410,NER,2016,499.910520068193,16.3304278834768,16.3898280543236,0.2,4.53239059
4411,NER,2017,529.929418934868,16.9222752032841,16.5036987906896,0.2,5.57609606
4412,NER,2018,576.927536415462,17.5164356201153,16.6449011799221,0.2,5.30310822
4413,NER,2019,541.265819870273,18.1161735217494,16.813146499685,0.2,5.66642094
4414,NER,2020,575.451340306915,18.7239385805637,17.0081420003794,0.2,6.17012262
4415,NER,2021,609.585703670137,19.3432857030078,17.2295936666686,0.2,5.81452751
4416,NER,2022,613.614736429298,19.9826107207705,17.477207007512,0.2,4.34980488
4417,NER,2023,647.930108509567,20.6519831057077,17.7506873295237,0.2,4.04895782
4418,NER,2024,729.856664168989,,18.0497398450803,0.2,
4419,NER,2025,775.353622143879,,18.3740697195469,,
4420,NGA,2000,547.318298903379,138.764445469218,43.2785051250243,2.2,3.1973834
4421,NGA,2001,566.428231812933,142.585499083193,44.1262421418539,2.2,3.18946862
4422,NGA,2002,712.164852077686,146.548512796864,44.9793025536893,2.2,2.49063969
4423,NGA,2003,763.388745367223,150.64466769876,45.8372080921761,2.2,5.05360985
4424,NGA,2004,962.48104194733,154.876692249415,46.6994804889599,2.2,4.63368416
4425,NGA,2005,1211.37703504386,159.224889928302,47.5656414756863,2.1,4.46591949
4426,NGA,2006,1599.53891556365,163.682745369303,48.424271994461,2.1,4.25775146
4427,NGA,2007,1815.52697545827,168.28316808854,49.2357987173198,2.0,3.90997243
4428,NGA,2008,2154.10543545364,173.034919902939,50.0505212312351,2.0,3.69581532
4429,NGA,2009,1820.48633854782,177.925781481603,50.86453484762,2.0,3.5801971
4430,NGA,2010,2202.25672957344,182.969230431393,51.6778188255446,2.0,3.29653287
4431,NGA,2011,2418.41316975875,188.170007795602,52.490352424079,1.9,3.32077932
4432,NGA,2012,2633.19734671361,193.463360672837,53.302114902293,1.9,3.35984254
4433,NGA,2013,2872.79083379398,198.787227291193,54.1130855192568,1.8,3.4206934
4434,NGA,2014,3088.72131316169,204.109616039176,54.9232435340404,1.8,3.34840417
4435,NGA,2015,2585.73360671797,209.352391932101,55.7325682057138,1.7,3.58194995
4436,NGA,2016,2070.4127339595,214.591719094832,56.541038793347,1.7,3.64773679
4437,NGA,2017,1876.34027111773,219.873929751749,57.3486345560101,1.6,3.74762511
4438,NGA,2018,2057.87944554011,225.017024056568,58.1553347527729,1.6,3.09069347
4439,NGA,2019,3189.81286496183,230.009377779242,58.9611186427056,1.5,2.98547053
4440,NGA,2020,2797.184580679,234.961824609945,59.7659654848781,1.4,3.38063431
4441,NGA,2021,2787.48779220991,239.939047179859,60.5698545383604,1.4,4.07625723
4442,NGA,2022,2899.16047469267,245.013445765671,61.3727650622225,1.3,4.21020174
4443,NGA,2023,2138.76383718757,250.20910328623,62.1746763155343,1.2,4.19086456
4444,NGA,2024,1084.16041805058,,62.9755675573659,1.2,
4445,NGA,2025,1224.25410237743,,63.7754180467872,,
4446,NIC,2000,1017.3124434882,41.7370201096892,55.2160707858522,,5.23883677
4447,NIC,2001,1051.874235891,42.2787518697025,55.3522521763064,,5.48459768
4448,NIC,2002,1014.3339042591,42.7946568057171,55.4894961947237,,5.73315859
4449,NIC,2003,1021.35216668794,43.3020026591325,55.6308042935869,,6.08317614
4450,NIC,2004,1098.62118662335,43.8167857736413,55.7791779253789,,6.05740356
4451,NIC,2005,1183.30214010175,44.391764999169,55.9375480421093,,6.22468948
4452,NIC,2006,1248.17371577788,45.029541299651,56.1058547675536,,6.35756445
4453,NIC,2007,1350.38145753377,45.6809290344025,56.2816618351146,,6.95643044
4454,NIC,2008,1523.68437086409,46.340310786106,56.4638124507513,,7.16700697
4455,NIC,2009,1467.08288052845,47.0051603789264,56.651098305894,,7.68584394
4456,NIC,2010,1526.56706951408,47.676998504238,56.842311091973,,7.71019173
4457,NIC,2011,1679.71192084633,48.355085590826,57.0362425004184,,7.44982004
4458,NIC,2012,1784.69836017555,49.0384493933854,57.2316842226606,,7.48836899
4459,NIC,2013,1835.43996363715,49.7244889479807,57.4274279501299,,7.63869238
4460,NIC,2014,1958.37047579547,50.4112680737909,57.6222653742564,,7.97716141
4461,NIC,2015,2074.45620634731,51.100357320924,57.8149881864705,,7.96303272
4462,NIC,2016,2131.68704828322,51.7921389396709,58.0043880782023,,8.04877567
4463,NIC,2017,2182.61380995674,52.4865464517201,58.1892567408822,,8.32754421
4464,NIC,2018,2035.16549390507,53.1833139438258,58.3683858659405,,8.4993515
4465,NIC,2019,1958.62051528095,53.8778211733422,58.5405671448072,,8.50037098
4466,NIC,2020,1938.44704754382,54.5559830480306,58.7045922689128,,8.55739307
4467,NIC,2021,2138.38573878237,55.2163952135616,58.8592529296875,,9.54984856
4468,NIC,2022,2322.89069619459,55.9303141100216,58.9954376220703,,8.97882748
4469,NIC,2023,2609.44491147975,56.702783779292,59.1250953674316,,8.29879284
4470,NIC,2024,2847.87639497305,,59.2628402709961,,
4471,NIC,2025,3173.33724815085,,59.4435892957332,,
4472,NLD,2000,26225.1697734149,471.727280805687,78.4826828427081,0.1,7.70382404
4473,NLD,2001,26955.7128032278,475.30154028436,80.1840578652121,0.1,8.04176903
4474,NLD,2002,29446.5330872868,478.345053317536,80.8085275226169,0.1,8.61879349
4475,NLD,2003,35896.7504630706,480.607286729858,81.3011308878582,0.1,9.01979256
4476,NLD,2004,40611.3414353091,482.280183649289,82.250953139759,0.1,9.07156658
4477,NLD,2005,42165.396168388,483.408412322275,83.5048949725161,0.1,9.05984592
4478,NLD,2006,45123.5432406426,484.185456161137,84.6532280358545,0.2,9.03575516
4479,NLD,2007,52100.7996285947,485.23981042654,85.4089231499726,0.2,9.00052166
4480,NLD,2008,58246.7026905874,487.132494075829,85.6149582464487,0.2,9.21819305
4481,NLD,2009,53172.0261581418,490.079691669137,86.2223179632671,0.2,9.90839005
4482,NLD,2010,51305.7338533973,492.599881411207,87.3502790247129,0.2,10.09452248
4483,NLD,2011,54701.7728030611,495.049644128114,88.0059204972573,0.2,10.14537811
4484,NLD,2012,50473.9442002689,496.884994068802,88.5342462391333,0.2,10.45467281
4485,NLD,2013,52602.2860520766,498.795844464233,89.1749992370605,0.2,10.50247383
4486,NLD,2014,53457.2234864322,500.593885425942,89.8364787097165,0.2,10.45699596
4487,NLD,2015,45793.8135434697,503.116216216216,90.2787737214621,0.2,10.18857956
4488,NLD,2016,46808.5291492503,505.800831600832,90.5803239452777,0.2,9.89148426
4489,NLD,2017,49513.6817346384,508.8,91.1219700676602,0.2,9.93712521
4490,NLD,2018,53955.0770024266,511.779744579745,92.6062472401044,0.2,9.85083961
4491,NLD,2019,53554.9007491475,515.143272943273,93.8898028856479,0.2,9.93616295
4492,NLD,2020,53467.9277413737,518.013068013068,94.2532277765935,0.2,10.94954681
4493,NLD,2021,60141.9880911492,520.731927531928,94.6294783220315,0.2,11.13498974
4494,NLD,2022,59123.318556487,525.719691119691,94.9856177734136,0.2,10.03109169
4495,NLD,2023,63515.6030780019,530.950905850906,95.3221682092129,0.1,9.83150005
4496,NLD,2024,67465.3208126875,,95.6396517079336,,10.00551128
4497,NLD,2025,73683.917132794,,95.9385903481191,,
4498,NOR,2000,37991.8907576589,12.2957995203207,76.1338922449534,0.1,7.70270586
4499,NOR,2001,38458.2530907659,12.358179737381,76.3958619273785,0.1,8.00972462
4500,NOR,2002,43048.288735011,12.4250062971603,76.7955442460288,0.1,8.98267078
4501,NOR,2003,50208.0960234078,12.4980971624448,77.2600021362305,0.1,9.19355106
4502,NOR,2004,57854.5698169407,12.5721709323083,77.5684593888498,0.1,8.79598331
4503,NOR,2005,67358.3615969796,12.6580888392417,77.8260148882032,0.1,8.29899502
4504,NOR,2006,75047.741700385,12.760447810231,78.0877227783203,0.1,7.8822999
4505,NOR,2007,86600.2387607877,12.89317004523,78.4072502632828,0.1,8.01673985
4506,NOR,2008,99001.5300678626,13.0548674310872,78.7541006020666,0.1,7.91507673
4507,NOR,2009,81939.726548458,13.2205484552792,79.0570820210427,0.1,9.03254128
4508,NOR,2010,90020.342257973,13.3862623342204,79.245002746582,0.1,8.8581152
4509,NOR,2011,103545.218988177,13.5610386481366,79.311620451463,0.1,8.73474026
4510,NOR,2012,104627.93694681,13.7403297521657,79.4905925441617,0.1,8.72188568
4511,NOR,2013,106333.138368566,13.9120886837683,79.9723980455359,0.1,8.87431335
4512,NOR,2014,100410.020200979,14.0704449094514,80.6117159535579,0.1,9.28297901
4513,NOR,2015,77220.9524311414,14.2079384825517,81.2378240971353,0.1,10.06992245
4514,NOR,2016,73222.4006864905,14.3354243797401,81.6800003051758,0.1,10.53049755
4515,NOR,2017,78771.2151264554,14.452576255125,81.9699745912375,0.1,10.22983646
4516,NOR,2018,85579.0776455494,14.5488896436123,82.2452112401723,0.1,9.96037865
4517,NOR,2019,79329.3075190012,14.6479975020132,82.4935894878281,0.1,10.43807507
4518,NOR,2020,71057.5879471399,14.7672152298338,82.7029885700532,0.1,11.42416382
4519,NOR,2021,96442.5552173002,14.8470090866665,82.8612877226956,0.1,9.8142643
4520,NOR,2022,113122.130765691,14.9809948664452,82.9563661816034,0.1,7.90873051
4521,NOR,2023,90984.4087141111,15.1524995195871,83.0718560702166,0.1,9.42925453
4522,NOR,2024,89888.9535204758,,83.3293737928469,0.1,
4523,NOR,2025,94594.1929573987,,83.5705787708326,,
4524,NPL,2000,223.830289183078,171.234802929892,31.0994241803849,0.2,3.13292074
4525,NPL,2001,240.795114544664,174.026843390303,32.808952331543,0.2,3.81229901
4526,NPL,2002,238.89140296106,176.693275200558,35.0358944291182,0.2,3.93863344
4527,NPL,2003,246.429706587633,179.203055458668,38.045308394296,0.2,3.8560729
4528,NPL,2004,279.587750044428,181.490449947681,41.6109470808194,0.3,4.04629898
4529,NPL,2005,309.024168339372,183.533017091036,45.5065633424317,0.3,3.95095325
4530,NPL,2006,340.431796437968,185.318625741193,49.5059100328759,0.3,3.54402447
4531,NPL,2007,385.449767660642,186.874726194629,53.3827400058951,0.3,3.67297482
4532,NPL,2008,464.817391891529,188.28069061737,56.9108061152324,0.3,3.81756353
4533,NPL,2009,473.078751198621,189.557272410185,59.8638612146309,0.3,3.90179515
4534,NPL,2010,585.278491984574,190.73562608999,62.0156581578338,0.3,4.36131525
4535,NPL,2011,785.518656222132,191.59047087548,63.139949798584,0.2,4.45220184
4536,NPL,2012,788.202937148377,192.081723055459,63.6558406194333,0.2,4.49078751
4537,NPL,2013,803.269595420477,192.465964422742,64.1314570156048,0.2,4.63012981
4538,NPL,2014,821.455224911731,193.040599930241,64.5640847098488,0.2,5.07549381
4539,NPL,2015,875.543635474862,194.095772584583,64.9510094249155,0.2,5.46615553
4540,NPL,2016,877.256454696737,195.015430763865,65.2895168835553,0.2,5.42378998
4541,NPL,2017,1034.28374906846,195.404659923265,65.5768928085184,0.2,4.72174025
4542,NPL,2018,1179.19843190389,195.882029996512,65.8104229225551,0.2,4.52845383
4543,NPL,2019,1203.14294706401,198.214607603767,65.9873929484157,0.2,4.44524717
4544,NPL,2020,1154.21517578318,202.068880362749,66.1050886088505,0.2,5.2080965
4545,NPL,2021,1252.75076731986,205.61569584932,66.144235274522,0.1,5.53498316
4546,NPL,2022,1385.91066002922,207.292891524241,66.2992968721053,0.1,6.52950287
4547,NPL,2023,1382.38300895424,207.147638646669,66.5432933453944,0.1,6.15843678
4548,NPL,2024,1460.28237984149,,66.772343163029,0.1,
4549,NPL,2025,1535.87781246307,,66.999424884859,,
4550,NRU,2000,2648.60152860938,508.4,100.0,,18.96671295
4551,NRU,2001,2232.30874026726,506.5,100.0,,16.22330093
4552,NRU,2002,2084.64824520971,504.1,100.0,,13.80812454
4553,NRU,2003,2463.28259078079,502.95,100.0,,9.97444248
4554,NRU,2004,3040.51349889,503.0,100.0,,6.87889576
4555,NRU,2005,2992.40382776926,502.45,100.0,,10.82081795
4556,NRU,2006,2910.14145794684,501.7,100.0,,12.41761494
4557,NRU,2007,2272.15291307045,501.0,100.0,,24.23069
4558,NRU,2008,3756.84531228766,500.45,100.0,,23.00409317
4559,NRU,2009,4410.56764668962,500.8,100.0,,12.31576252
4560,NRU,2010,4735.92000502092,502.15,100.0,,12.69640064
4561,NRU,2011,6444.03642094634,504.9,100.0,,9.97123718
4562,NRU,2012,9842.77032731856,513.35,100.0,,8.84148979
4563,NRU,2013,8974.51886874433,525.85,100.0,,9.56899357
4564,NRU,2014,9230.05440328927,537.1,100.0,,8.1214447
4565,NRU,2015,7747.25584993607,547.7,100.0,,13.91331863
4566,NRU,2016,8748.15632605428,557.5,100.0,,10.95251656
4567,NRU,2017,9656.97976571484,566.2,100.0,,11.4886446
4568,NRU,2018,11413.7463016389,573.85,100.0,,11.09015656
4569,NRU,2019,10801.7705659635,579.35,100.0,,11.56155682
4570,NRU,2020,10709.068810538,582.15,100.0,,11.55650234
4571,NRU,2021,12748.1701249353,585.45,100.0,,10.85399055
4572,NRU,2022,15309.8345351924,590.05,100.0,,18.34229279
4573,NRU,2023,13602.6372112893,593.75,100.0,,18.21076012
4574,NRU,2024,14048.163961344,,100.0,,
4575,NRU,2025,14639.5046929186,,100.0,,
4576,NZL,2000,13641.1027183822,14.6507918423151,85.7059660456056,0.1,7.46995974
4577,NZL,2001,13882.8568268586,14.7373817933235,85.7545174444303,0.1,7.5789361
4578,NZL,2002,16874.1874918196,14.9956325244009,85.8061578183401,0.1,7.90034246
4579,NZL,2003,21913.7081719961,15.2945197675743,85.857962055807,0.1,7.72179937
4580,NZL,2004,25420.234882944,15.5235274011621,85.9017708294597,0.1,7.90095711
4581,NZL,2005,27751.0654708859,15.6997455470738,85.9299325780946,0.1,8.27324677
4582,NZL,2006,26654.5932018985,15.8922942539212,85.9356841665703,0.1,8.63846684
4583,NZL,2007,32479.9817381467,16.0411682047776,85.9291840664852,0.1,8.32899952
4584,NZL,2008,31324.7397977102,16.1778891800539,85.9144723093505,0.1,8.65133667
4585,NZL,2009,28276.7255416225,16.340435228438,85.8918345477824,0.1,9.13566399
4586,NZL,2010,33761.9009639947,16.5231096426266,85.8614043258228,0.1,9.09511089
4587,NZL,2011,38425.829997974,16.6495765447571,85.8233151875134,0.1,9.10748196
4588,NZL,2012,40041.7524816244,16.7411036420949,85.777700676896,0.1,9.20243168
4589,NZL,2013,42984.9571801167,16.8702290076336,85.7080129786455,0.1,8.9393549
4590,NZL,2014,44599.8992733675,17.1527856898713,85.5076659530411,0.1,8.97204113
4591,NZL,2015,38648.7302562109,17.5056017621815,85.1518763760531,0.1,8.88920593
4592,NZL,2016,40088.3205470499,17.9032319319433,84.691365594,0.1,8.76869011
4593,NZL,2017,42912.1537002148,18.2811135163875,84.1701025874108,0.1,8.61795807
4594,NZL,2018,43204.1305124872,18.6115225399719,83.8017846685577,0.1,8.56966972
4595,NZL,2019,42872.2681243427,18.8762295393263,83.804965871667,0.1,8.61898708
4596,NZL,2020,42054.6743136586,19.2639854164293,83.8138977095908,0.1,9.25240231
4597,NZL,2021,49902.154346032,19.3103186358285,83.8299382585905,0.1,9.55072403
4598,NZL,2022,49141.6316294227,19.299305001709,83.8547305017812,0.1,10.56814575
4599,NZL,2023,49302.341876493,19.7485853176864,83.8898991461229,0.1,10.12947655
4600,NZL,2024,49432.3626396797,,83.9370658833132,0.1,10.06186676
4601,NZL,2025,49591.0405731713,,83.9978515774731,,
4602,OED,2000,23105.8699621372,33.8635487003455,75.6030538705326,,9.31221860377691
4603,OED,2001,22718.6795215023,34.1139903565739,75.9157928265237,,9.79444162554816
4604,OED,2002,23526.1851223646,34.3667682117782,76.3049705223407,,10.2274539979857
4605,OED,2003,26110.166791868,34.6176752187466,76.724197088238,,10.440056832254
4606,OED,2004,28854.8834355731,34.8679031541868,77.134919561599,,10.3976020618979
4607,OED,2005,30304.5007827724,35.1147541586383,77.4936924595116,,10.4453046705432
4608,OED,2006,31752.91909492,35.3714168348672,77.7888469764318,,10.5093372979353
4609,OED,2007,34523.8151277644,35.6243084290218,78.0642096289465,,10.495500056792
4610,OED,2008,36379.9826441371,35.9206759845273,78.3181788893633,,10.6837776338085
4611,OED,2009,33797.3269999518,36.1807722579171,78.5473387767398,,11.6113608170527
4612,OED,2010,35218.2377011995,36.4252522859225,78.7569427727752,,11.503896043226
4613,OED,2011,37684.316544302,36.6211200858081,78.9249730148856,,11.5438065151287
4614,OED,2012,37418.2889334065,36.8486121142863,79.1610424174922,,11.6841574374795
4615,OED,2013,37734.7608375528,37.0639566204541,79.5300893668637,,11.6697741582542
4616,OED,2014,38322.7280627757,37.2914841818809,79.9154420386729,,11.8205482293054
4617,OED,2015,35931.9232791311,37.5235307803379,80.2234048818443,,12.1745238016395
4618,OED,2016,36407.3771727139,37.7507097877999,80.3858291802831,,12.3269160204289
4619,OED,2017,37802.8422452392,37.9763921883832,80.4525335528694,,12.2777873812159
4620,OED,2018,39756.7556647363,38.2029595821783,80.5397753365218,,12.2402496018343
4621,OED,2019,39940.835037623,38.4262499446446,80.6506763352269,,12.4211734066587
4622,OED,2020,38947.5669905773,38.5725607751364,80.7381377175693,,13.8142592838247
4623,OED,2021,43495.5049948213,38.8356318373288,80.8557784895293,,13.3476797525699
4624,OED,2022,44455.8357743973,39.0285725109969,80.949627748444,,12.879026629589
4625,OED,2023,47135.6137232065,39.2902393489606,81.0543158861621,,12.7481642567741
4626,OED,2024,48881.8109051634,,81.1863178943609,,
4627,OED,2025,51733.7140199057,,81.3158337292265,,
4628,OMN,2000,9753.84755185404,7.37360581583199,71.5400835229196,0.1,2.68485427
4629,OMN,2001,9611.96360191054,7.464352180937,71.5179623016414,0.1,2.70073724
4630,OMN,2002,9869.13050219438,7.5513408723748,71.5013318111475,0.1,2.77737164
4631,OMN,2003,10463.5425832141,7.63746688206785,71.4926171971641,0.1,2.77524447
4632,OMN,2004,11800.8507411171,7.77001938610662,71.5428923484265,0.1,2.59660101
4633,OMN,2005,14434.8577924647,7.94766397415186,71.8577803438712,0.1,2.26479053
4634,OMN,2006,16930.8565071853,8.12534733441034,72.3920261203777,0.1,2.01985121
4635,OMN,2007,18792.653772482,8.30427786752827,73.0679250158092,0.1,2.11371112
4636,OMN,2008,26576.779241509,8.48636187399031,73.807772368029,0.1,1.75567567
4637,OMN,2009,20655.9180249218,8.67418093699515,74.5338635149003,0.1,2.4694581
4638,OMN,2010,23570.1798147325,8.90935702746365,75.1579724666274,0.1,2.47588587
4639,OMN,2011,25188.0074151885,9.94107592891761,75.6585803514688,0.1,2.23611403
4640,OMN,2012,24642.2978768596,11.4607625201939,76.088156621068,0.1,2.27702832
4641,OMN,2013,23458.0233840053,12.3874410339257,76.4914234214313,0.1,2.5054009
4642,OMN,2014,23160.6502252547,12.9319515347334,76.8892576748951,0.1,3.13740134
4643,OMN,2015,18808.3077921839,13.5214701130856,77.3025363037955,0.1,4.07826233
4644,OMN,2016,17110.1897460545,14.1870016155089,77.7521362304688,0.1,4.17580843
4645,OMN,2017,17820.0661809335,14.6604071082391,78.3142260040136,0.1,3.95418668
4646,OMN,2018,19901.7615642016,14.8558222940226,78.9655839720276,0.1,3.21469474
4647,OMN,2019,19180.1864152801,14.8343812600969,79.5780017545962,0.1,3.80648994
4648,OMN,2020,16784.8630630058,14.612268174475,80.0176378922722,0.1,5.11922932
4649,OMN,2021,19403.4600160211,14.5409499192246,80.1239942103569,0.1,4.34468651
4650,OMN,2022,23223.5829405935,15.2834442649435,80.0117053152301,0.1,3.06614041
4651,OMN,2023,21027.7384572657,16.3142778675283,79.5702973228932,0.1,3.49047446
4652,OMN,2024,20285.2272765262,,79.4440302814714,0.1,
4653,OMN,2025,19947.3966227092,,79.4781383307689,,
4654,OSS,2000,4847.4503226921,37.3282002585605,51.5353428587807,3.99636849528201,5.4530010514032
4655,OSS,2001,4780.95492842206,37.9896308838728,51.5216368911635,4.14747090870579,5.42165128365284
4656,OSS,2002,5142.2476529809,38.6549284763615,51.517528369826,4.24594624729203,5.73349685024097
4657,OSS,2003,6311.81177494905,39.1637473733988,51.5855834027652,4.29792019377655,5.88573258459589
4658,OSS,2004,7419.76155978909,39.8063199993859,51.7171153727948,4.34290408616096,5.8504367139582
4659,OSS,2005,8233.42010554921,40.2238598592144,51.8462582464214,4.35234789107976,5.87794309652243
4660,OSS,2006,9046.80164945419,38.692760266873,51.9795232738831,4.37544492549039,5.64529796417207
4661,OSS,2007,10758.8136221104,39.1636312539235,52.1433573807164,4.37131391921922,5.62696569685637
4662,OSS,2008,11530.7215015978,39.6464078718776,52.3216948638063,4.40630129750142,5.82110256127692
4663,OSS,2009,9814.08008723362,40.1096653868053,52.4747905219688,4.43024378084928,6.27408924605597
4664,OSS,2010,10149.5633726375,40.5582215279501,52.5708962840155,4.4659748137063,6.12406786962523
4665,OSS,2011,11469.9525501466,40.9783139566717,52.6428502012722,4.52025914467744,5.90801111725504
4666,OSS,2012,11084.4148894956,41.4158602690223,52.7289447956897,4.54426258836226,5.90342502613536
4667,OSS,2013,11421.7952581155,41.6913810969513,52.8229475994541,4.56377852713074,6.09385663954399
4668,OSS,2014,11682.6156441392,42.1444543421746,52.9439535683465,4.57241455292718,6.27141528560604
4669,OSS,2015,10359.1167773921,42.6214772665297,53.0938477646158,4.51599763321815,6.48633061588213
4670,OSS,2016,10813.3811118925,43.0881692127593,53.2560302540443,4.44188366083062,6.60775642831068
4671,OSS,2017,11950.9760651787,43.702265785042,53.4441254377598,4.35235199445767,6.54415954640416
4672,OSS,2018,13026.838449762,44.1414058010025,53.6519140670653,4.24589455639014,6.55750420178123
4673,OSS,2019,12908.1967698249,44.6748012134527,53.8727328667505,4.14854549602071,6.714716174368
4674,OSS,2020,11772.0946960495,45.1674062811457,54.0599291555754,4.04002084848341,7.77577740218031
4675,OSS,2021,13718.3632503913,45.6204722862817,54.2199717949652,3.9461204013842,7.728701417386
4676,OSS,2022,14326.3081658507,46.1953342694381,54.4367375147272,3.80819047044468,7.17582559303325
4677,OSS,2023,15346.6488924949,46.6435815726675,54.7413384725346,3.66708391807829,7.34753280434449
4678,OSS,2024,16111.8328238083,,54.9615544244478,3.53625584798715,
4679,OSS,2025,17540.3099815121,,55.1790329785941,,
4680,PAK,2000,642.338346499898,200.912109537152,33.0046884491535,0.1,2.48079324
4681,PAK,2001,609.939506905073,206.609208955998,33.1988471664032,0.1,2.33959723
4682,PAK,2002,599.937345723927,211.735353102947,33.3857078542752,0.1,2.42219901
4683,PAK,2003,672.44178669894,216.778549190536,33.5669209665019,0.1,2.10399199
4684,PAK,2004,771.902247348954,222.195413034454,33.7441369568158,0.1,2.03666282
4685,PAK,2005,827.619861189926,227.601198630137,33.9190062789495,0.1,2.37323904
4686,PAK,2006,900.873564984808,233.087756849315,34.0931793866356,0.1,2.73132491
4687,PAK,2007,998.090114197524,239.328080894562,34.2683067336065,0.1,2.62370729
4688,PAK,2008,1067.04324565284,245.821804950187,34.4460387735948,0.1,2.56806731
4689,PAK,2009,963.788066395225,252.148886986301,34.6280259603331,0.1,2.49995875
4690,PAK,2010,987.304571124485,258.456630085098,34.8159187475539,0.1,2.42967653
4691,PAK,2011,1131.73513834324,264.303218399751,35.0113675889897,0.1,2.23121333
4692,PAK,2012,1204.36475491585,269.389691002491,35.2160229383731,0.1,2.22185278
4693,PAK,2013,1225.4340119198,273.809124636779,35.4315352494366,0.1,2.4164784
4694,PAK,2014,1266.61340849959,277.948120330012,35.6595549759128,0.1,2.48899078
4695,PAK,2015,1380.47020838317,281.873810450394,35.9017325715342,0.1,2.49493265
4696,PAK,2016,1424.69161195897,285.568271326276,36.1597184900333,0.1,2.57026362
4697,PAK,2017,1519.23459514248,289.635179275633,36.4351548223399,0.1,2.7863009
4698,PAK,2018,1569.33814626355,294.376416562889,36.7478511550359,0.2,2.82844949
4699,PAK,2019,1390.41690981745,299.399256693649,37.1091631735769,0.2,2.84736943
4700,PAK,2020,1278.39735206896,304.848674242424,37.5080192948099,0.2,2.95273018
4701,PAK,2021,1455.31922370186,310.65509677252,37.9333395514173,0.2,2.99015832
4702,PAK,2022,1538.3228133171,316.133077781237,38.3740439760816,0.2,2.90354776
4703,PAK,2023,1360.32417758419,321.067474833956,38.8191861872791,0.2,2.51988316
4704,PAK,2024,1479.47755241191,,39.1734368360905,0.2,
4705,PAK,2025,1595.90912252837,,39.5256010979606,,
4706,PAN,2000,3975.09308659503,40.4946058649448,62.2165370013582,0.7,6.98486614
4707,PAN,2001,3991.7767076924,41.2905165456013,62.6337017277411,0.7,6.91849852
4708,PAN,2002,4090.58617397129,42.0950228679042,63.0330904426342,0.8,7.05643845
4709,PAN,2003,4264.66428846636,42.9083535108959,63.4079949945516,0.8,6.71176672
4710,PAN,2004,4644.56582353041,43.7335889157923,63.7553758418416,0.8,7.08192825
4711,PAN,2005,5017.7410922824,44.5658595641646,64.0721934428526,0.8,6.20666599
4712,PAN,2006,5528.76705469354,45.3998385794996,64.355408255933,0.8,6.54604864
4713,PAN,2007,6317.81730274124,46.2401129943503,64.6019807394311,0.9,7.35227633
4714,PAN,2008,7347.59050324397,47.0896959913909,64.8088713516952,0.9,6.80452538
4715,PAN,2009,7796.92617035048,47.9470137207425,64.9730405510737,0.9,6.9857955
4716,PAN,2010,8331.46421351868,48.8099946193167,65.0926097647906,0.9,7.22332573
4717,PAN,2011,9662.29592216607,49.6839521119182,65.1896678664818,0.9,6.83196259
4718,PAN,2012,11064.8063606203,50.5684153887544,65.2829468288151,1.0,6.50450659
4719,PAN,2013,12273.3225037637,51.4572101156847,65.3709770103365,1.0,6.52210426
4720,PAN,2014,13213.1989637473,52.5108067997841,65.4531164770096,1.0,6.91532087
4721,PAN,2015,14082.6548502728,53.4273475445224,65.5287232947981,1.0,6.93698502
4722,PAN,2016,14832.3611608191,54.3589584457636,65.5971555296656,1.0,7.09378099
4723,PAN,2017,15694.6297454295,55.298259579061,65.6577712475758,1.0,7.16492653
4724,PAN,2018,16151.3273478476,56.1857643569695,65.7099285144924,1.1,7.60132933
4725,PAN,2019,16477.9066285687,57.0868158533297,65.752985396379,1.1,8.13541794
4726,PAN,2020,13290.5608347594,57.87626044756,65.7862999591993,1.1,10.21630001
4727,PAN,2021,15509.8069109784,58.5791992450795,65.8092302689169,1.1,9.13571072
4728,PAN,2022,17378.6070083597,59.3255998921542,65.8211343914956,1.1,9.04578876
4729,PAN,2023,18797.1933894611,60.1072930709086,65.8601271176084,1.1,8.33022976
4730,PAN,2024,19161.218843129,,65.9958447685488,1.1,
4731,PAN,2025,19789.7308555826,,66.1500999418126,,
4732,PER,2000,1945.41338451698,20.77994609375,72.7724831207703,0.4,4.41482639
4733,PER,2001,1929.57273038846,21.06609453125,73.1565814081586,0.4,4.72161007
4734,PER,2002,2007.37019626753,21.31891953125,73.5500651944675,0.4,4.93902588
4735,PER,2003,2129.44114197634,21.5472578125,73.9558750733136,0.4,4.58703804
4736,PER,2004,2397.25147277714,21.7595234375,74.3769516383133,0.4,4.42972279
4737,PER,2005,2706.66947297608,21.954046875,74.8162354830832,0.3,4.66598511
4738,PER,2006,3129.55996496982,22.12850859375,75.2766672012397,0.3,4.409585
4739,PER,2007,3581.0893081917,22.28960859375,75.7615250588738,0.3,4.42611313
4740,PER,2008,4197.58444634142,22.43675078125,76.2744879116779,0.3,4.53098345
4741,PER,2009,4181.18755462253,22.57563359375,76.822147540745,0.3,4.95976877
4742,PER,2010,5072.11494019615,22.72345234375,77.4020936833934,0.3,4.70582962
4743,PER,2011,5861.35793645245,22.8938171875,78.0118164985462,0.3,4.52216864
4744,PER,2012,6519.37852981527,23.0862234375,78.6488061451268,0.4,4.72939587
4745,PER,2013,6746.80025696601,23.29524921875,79.3105527820586,0.4,4.71272659
4746,PER,2014,6667.13410360861,23.5279890625,79.9945465682649,0.4,4.90967321
4747,PER,2015,6231.71150338894,23.795,80.698277662669,0.4,4.90453625
4748,PER,2016,6217.03599995447,24.1144484375,81.4192362241943,0.4,4.89353323
4749,PER,2017,6736.16693725487,24.47237265625,82.1931650502403,0.4,4.80915499
4750,PER,2018,6978.49121548627,24.9199875,82.6854929960921,0.4,5.0835557
4751,PER,2019,7037.00803692604,25.35101796875,83.1033003087105,0.4,5.12525272
4752,PER,2020,6133.32552410183,25.65513984375,83.5267437189637,0.4,6.34739399
4753,PER,2021,6828.53422535638,25.9030328125,83.9480118272361,0.4,6.67309427
4754,PER,2022,7353.74598721667,26.1526859375,84.3663554951194,0.4,6.0974617
4755,PER,2023,7919.04634828547,26.44188828125,84.7810255849745,0.4,5.63786411
4756,PER,2024,8526.29665719783,,85.1912729600355,0.4,
4757,PER,2025,9684.41170314988,,85.5963484845463,,
4758,PHL,2000,1050.79273107952,267.046976556998,39.1384171397742,0.1,3.05512357
4759,PHL,2001,969.530611744453,273.003615387195,39.5375185608843,0.1,2.84775972
4760,PHL,2002,1014.90879320106,278.59573062347,39.9553922931877,0.1,2.63767385
4761,PHL,2003,1027.2301192843,284.172904718785,40.3928506135438,0.1,3.07663488
4762,PHL,2004,1099.63013023758,289.749149813865,40.8507057988121,0.1,3.0468533
4763,PHL,2005,1220.46018559867,295.187181809035,41.3297701258519,0.1,3.74253035
4764,PHL,2006,1426.14649179546,300.194472951672,41.8308558715226,0.1,3.77762938
4765,PHL,2007,1712.65543282793,305.447174430694,42.3470499959497,0.1,3.75318074
4766,PHL,2008,1959.29233534978,310.893433276319,43.1547492407016,0.1,3.86315918
4767,PHL,2009,1864.45043406471,316.545091726196,44.3356772609527,0.1,4.16451931
4768,PHL,2010,2162.91375885614,323.094627226079,45.5208176726647,0.1,4.13107872
4769,PHL,2011,2383.91892522087,329.505362712547,46.6833632464759,0.1,4.02518559
4770,PHL,2012,2614.61644401308,335.96777677164,47.9182784810426,0.1,4.17709208
4771,PHL,2013,2781.27957677397,342.342744072174,49.1313688766206,0.1,4.27408695
4772,PHL,2014,2866.83803761407,348.013314552101,50.2392400212368,0.1,3.70313668
4773,PHL,2015,2909.85818010301,353.197813327967,51.1549047745227,0.1,3.8982749
4774,PHL,2016,2985.19564024046,357.969342992253,51.9114748151175,0.1,3.95484328
4775,PHL,2017,3038.12124959289,362.61090317604,52.6010482354344,0.1,3.96042776
4776,PHL,2018,3168.51036609727,367.123744843546,53.2088897464754,0.2,3.9538188
4777,PHL,2019,3400.78949767074,371.615799711574,53.7157859948017,0.2,4.16646004
4778,PHL,2020,3227.57910235199,375.897186168964,54.1077719895977,0.2,5.16214037
4779,PHL,2021,3484.38593882819,379.317000368917,54.4504102510776,0.2,5.97500563
4780,PHL,2022,3548.06930572116,382.21262367106,54.7902343568327,0.3,5.15588379
4781,PHL,2023,3804.08274131718,385.321122178623,55.1242716168851,0.3,5.10122538
4782,PHL,2024,3985.29464669706,,55.4520983215477,0.3,
4783,PHL,2025,4170.72347271451,,55.7732907605332,,
4784,PLW,2000,7798.07510558974,41.6913043478261,69.5876201801789,,8.63728905
4785,PLW,2001,8239.26386807565,42.0695652173913,70.5337109001769,,7.79659462
4786,PLW,2002,8340.18965031021,42.3978260869565,72.3817031907384,,7.28691149
4787,PLW,2003,7862.39286077623,42.7369565217391,74.5444848058291,,8.095788
4788,PLW,2004,8393.73029137235,43.0869565217391,76.445323887982,,9.13479805
4789,PLW,2005,9367.68615343862,43.0847826086957,77.574268209537,,8.63174248
4790,PLW,2006,9737.01943934058,42.5934782608696,78.306895759147,,8.73999214
4791,PLW,2007,10155.0470806134,41.9608695652174,79.019601300651,,8.83709908
4792,PLW,2008,10471.1510008417,41.3239130434783,79.6639213135968,,8.41378212
4793,PLW,2009,9837.49883077663,40.6717391304348,80.2186712923386,,9.63057423
4794,PLW,2010,10018.065238367,39.9913043478261,80.6626667312304,,10.93099976
4795,PLW,2011,10795.639900708,39.3,80.9747231246263,,9.9432106
4796,PLW,2012,12098.4124331551,38.6195652173913,81.1285663568435,,10.24609089
4797,PLW,2013,12820.5931621147,38.3652173913043,81.0756895339142,,10.92691708
4798,PLW,2014,13854.730278013,38.5108695652174,80.7338640362566,,10.71111488
4799,PLW,2015,15938.3652222848,38.6304347826087,80.388246269234,,9.76325321
4800,PLW,2016,17043.6660673147,38.6891304347826,80.1089335766065,,10.01226997
4801,PLW,2017,16280.241199753,38.7217391304348,79.8284579022498,,10.90419006
4802,PLW,2018,16179.877834849,38.7260869565217,79.5520868568744,,11.19109821
4803,PLW,2019,15841.8923474548,38.6913043478261,79.2803814152827,,12.17405796
4804,PLW,2020,14556.30954221,38.6782608695652,79.0796884006264,,13.31541061
4805,PLW,2021,13267.4877340719,38.6586956521739,79.0890798782416,,14.55276012
4806,PLW,2022,13934.951996171,38.6065217391304,79.1134831712956,,14.87842083
4807,PLW,2023,15578.3497630733,38.5369565217391,79.1531991438847,,10.85468197
4808,PLW,2024,18169.0767165866,,79.2095042878667,,
4809,PLW,2025,19532.3557719527,,79.2835934246556,,
4810,PNG,2000,635.957919047725,12.2268780638608,13.2228772276955,0.7,2.0184176
4811,PNG,2001,537.847459634131,12.6494612021375,13.1864094716078,0.7,2.3006382
4812,PNG,2002,506.331789534482,13.0813121052864,13.1530694608835,0.8,2.77562952
4813,PNG,2003,577.467922387259,13.5229364483505,13.1226067833938,0.8,2.4531486
4814,PNG,2004,620.596147680561,13.9735039526565,13.0951673752744,0.8,2.59372902
4815,PNG,2005,744.486489977433,14.4325067349733,13.0708971726612,0.9,2.44874048
4816,PNG,2006,1238.18282926706,14.9002340679239,13.04994211169,0.9,2.42600322
4817,PNG,2007,1370.753415829,15.3763745970057,13.0324481284965,0.9,2.42102122
4818,PNG,2008,1624.79319935188,15.8614185399461,13.0185611592166,1.0,2.13526058
4819,PNG,2009,1568.83193368607,16.354807225191,13.008427139986,1.0,2.32937527
4820,PNG,2010,1866.86889851208,16.8562535883054,13.0021920069407,1.0,2.10756016
4821,PNG,2011,2288.37591141234,17.3549132182131,13.0000025015364,1.0,2.29397798
4822,PNG,2012,2635.0873631547,17.8452281058164,13.0143796071362,1.1,2.66693544
4823,PNG,2013,2560.77458976327,18.3339177670803,13.0582475733094,1.1,2.99727893
4824,PNG,2014,2723.17529825196,18.8213598021464,13.1316404025265,1.1,3.27119064
4825,PNG,2015,2484.5963398603,19.306730556905,13.2341359836319,1.1,1.81881714
4826,PNG,2016,2316.39479758492,19.7891577971117,13.3653651942392,1.2,2.33063054
4827,PNG,2017,2477.76530986323,20.268325751888,13.5249644881888,1.2,2.22970986
4828,PNG,2018,2566.36833735041,20.744850505675,13.7125720532162,1.2,2.30051899
4829,PNG,2019,2575.77274140393,21.2185001987369,13.9278267446947,1.3,2.3253386
4830,PNG,2020,2429.61134585269,21.6750121450338,14.1703677185729,1.3,2.30193973
4831,PNG,2021,2607.97769973161,22.1103564015369,14.4398342822353,1.4,2.33994722
4832,PNG,2022,3102.29409730005,22.5305149494325,14.7358658260841,1.4,2.61463141
4833,PNG,2023,2966.06455045333,22.9422669257607,15.0581017891206,1.4,2.87081432
4834,PNG,2024,2912.4914068385,,15.4061816403333,1.5,
4835,PNG,2025,3019.5309140573,,15.7797448680276,,
4836,POL,2000,4520.64100449111,124.909820758105,61.7459160613903,,5.26548243
4837,POL,2001,5015.23790036613,124.875366482745,61.7557708646056,,5.64010143
4838,POL,2002,5223.45178967082,124.81753893369,61.7581534555696,,6.04828405
4839,POL,2003,5720.81366178104,124.753689916405,61.7281374379602,,5.93375778
4840,POL,2004,6711.72715262967,124.644083178272,61.6555172559989,,5.84185648
4841,POL,2005,8043.92332253757,124.589315444129,61.5497010774856,,5.79073858
4842,POL,2006,9068.85528307627,124.514452206843,61.4199688499096,,5.78148365
4843,POL,2007,11272.5293683383,124.44685296422,61.2756005207604,,5.86390114
4844,POL,2008,14048.5604672654,124.471952334313,61.1258760375274,,6.35196781
4845,POL,2009,11556.3026866026,124.564460624265,60.9800753477,,6.57037735
4846,POL,2010,12567.7317676382,124.209200731357,60.8474783987677,,6.43533468
4847,POL,2011,13867.6669408192,124.296296901022,60.7357090652544,,6.24533606
4848,POL,2012,13087.420943321,124.300058781268,60.6341632788866,,6.22854042
4849,POL,2013,13621.9023794031,124.229110740995,60.5333187465323,,6.44993687
4850,POL,2014,14262.2841914116,124.144273163722,60.4340063344328,,6.39059496
4851,POL,2015,12637.5220324406,124.061569613639,60.3362886805635,,6.36490345
4852,POL,2016,12464.0121044827,124.008253045495,60.2402284228997,,6.5470438
4853,POL,2017,13913.3415190124,124.0237303635,60.145888199417,,6.53713226
4854,POL,2018,15658.210586693,124.031583760656,60.0533306480907,,6.25094128
4855,POL,2019,15874.5220531254,124.025595374212,59.9626184068963,,6.38906956
4856,POL,2020,16150.9304813473,122.548420605625,59.8738141138092,,6.42739105
4857,POL,2021,18635.5104895754,120.815285854296,59.8096513205543,,6.3654809
4858,POL,2022,18891.2121169279,120.297131562612,59.8315488048321,,6.46619797
4859,POL,2023,22145.2660647429,119.787615502661,59.8859561370214,,7.13848782
4860,POL,2024,25103.565661423,,59.9705468695101,,8.06380177
4861,POL,2025,28419.5777395638,,60.0853330309371,,
4862,PRE,2000,503.881865569121,31.5930701067018,33.5256016821526,3.56159899210811,3.30479088030906
4863,PRE,2001,466.255676779194,32.500408605911,34.0198965795573,3.49057243327296,3.60829871306836
4864,PRE,2002,523.955261767573,33.4848534209553,34.5187705127511,3.40667818693669,3.4435822906814
4865,PRE,2003,554.625659623811,34.5046229322599,35.0343111630443,3.3177868119522,4.36573893241792
4866,PRE,2004,671.224356830207,35.4854589738684,35.58240275822,3.2345849552258,4.40330598124573
4867,PRE,2005,815.995032153718,36.5442092988227,36.1336393443403,3.12582600696506,4.17523663825675
4868,PRE,2006,998.07823930556,37.6053433784956,36.6576263996931,3.05350770713622,4.13419864704944
4869,PRE,2007,1174.15015770746,38.6436566848805,37.1555611474693,2.98092886754342,4.09526656318605
4870,PRE,2008,1424.0703685436,39.7710440207418,37.6700291238882,2.93288378819119,3.90027822565252
4871,PRE,2009,1253.05147524894,40.9856817012846,38.1761069796309,2.89892700783387,4.20385568068411
4872,PRE,2010,1422.25838961236,42.2063155881595,38.6630102635042,2.86002816946865,3.8072537450495
4873,PRE,2011,1597.7670422466,43.4697162964743,39.1548370511869,2.80537487688084,3.66315795993992
4874,PRE,2012,1687.90559427919,39.2712253306506,39.6620389744185,2.77311083855687,3.5416209311239
4875,PRE,2013,1797.07620788678,40.458143517328,40.1809529696697,2.70874253377815,3.69229821378473
4876,PRE,2014,1849.26650645876,41.6514579259592,40.696367549657,2.6826628865703,3.65823787774783
4877,PRE,2015,1526.04099231967,42.8344074722457,41.1934386147893,2.61839065843934,3.91772288916207
4878,PRE,2016,1318.65578321566,44.0407042545773,41.6692983719903,2.57433989064055,4.2617800637483
4879,PRE,2017,1341.55710823713,45.279598210601,42.1481736818509,2.50448636629799,4.12276237631874
4880,PRE,2018,1452.10811367974,46.5392513913848,42.6168705959194,2.4521170533454,3.81082544391844
4881,PRE,2019,1682.64777483043,47.8115645412028,43.0478017904088,2.37712757703236,3.73939509311386
4882,PRE,2020,1497.18872625076,49.1004953080215,43.4980819386669,2.29102909004307,4.26285451464358
4883,PRE,2021,1594.39804852433,50.3932143981005,43.966697242761,2.23645710437186,4.48162396880743
4884,PRE,2022,1769.1914721872,51.6806949002944,44.4496171500869,2.1474523277991,4.30013886782727
4885,PRE,2023,1559.36615928619,53.0075842168783,44.944973511523,2.05599740722951,4.47173885631823
4886,PRE,2024,1372.7115352549,,45.4428830887567,1.97525055885434,
4887,PRE,2025,1470.05803145865,,45.9503662459409,,
4888,PRI,2000,16192.1269719638,429.605975197294,94.4035182032107,,
4889,PRI,2001,18123.1987019918,430.52694475761,94.3774462314518,,
4890,PRI,2002,18731.4593897378,431.082412626832,94.3218712450313,,
4891,PRI,2003,19557.1202492358,431.352311161218,94.2449445194985,,
4892,PRI,2004,20988.9923326534,431.440586245772,94.1544210292187,,
4893,PRI,2005,21959.322696986,430.818714768884,94.058055748557,,
4894,PRI,2006,22935.9411586313,428.998196166855,93.9636036518786,,
4895,PRI,2007,23664.8823485096,426.493235625705,93.8788197135489,,
4896,PRI,2008,24898.3345857045,423.998421645998,93.8114589079331,,
4897,PRI,2009,25768.7258883384,421.69222096956,93.7692762093964,,
4898,PRI,2010,26414.8810634548,419.894588500564,93.7588772214391,,
4899,PRI,2011,27170.0766543278,416.399549041714,93.7598202101009,,
4900,PRI,2012,27742.024476618,412.744644870349,93.7630744424317,,
4901,PRI,2013,28212.0499737431,409.405524239008,93.7698316907305,,
4902,PRI,2014,28576.0988023209,404.173280721533,93.7813071818968,,
4903,PRI,2015,29242.041465085,398.55321307779,93.7987161428303,,
4904,PRI,2016,29978.0889268918,392.382412626832,93.8232738004303,,
4905,PRI,2017,30328.479490518,384.536302142052,93.8561953815964,,
4906,PRI,2018,30679.9181934488,370.990980834273,93.8986961132283,,
4907,PRI,2019,31830.5284993358,372.34396843292,93.9519912222253,,
4908,PRI,2020,31427.1034994916,369.965163472379,94.0116144995587,,
4909,PRI,2021,32618.8705106244,367.838895152198,94.0550712597302,,
4910,PRI,2022,35353.5613891039,363.038105975197,94.1110923054937,,
4911,PRI,2023,36980.7653928068,361.194363021421,94.1774359275881,,
4912,PRI,2024,39353.2242360643,,94.2539505199436,,
4913,PRI,2025,40620.1526923687,,94.3404836598892,,
4914,PRK,2000,,196.544390000831,59.4196417703576,,
4915,PRK,2001,,197.785549372976,59.4802676333329,,
4916,PRK,2002,,198.853691553858,59.5419414235486,,
4917,PRK,2003,,200.069595548542,59.6064024764394,,
4918,PRK,2004,,201.436284361764,59.6753901274401,,
4919,PRK,2005,,202.611352877668,59.7506437119853,,
4920,PRK,2006,,203.67500207624,59.8339025655097,,
4921,PRK,2007,,204.687177144755,59.926906023448,,
4922,PRK,2008,,205.669113860975,60.0310692203612,,
4923,PRK,2009,,206.613503861805,60.1544414620403,,
4924,PRK,2010,,207.518129723445,60.307007469148,,
4925,PRK,2011,,208.436790964206,60.4836230684404,,
4926,PRK,2012,,209.382343659165,60.6781140779735,,
4927,PRK,2013,,210.360028236857,60.8843063158034,,
4928,PRK,2014,,211.371663483099,61.0940947540873,,
4929,PRK,2015,,212.402209118844,61.3247571174501,,
4930,PRK,2016,,213.423519641226,61.5681351428803,,
4931,PRK,2017,,214.414990449298,61.8206076091402,,
4932,PRK,2018,,215.357088281704,62.0826119807623,,
4933,PRK,2019,,216.241441740719,62.3542226611578,,
4934,PRK,2020,,217.060975002076,62.6355140538495,,
4935,PRK,2021,,217.860094676522,62.926560562457,,
4936,PRK,2022,,218.659953492235,63.2274365906829,,
4937,PRK,2023,,219.402076239515,63.5382165423021,,
4938,PRK,2024,,,63.8589748211522,,
4939,PRK,2025,,,64.1897858311258,,
4940,PRT,2000,11526.3720667968,112.457901639344,54.4051635389142,0.5,8.60104179
4941,PRT,2001,11734.7649743954,113.253792349727,55.0679833009212,0.6,8.62751579
4942,PRT,2002,12936.6928204482,113.87574863388,55.789299869679,0.6,8.78642941
4943,PRT,2003,15797.7821340276,114.304054644809,56.5865509520713,0.6,9.12415695
4944,PRT,2004,18064.1580932987,114.577715846995,57.4171857647664,0.6,9.5325079
4945,PRT,2005,18780.12751241,114.828140373893,58.2450763389585,0.6,9.65306759
4946,PRT,2006,19839.4540499032,115.035399584563,59.0340947058419,0.6,9.35422611
4947,PRT,2007,22811.0564844365,115.261440909588,59.7481128966109,0.6,9.25186634
4948,PRT,2008,24949.0413566739,115.427757734776,60.3510029424595,0.6,9.58307838
4949,PRT,2009,23151.2154130712,115.386472322306,60.8066368745822,0.6,10.13070393
4950,PRT,2010,22551.935098809,115.439458456163,61.0788867241731,0.6,10.01858425
4951,PRT,2011,23246.5425416481,115.269789278305,61.1410698395502,0.6,9.71847439
4952,PRT,2012,20593.4274224109,114.803406485424,61.1409793914666,0.6,9.64000225
4953,PRT,2013,21676.4859642714,114.156128691384,61.1405315215642,0.6,9.39476109
4954,PRT,2014,22120.6850127107,113.541770372117,61.1394537361116,0.6,9.33570766
4955,PRT,2015,19215.7813014347,113.072519583956,61.137469211538,0.6,9.33309937
4956,PRT,2016,19980.2808866516,112.716384151187,61.1343011242723,0.6,9.39989281
4957,PRT,2017,21442.3842768879,112.441815784188,61.1296726507436,0.6,9.32668972
4958,PRT,2018,23541.1401075289,112.261935951514,61.1233069673808,0.6,9.42121029
4959,PRT,2019,23343.3628970034,112.288582794065,61.114927250613,0.5,9.50868607
4960,PRT,2020,22299.4044062173,112.406676011074,61.1042566768691,0.5,10.52074051
4961,PRT,2021,24711.4510062111,113.113510527741,61.0951249296597,0.5,11.22031498
4962,PRT,2022,24620.5197587181,113.904957775507,61.1259255772782,0.5,10.5492239
4963,PRT,2023,27634.6183139773,115.475189289738,61.2048652633664,0.5,10.02761173
4964,PRT,2024,29328.3067415343,,61.3281907341332,0.5,10.24061108
4965,PRT,2025,32081.8106150292,,61.4953199318985,,
4966,PRY,2000,1736.11729210765,12.8388321167883,57.5141169408231,0.2,6.01865244
4967,PRY,2001,1637.68615122932,13.0573596778253,57.9686577349574,0.2,5.60815811
4968,PRY,2002,1367.76506935997,13.242708280896,58.3089732866691,0.2,4.75770569
4969,PRY,2003,1443.99885236205,13.4065844450038,58.5521334403429,0.2,4.90703917
4970,PRY,2004,1786.21533938543,13.5619808708784,58.7421370296254,0.2,4.93224335
4971,PRY,2005,1970.87169852378,13.7128039265039,58.894079141979,0.2,4.82934713
4972,PRY,2006,2439.43124694576,13.8564007047571,59.0202286834627,0.3,5.01927567
4973,PRY,2007,3211.93621659546,13.9929171910395,59.1328545601355,0.3,5.02042723
4974,PRY,2008,4384.9546943793,14.1293078278379,59.2442256780564,0.3,5.03776026
4975,PRY,2009,3941.84815479271,14.2744424867858,59.3666109432844,0.3,5.52496862
4976,PRY,2010,4750.96273669322,14.4424137931034,59.5122792618786,0.3,5.46593952
4977,PRY,2011,5805.40154543044,14.6353536370501,59.693499539898,0.3,5.82225847
4978,PRY,2012,5642.1699167298,14.842708280896,59.9212909454702,0.4,6.53144598
4979,PRY,2013,6435.68342733182,15.0577523282155,60.2375315600901,0.4,6.0642848
4980,PRY,2014,6652.25478942291,15.2776516486282,60.7101965948157,0.4,6.62719059
4981,PRY,2015,5879.33792308671,15.5023986911654,61.3302768533263,0.4,6.69165802
4982,PRY,2016,5775.1596339946,15.7289856531588,62.0827613208606,0.4,6.67556572
4983,PRY,2017,6152.26711537703,15.9543418071986,62.9526389826574,0.4,6.60902548
4984,PRY,2018,6258.44991640954,16.1776541656179,63.9248988239553,0.4,6.74497652
4985,PRY,2019,5821.18199548637,16.3983337528316,64.9845298299929,0.5,7.16081905
4986,PRY,2020,5365.47220721191,16.621542914674,66.116520986009,0.5,7.67533064
4987,PRY,2021,5974.9057185863,16.8240171155298,67.3058612772421,0.5,8.03277016
4988,PRY,2022,6189.10205375331,17.0713596633508,68.6396537819458,0.5,7.73537827
4989,PRY,2023,6303.26495017292,17.282671943072,69.3466081733694,0.5,8.35731316
4990,PRY,2024,6456.60723068562,,69.8622585886961,0.5,
4991,PRY,2025,7026.61906146401,,70.3897639855864,,
4992,PSE,2000,1476.17185000238,485.407475083056,72.0694328572656,,9.46541214
4993,PSE,2001,1335.55319529359,497.970764119601,73.7258284491139,,10.3154583
4994,PSE,2002,1156.21747345769,510.859302325581,75.4978748965208,,11.04674053
4995,PSE,2003,1257.69857009689,524.08122923588,77.2865026687292,,9.55897141
4996,PSE,2004,1422.19088643544,537.645514950166,78.9926422349822,,11.37928772
4997,PSE,2005,1543.70141392774,551.560797342193,80.5172240645229,,10.99557114
4998,PSE,2006,1570.10439962728,565.836212624585,81.7611786265942,,10.50240231
4999,PSE,2007,1664.24571669276,580.481063122924,82.596126313073,,9.58784008
5000,PSE,2008,2035.20234121766,596.673920265781,83.0979098899913,,10.52610016
5001,PSE,2009,2191.78178736868,612.807142857143,83.5050344815957,,10.76468372
5002,PSE,2010,2557.07562356699,628.930398671096,83.8853491139676,,9.10499382
5003,PSE,2011,2880.79843707909,645.014285714286,84.2340950604341,,11.34622478
5004,PSE,2012,3067.43872735614,661.129235880399,84.5465135943222,,10.30110455
5005,PSE,2013,3315.29753909282,677.194019933555,84.8178459889593,,10.44874382
5006,PSE,2014,3352.11259506043,693.255481727575,85.0433335176723,,9.92015553
5007,PSE,2015,3272.15432360708,709.317607973422,85.2182174537886,,9.28473282
5008,PSE,2016,3527.61382413178,725.429900332226,85.3377390706351,,9.0039854
5009,PSE,2017,3620.36048715937,740.000830564784,85.3782255354,,9.1223526
5010,PSE,2018,3562.33094270256,758.984551495017,85.5351131070872,,9.65617657
5011,PSE,2019,3656.85827137011,778.290033222591,85.8136174183656,,9.18576908
5012,PSE,2020,3233.56863835858,797.885215946844,86.0741183743925,,10.27610207
5013,PSE,2021,3678.63565662194,817.05377593361,86.334956387337,,10.4347353
5014,PSE,2022,3799.95527015163,837.114024896266,86.5961423216016,,9.70613861
5015,PSE,2023,3607.41611858821,857.390041493776,86.8576870415886,,10.73343945
5016,PSE,2024,3028.25481286981,,87.1196014117004,,
5017,PSE,2025,3171.10844621579,,87.3818962963393,,
5018,PSS,2000,1686.6056817652,31.8111214953271,34.4384447632436,0.100613025142272,4.76969922803333
5019,PSS,2001,1637.06349067775,32.2289252336449,34.6619604187205,0.100601887850157,4.73270482412853
5020,PSS,2002,1695.01147879967,32.6366510903427,34.8877089235958,0.100591158853587,5.04851743629693
5021,PSS,2003,1997.28054068901,33.0310280373832,35.1147126058522,0.100585727363497,4.67260353870235
5022,PSS,2004,2270.72657197828,33.4190809968847,35.3445584610991,0.100586656591028,5.04693717699343
5023,PSS,2005,2490.44783617075,33.8010747663551,35.5766876832043,0.101177984281347,5.51159316709269
5024,PSS,2006,2586.22776155533,34.1785825545171,35.8286942547922,0.101182724964781,5.33048285382838
5025,PSS,2007,2817.98969436478,34.5518691588785,36.1307516644457,0.101188847825209,5.07771891321096
5026,PSS,2008,2989.60481007125,34.902476635514,36.4580807336993,0.101195369541265,4.94591485067491
5027,PSS,2009,2666.87195227178,35.2407476635514,36.7882107583247,0.101200419999923,5.41534464195778
5028,PSS,2010,2899.88573139903,35.6604205607477,37.0835259513667,0.101201360486671,5.10669095945515
5029,PSS,2011,3338.30793678792,36.1510747663551,37.2915597502513,0.101197769375546,4.74186144111816
5030,PSS,2012,3493.28831201062,36.6343302180685,37.5021404218298,0.101193208096271,4.96505833115466
5031,PSS,2013,3630.10394299084,37.1173052959502,37.7261145063194,0.101182602938578,4.82076801491804
5032,PSS,2014,3891.36256203141,37.6065109034268,37.9658622454185,0.101165025315385,4.81329737515442
5033,PSS,2015,3761.06673610832,38.0995171339564,38.2258875864973,0.101145949564255,4.83425531288374
5034,PSS,2016,3898.87961923979,38.5949221183801,38.5106153371305,0.15193246940442,4.77558103291854
5035,PSS,2017,4147.00368611764,39.1270303975058,38.8043513180851,0.151045407649292,4.60693192379853
5036,PSS,2018,4295.18182253285,39.626017147311,39.0330726122061,0.199242575711286,5.12276738282816
5037,PSS,2019,4185.0758997627,40.0414029618083,39.2708800377762,0.198289147344522,5.42352251906414
5038,PSS,2020,3632.52907231285,40.460202650039,39.4509108653665,0.244906263978036,6.1970137718374
5039,PSS,2021,3646.98862815783,40.9274045206547,39.6583318985728,0.290566725105559,7.2314554256328
5040,PSS,2022,3941.90128416234,41.4037256430242,39.9427900823495,0.382365751588833,5.93224785401213
5041,PSS,2023,4199.64948077192,41.920872954014,40.2526358335376,0.426383120649994,5.66259048949321
5042,PSS,2024,4528.48364572376,,40.5632799632706,0.515498279032956,
5043,PSS,2025,4719.69017777464,,40.8754719242034,,
5044,PST,2000,25965.6198092905,32.5778930378762,76.8279969572159,,9.54913760331542
5045,PST,2001,25583.1763027363,32.7362431589077,77.103624844729,,10.0413892503167
5046,PST,2002,26549.4716468681,32.9044805391855,77.466320311897,,10.4860094928409
5047,PST,2003,29606.2954023988,33.0700866441757,77.8755246866235,,10.6750822591309
5048,PST,2004,32722.7857826302,33.2421987934101,78.2915978306842,,10.6333875277359
5049,PST,2005,34268.541288057,33.4098355655734,78.6633587101345,,10.7123656827303
5050,PST,2006,35873.6218378841,33.5931517819595,78.9744871154544,,10.7958053531346
5051,PST,2007,38925.4514993488,33.7934923154577,79.2470932362782,,10.7894134126757
5052,PST,2008,40986.2032462103,34.0157543089276,79.4966883073498,,10.9854157673289
5053,PST,2009,38399.5766429162,34.190839694404,79.7055116871316,,11.9123575506818
5054,PST,2010,39869.2354180288,34.3517461686716,79.8703220718842,,11.8537726315645
5055,PST,2011,42699.7581912628,34.455496268116,79.979849594125,,11.9215533048365
5056,PST,2012,42453.1056245877,34.6060929359849,80.0815323364536,,12.0788972416958
5057,PST,2013,42757.0705462921,34.7434498015019,80.1971413336001,,12.0801687556932
5058,PST,2014,43482.2905959942,34.889714259728,80.2993772705531,,12.258806041528
5059,PST,2015,40960.9089975197,35.0454918206267,80.4010549473574,,12.634560585286
5060,PST,2016,41720.329677393,35.1962412344563,80.5121378696177,,12.7673383078772
5061,PST,2017,43356.99969696,35.3303216529276,80.5730252146896,,12.7218325700641
5062,PST,2018,45787.7299792029,35.4558483313159,80.6405983623246,,12.6670155832595
5063,PST,2019,46125.7453007656,35.5768522669097,80.7012981435582,,12.8535591912068
5064,PST,2020,45174.5036479433,35.645038110336,80.7390351837835,,14.2949863720896
5065,PST,2021,50433.5519322417,35.8335900785854,80.8170398426815,,13.8191271530333
5066,PST,2022,51597.0182783268,35.8606671138203,80.9329132113806,,13.3792653984044
5067,PST,2023,54507.2154710128,35.9838778151555,81.0611822262698,,13.2802047482968
5068,PST,2024,56385.0585145595,,81.155010735299,,
5069,PST,2025,59490.0240628251,,81.2440377612744,,
5070,PYF,2000,14978.324104668,69.241428983002,55.954253994428,,
5071,PYF,2001,14640.9360062298,70.3246902909824,55.8931875849702,,
5072,PYF,2002,16004.0583292112,71.3843272832037,55.8631794440685,,
5073,PYF,2003,19582.8936395312,72.4969749351772,55.9283550220738,,
5074,PYF,2004,21764.2203208782,73.6542783059637,56.2729949941787,,
5075,PYF,2005,21984.1936230719,74.7643330452319,56.8472850820701,,
5076,PYF,2006,22330.8676659055,75.8349178910977,57.5825834325129,,
5077,PYF,2007,24888.1781337361,76.7611639297033,58.4102481922721,,
5078,PYF,2008,26592.0262835732,77.320368769807,59.2616375081129,,
5079,PYF,2009,24434.2197555208,77.637856525497,60.0681095268001,,
5080,PYF,2010,22494.806706186,77.9544799769519,60.7610223950988,,
5081,PYF,2011,22831.5185348524,78.2849322961683,61.2717342597741,,
5082,PYF,2012,20846.5457478364,78.675885911841,61.5286539604592,,
5083,PYF,2013,21955.6329264095,79.1495246326707,61.6130486661995,,
5084,PYF,2014,22258.6321384251,79.6274848746759,61.6824807401268,,
5085,PYF,2015,19166.9594761931,80.0535868625756,61.7374742154907,,
5086,PYF,2016,19690.0775734589,80.431575914722,61.7744381369651,,
5087,PYF,2017,20826.9312492172,80.6934600979545,61.7896941062846,,
5088,PYF,2018,21925.616043938,80.6150965139729,61.7888025236875,,
5089,PYF,2019,21582.5892046801,80.3900893114376,61.7824142427508,,
5090,PYF,2020,19966.4838503859,80.4405070584846,61.7673100921,,
5091,PYF,2021,21426.3854449835,80.6084701815039,61.7399813226008,,
5092,PYF,2022,20053.9569369322,80.7772976087583,61.6913806937112,,
5093,PYF,2023,21832.2831795569,80.990492653414,61.6967135028569,,
5094,PYF,2024,22439.8838746025,,61.7191984724331,,
5095,PYF,2025,,,61.7583766473831,,
5096,QAT,2000,27535.182940934,55.5546080964686,96.2942718926638,0.1,1.97258496
5097,QAT,2001,25870.7991864314,58.3914728682171,96.4674307551724,0.1,2.3197093
5098,QAT,2002,27226.6593510117,61.2579672695952,96.6424497593905,0.1,2.46044064
5099,QAT,2003,31602.470865136,64.1414298018949,96.8311182064009,0.1,3.50257182
5100,QAT,2004,41035.5008380177,66.6091300602929,97.0472579559041,0.1,3.18311739
5101,QAT,2005,53949.6764091147,71.0945736434109,97.3016654918171,0.1,2.56300044
5102,QAT,2006,62582.4453138755,83.7925064599483,97.5827378795062,0.1,2.288064
5103,QAT,2007,65954.1146428814,104.099483204134,97.8663125111735,0.1,2.07008052
5104,QAT,2008,80781.2113909506,122.905943152455,98.1295193937322,0.1,1.63775349
5105,QAT,2009,60785.7351551657,138.579069767442,98.3494885340955,0.1,2.38356304
5106,QAT,2010,77387.2936379616,139.262015503876,98.5066232166665,0.1,1.87017763
5107,QAT,2011,103261.510293068,139.94496124031,98.6300610210909,0.1,1.599962
5108,QAT,2012,108470.378825036,148.358139534884,98.7428010471968,0.1,1.74822152
5109,QAT,2013,103697.008372373,165.066838931955,98.8357621827901,0.1,2.07620168
5110,QAT,2014,95840.6310094498,187.271105308964,98.901627838826,0.1,2.42293572
5111,QAT,2015,68985.2946961507,204.051958224543,98.9382407681154,0.1,3.63581347
5112,QAT,2016,61253.6375482797,215.588598781549,98.9855265345423,0.1,3.54971433
5113,QAT,2017,63279.8556949332,221.568320278503,99.0310125265978,0.1,3.21237087
5114,QAT,2018,71039.8490579352,224.606962576153,99.0755684762244,0.1,2.96176219
5115,QAT,2019,66841.3013484919,229.648128807659,99.1191696672067,0.1,3.18468714
5116,QAT,2020,51683.5054376677,243.180852915579,99.1617913833034,0.1,3.81872201
5117,QAT,2021,71751.8831257169,218.007832898172,99.203408908243,0.1,2.8927927
5118,QAT,2022,88701.463352273,231.273542210618,99.243997525719,0.1,2.18613315
5119,QAT,2023,80195.8746508549,231.160313315927,99.2835325193835,0.1,2.52358818
5120,QAT,2024,75685.0865779973,,99.3219891728394,0.1,
5121,QAT,2025,72524.9066385222,,99.3593427696312,,
5122,ROU,2000,1659.92904910528,97.701323407775,52.8619549004535,0.1,4.20876169
5123,ROU,2001,1825.19299373184,96.3474380740934,52.764808691157,0.1,4.37598133
5124,ROU,2002,2119.85509684554,94.5338495671466,52.7466427937759,0.1,4.57694626
5125,ROU,2003,2679.40626016154,93.8218134377039,52.8023493819682,0.1,5.37136793
5126,ROU,2004,3494.99056448955,93.2684695652174,52.9175295523808,0.1,5.47733593
5127,ROU,2005,4618.00350802913,92.7023436820593,53.074507031037,0.1,5.52778196
5128,ROU,2006,5757.53127301178,92.1547960692234,53.2566380678272,0.1,5.07106066
5129,ROU,2007,8360.33775916596,90.8390186610988,53.4472789126416,0.1,5.02223349
5130,ROU,2008,10435.1561230787,89.3339495432797,53.6297858153706,0.1,5.02277184
5131,ROU,2009,8548.4543409242,88.5311962096844,53.7875150259042,0.1,5.27816248
5132,ROU,2010,8399.5374234284,88.0107411432297,53.9038227941329,0.1,5.63882685
5133,ROU,2011,9560.6755277458,87.5332493374462,53.9608874244169,0.1,4.47503996
5134,ROU,2012,8929.95366231474,87.201265107382,53.9563092496073,0.1,4.50939083
5135,ROU,2013,9497.67411615237,86.8742903099596,53.9101758034365,0.1,5.2240696
5136,ROU,2014,10031.7710755404,86.5306806328234,53.8267187624053,0.1,5.0276823
5137,ROU,2015,8977.01748158196,86.1248956884562,53.7071839518893,0.1,4.94292021
5138,ROU,2016,9404.54005870715,85.6322453059805,53.5528171972639,0.1,5.08012772
5139,ROU,2017,10727.9822007426,85.1387126216968,53.3648643239046,0.1,5.18878555
5140,ROU,2018,12416.134317959,84.6399947844228,53.1445711571868,0.1,5.51454878
5141,ROU,2019,12909.6104013244,84.1952712100139,52.8931835224862,0.2,5.69924641
5142,ROU,2020,13009.1525348396,83.7328320584145,52.611947245178,0.2,6.20959711
5143,ROU,2021,14908.0412813921,83.1104789638387,52.2321512130811,0.2,6.45246983
5144,ROU,2022,15503.4691366242,82.7907771210014,52.1634832477272,0.2,5.79823256
5145,ROU,2023,18244.4186876321,82.8453668289291,52.1645747011867,0.2,5.70901489
5146,ROU,2024,20080.2096215595,,52.1674778928768,0.2,
5147,ROU,2025,22537.9532108047,,52.1728885041698,,
5148,RUS,2000,1771.59411621094,8.94901570933758,73.1568222045898,,5.01989794
5149,RUS,2001,2100.3525390625,8.91163375342787,73.22998046875,,5.24284792
5150,RUS,2002,2377.52954101563,8.87046146313948,73.2929008030615,,5.52166557
5151,RUS,2003,2975.123046875,8.83027865243716,73.4057388305664,,5.16368914
5152,RUS,2004,4102.36474609375,8.79465803239439,73.3065795898438,,4.7603755
5153,RUS,2005,5323.455078125,8.76108889416588,73.1613922119141,,4.77177477
5154,RUS,2006,6920.19970703125,8.73439418381291,73.2439193725586,,4.76654387
5155,RUS,2007,9101.2392578125,8.71946397976766,73.3856048583984,,4.74792528
5156,RUS,2008,11635.2841796875,8.71609568861449,73.4822463989258,,4.90364122
5157,RUS,2009,8562.82421875,8.71872024385612,73.5288696289062,,5.64392471
5158,RUS,2010,10674.990234375,8.72263552192818,73.6696307887624,,4.97111797
5159,RUS,2011,14305.33203125,8.73293828429975,73.8534851074219,,4.79491472
5160,RUS,2012,15401.8515625,8.75493589434367,73.97265625,,4.93637276
5161,RUS,2013,15941.4482421875,8.78102091547408,74.0762949770228,,5.08104849
5162,RUS,2014,14055.47265625,8.80737424184231,74.1776476748791,,5.1820941
5163,RUS,2015,9277.7138671875,8.8320122221157,74.275919065527,,5.29604626
5164,RUS,2016,8663.158203125,8.85489473873823,74.3703138709243,,5.28970337
5165,RUS,2017,10658.9130859375,8.87185768709161,74.460036813029,,5.35890055
5166,RUS,2018,11211.8876953125,8.87825976514438,74.5442926137992,,5.35520792
5167,RUS,2019,11447.701171875,8.88162945666663,74.6222859951926,,5.64849091
5168,RUS,2020,10108.3271484375,8.86891988517952,74.6932216791674,,8.04076004
5169,RUS,2021,12425.029296875,8.83848757424343,74.7516840220252,,7.0299139
5170,RUS,2022,15625.6328125,8.80735653394086,74.8544893625017,,6.8788662
5171,RUS,2023,13986.9951171875,8.78227219242749,74.9805047873279,,7.04438496
5172,RUS,2024,14961.8974609375,,75.1119136177067,,
5173,RUS,2025,17546.609375,,75.2506636608215,,
5174,RWA,2000,251.86926386091,332.952209160924,15.7804474645996,4.9,3.57583427
5175,RWA,2001,237.308846200901,335.917875962708,16.5487399668155,4.8,3.31599975
5176,RWA,2002,234.043016755733,340.501824077827,16.8778847116752,4.6,3.12787294
5177,RWA,2003,249.012274982252,348.069517632752,16.8947432312369,4.4,6.92888737
5178,RWA,2004,269.540446333402,357.391325496555,16.9020099536792,4.2,7.50856972
5179,RWA,2005,324.016863847189,367.025861370085,16.9072114459454,4.1,7.71997023
5180,RWA,2006,352.093916578347,376.945520875557,16.9110139245047,4.0,7.60511971
5181,RWA,2007,420.733580702508,387.107134171058,16.9140836058266,3.9,7.86262226
5182,RWA,2008,522.288339420679,397.416659910823,16.9170867063804,3.8,7.55971909
5183,RWA,2009,556.97399621739,407.800243210377,16.9206894426355,3.7,7.79951382
5184,RWA,2010,586.599950359877,418.222659100122,16.9255580310614,3.7,8.08185482
5185,RWA,2011,643.356138618166,428.606931495744,16.9323586881273,3.6,7.93233776
5186,RWA,2012,697.760143509565,438.990717470612,16.9410248882148,3.5,8.1021471
5187,RWA,2013,695.397140963607,449.669233887313,17.0742206053612,3.4,6.77388763
5188,RWA,2014,715.36808783393,460.671139035266,17.5020716539756,3.3,6.98448992
5189,RWA,2015,725.691418696952,471.829023104986,18.1953149858416,3.2,6.65061283
5190,RWA,2016,721.258515833094,483.144831779489,19.1213951786548,3.1,5.968925
5191,RWA,2017,751.049039527547,494.611268747467,20.2477568101111,3.0,5.37623835
5192,RWA,2018,772.754982959354,506.201702472639,21.5418444579064,2.9,5.45722818
5193,RWA,2019,823.355304065304,517.880137819214,22.9711026997362,2.7,4.91471481
5194,RWA,2020,802.638686936204,529.624523713012,24.5029761132966,2.6,5.79862261
5195,RWA,2021,842.581492947672,541.35630320227,26.1049092762833,2.4,6.23147202
5196,RWA,2022,1007.05989322914,553.345358735306,27.7806702737761,2.3,5.92842579
5197,RWA,2023,1061.05788154076,565.645358735306,28.8555310645477,2.2,5.12708998
5198,RWA,2024,1059.93709298801,,29.8849714294083,2.0,
5199,RWA,2025,1123.73874633225,,30.9133840928162,,
5200,SAS,2000,440.467918910931,369.362022618166,27.0411850503621,,3.87482351524686
5201,SAS,2001,446.418919348871,376.217803147914,27.3367176958249,,4.084068875594
5202,SAS,2002,462.898836496672,382.915998710263,27.6624110938664,,4.0899820190923
5203,SAS,2003,532.66154684429,389.41334579283,28.0227929273744,,3.88553089557589
5204,SAS,2004,606.478041696258,396.061871291822,28.410648569229,,3.86856198744402
5205,SAS,2005,686.338193475473,402.315400660187,28.8194352543063,,3.72779031080319
5206,SAS,2006,769.378704313512,408.379305503822,29.2427297254624,,3.57308973934196
5207,SAS,2007,967.697911561283,414.28225328772,29.674497317065,,3.51084763549702
5208,SAS,2008,958.275511460297,419.986744874377,30.1090398673123,,3.51163715690981
5209,SAS,2009,1054.43555885745,425.75854200787,30.540665970275,,3.48075323131367
5210,SAS,2010,1294.02734415145,431.612115524143,30.9636904041139,,3.30017600573324
5211,SAS,2011,1397.0068255002,437.408578434374,31.3499145522495,,3.22083950063436
5212,SAS,2012,1387.18205938261,443.137785083324,31.6728581018008,,3.28505446675086
5213,SAS,2013,1405.84072374278,448.546924775609,32.0003773282425,,3.65987146283701
5214,SAS,2014,1528.4920875126,453.976476752004,32.3195810824512,,3.53515216736329
5215,SAS,2015,1570.54142452744,459.325034807082,32.6380348100917,,3.51918654796032
5216,SAS,2016,1722.90703396273,464.622057592857,32.9532139923473,,3.42611411149628
5217,SAS,2017,1956.06707563972,469.82322835622,33.2643876230047,,2.92047698854916
5218,SAS,2018,1988.36633317988,474.800737015142,33.5735795082406,,2.85201740632584
5219,SAS,2019,2067.05975680251,479.655227185199,33.8860664509609,,2.9092236338682
5220,SAS,2020,1957.20343709781,484.334799417988,34.2000653894608,,3.25937586469263
5221,SAS,2021,2273.72055805692,488.431572059838,34.5086968655354,,3.30046062385627
5222,SAS,2022,2326.72890585805,492.36938394431,34.8137520955194,,3.30654430355157
5223,SAS,2023,2449.857142451,496.764562339512,35.137165500664,,3.25977663546509
5224,SAS,2024,2601.82209529365,,35.462858724308,0.186785804852573,
5225,SAS,2025,2705.28227429085,,35.7927050201319,,
5226,SAU,2000,11714.5623675159,7.52560694797855,79.9704860819453,0.1,4.2115941
5227,SAU,2001,10805.311325122,7.92737417953286,80.155242811133,0.1,4.46173573
5228,SAU,2002,10586.0543471363,8.33185715149626,80.3438134074234,0.1,4.2493763
5229,SAU,2003,11487.220410693,8.73929124664486,80.5414456330177,0.1,3.97909737
5230,SAU,2004,13154.4978989446,9.1499146388549,80.7542316538166,0.1,3.58400965
5231,SAU,2005,15975.7473782258,9.56411854732543,80.9775503092999,0.1,3.4186728
5232,SAU,2006,17563.6145370639,9.9824365373612,81.2008588083072,0.1,3.61922002
5233,SAU,2007,18596.1502627898,10.4053668203322,81.4230015549063,0.1,3.56229162
5234,SAU,2008,22320.4888964331,10.8331326842475,81.6441431042994,0.1,2.97100711
5235,SAU,2009,17718.3911648365,11.2656494657369,81.8644480116889,0.1,4.29042768
5236,SAU,2010,22028.3901426586,11.1543929589848,82.0791668544465,0.1,3.64786148
5237,SAU,2011,27126.7498747702,11.6723187994548,82.2543876159947,0.1,3.68218255
5238,SAU,2012,28733.4375513452,12.1733184784783,82.4311918025358,0.1,3.98779845
5239,SAU,2013,27865.465604962,12.8502267768841,82.6071884619102,0.1,4.42293596
5240,SAU,2014,27805.4850319422,13.1690025073383,82.7822571294871,0.1,5.15800905
5241,SAU,2015,23256.1549553531,13.8700845238151,82.9562773406163,0.1,5.8620224
5242,SAU,2016,22267.7217050387,14.399377584675,83.129128630626,0.1,6.24142838
5243,SAU,2017,23929.2907135982,14.4101498355577,83.300690534822,0.1,6.03126049
5244,SAU,2018,29360.0658968566,14.0468072140634,83.4708425884849,0.1,5.34063101
5245,SAU,2019,29566.7933827436,13.9851787932213,83.6394643268678,0.1,5.46743011
5246,SAU,2020,24338.8307301067,14.6777023663877,83.8064352851942,0.1,6.64630127
5247,SAU,2021,31920.7653655643,14.320382473752,83.9716349986538,0.1,5.93033648
5248,SAU,2022,38510.2276211037,14.9673785522564,84.1349430023993,0.1,5.31400585
5249,SAU,2023,36156.8562500172,15.6779493787476,84.2962388315415,0.1,5.68722248
5250,SAU,2024,35527.786181866,,84.4554020211443,0.1,
5251,SAU,2025,34536.6555456551,,84.6123121062185,,
5252,SDN,2000,362.116882324219,,32.3435880462815,0.1,3.60664487
5253,SDN,2001,451.293304443359,,32.3760415318304,0.1,3.36456871
5254,SDN,2002,506.262634277344,,32.4038820246832,0.1,3.30010891
5255,SDN,2003,580.320251464844,,32.4271684741748,0.1,3.89187932
5256,SDN,2004,705.113342285156,,32.4459598296403,0.1,4.15593481
5257,SDN,2005,905.543640136719,,32.4603150404146,0.1,4.09418154
5258,SDN,2006,1132.474609375,,32.4702930558327,0.1,4.88544321
5259,SDN,2007,1444.37219238281,,32.4759528252296,0.1,5.66269159
5260,SDN,2008,1527.58239746094,,32.4816230749746,0.1,5.42313576
5261,SDN,2009,1178.22180175781,,32.5774622972843,0.1,6.39496326
5262,SDN,2010,1305.63598632813,,32.7174026591513,0.1,5.05810165
5263,SDN,2011,1332.6572265625,,32.9059760141986,0.1,5.61579561
5264,SDN,2012,1019.22210693359,19.7661552462527,33.1425561614901,0.1,5.68827009
5265,SDN,2013,1138.62780761719,20.2279705567452,33.4264777958103,0.1,6.96487474
5266,SDN,2014,1275.43835449219,20.7833608137045,33.7624582408117,0.1,5.67619705
5267,SDN,2015,1292.37963867188,21.4263549250535,34.0914394628597,0.1,5.81112576
5268,SDN,2016,1033.21594238281,22.0877366167024,34.1881958841213,0.1,5.68438482
5269,SDN,2017,966.505676269531,22.8663308351178,34.2872225663509,0.1,5.91767406
5270,SDN,2018,731.027465820313,23.6780492505353,34.382054222005,0.1,4.46172857
5271,SDN,2019,709.975280761719,24.3833913276231,34.4727685824236,0.1,4.59967566
5272,SDN,2020,577.795227050781,25.0477682012848,34.5594433789246,0.1,3.04323435
5273,SDN,2021,712.122009277344,25.7317580299786,34.6421563427994,0.2,2.9669323
5274,SDN,2022,1046.24084472656,26.4364807280514,34.7209852053086,0.2,3.79416442
5275,SDN,2023,797.283447265625,26.7895026766595,34.7960076976764,0.2,2.85165739
5276,SDN,2024,984.607666015625,,34.8673015510839,0.2,
5277,SDN,2025,1164.53991699219,,34.9349444966605,,
5278,SEN,2000,603.233162455158,51.775099984418,40.6667555531967,0.7,3.55015373
5279,SEN,2001,637.213530563724,53.0459772502987,40.8763420163126,0.7,3.68148756
5280,SEN,2002,669.430447319209,54.3614709395938,41.1081471561292,0.7,3.95294404
5281,SEN,2003,817.888034221442,55.6857424816912,41.35893934855,0.7,4.29703569
5282,SEN,2004,918.102079522155,57.0077598296369,41.6248193895895,0.7,4.56856203
5283,SEN,2005,979.846101520171,58.3569937152652,41.9057599695838,0.7,3.67466521
5284,SEN,2006,1017.20196747987,59.7314392562198,42.2046413043069,0.6,3.76337624
5285,SEN,2007,1188.93877808175,61.1351166052044,42.524343609533,0.6,3.41496587
5286,SEN,2008,1398.79218010021,62.5822417285618,42.867747101036,0.6,3.50687575
5287,SEN,2009,1308.69404336205,64.0803459201163,43.23773199459,0.6,3.841573
5288,SEN,2010,1275.88357492357,65.6282813068093,43.6371785059692,0.5,4.02764368
5289,SEN,2011,1374.67591873844,67.3084558250662,44.0689668509475,0.5,4.21416712
5290,SEN,2012,1326.83798848379,69.1346543395834,44.5359772452989,0.5,4.26688004
5291,SEN,2013,1379.83196553924,71.2140913104451,45.0398750539456,0.5,4.38573599
5292,SEN,2014,1398.89137601382,73.5059575131148,45.6020905341588,0.4,4.38962269
5293,SEN,2015,1218.00613555438,75.7976990598868,46.2747669629858,0.4,4.37789631
5294,SEN,2016,1266.43957151587,78.0892380408248,47.0553579909929,0.4,4.25606871
5295,SEN,2017,1354.77007193387,80.3770944787825,47.9338349639053,0.4,4.16359377
5296,SEN,2018,1452.55612562445,82.6598348309354,48.9001692274485,0.4,4.43182087
5297,SEN,2019,1431.18128932159,84.9370072196541,49.9443321273477,0.3,4.49531031
5298,SEN,2020,1461.08720350553,87.2031319794318,51.0562950093282,0.3,5.15119171
5299,SEN,2021,1598.10676952274,89.4451098530099,52.2260292191155,0.3,4.44256258
5300,SEN,2022,1574.0281059306,91.6797538046019,53.4435061024348,0.3,4.0444808
5301,SEN,2023,1698.03387300843,93.8948371682335,54.6992276190794,0.3,4.32314825
5302,SEN,2024,1738.73223822106,,55.2368169057304,0.3,
5303,SEN,2025,1954.71174194867,,55.7672494455246,,
5304,SGP,2000,23852.8389514753,6011.77164179105,100.0,0.1,3.343364
5305,SGP,2001,21699.7414868907,6176.13731343284,100.0,0.1,3.16302657
5306,SGP,2002,22159.8373710639,6186.59259259259,100.0,0.1,3.358464
5307,SGP,2003,23730.3840054566,5989.55749636099,100.0,0.1,3.60699272
5308,SGP,2004,27608.080013423,6047.40783744557,100.0,0.1,3.15019798
5309,SGP,2005,29961.3172812732,6191.23657474601,100.0,0.1,3.03367925
5310,SGP,2006,33768.4528234651,6342.02449567723,100.0,0.1,2.9347465
5311,SGP,2007,39432.8860198877,6602.30071942446,100.0,0.1,2.83749056
5312,SGP,2008,40008.5720489092,6913.42285714286,100.0,0.1,3.19488454
5313,SGP,2009,38926.8054365453,7125.10428571429,100.0,0.1,3.39370513
5314,SGP,2010,47236.683084953,7231.81196581197,100.0,0.1,3.1982615
5315,SGP,2011,53891.4570264372,7363.19318181818,100.0,0.1,3.1539185
5316,SGP,2012,55547.5553077786,7524.69830028329,100.0,0.1,3.32392788
5317,SGP,2013,56967.4257940383,7636.72135785007,100.0,0.1,3.68225336
5318,SGP,2014,57564.8023114977,7714.7023977433,100.0,0.1,3.87132597
5319,SGP,2015,55645.6068614606,7806.77291960508,100.0,0.1,4.18061399
5320,SGP,2016,57204.0340105222,7908.72073342736,100.0,0.1,4.37989521
5321,SGP,2017,61436.1325502558,7882.37780898876,100.0,0.1,4.35978413
5322,SGP,2018,67032.8225769734,7897.30532212885,100.0,0.1,4.07275724
5323,SGP,2019,66068.7003106378,7965.87849162011,100.0,0.1,4.40746737
5324,SGP,2020,61772.5036492256,7918.95125348189,100.0,0.1,5.70015287
5325,SGP,2021,80884.8565369236,7595.49582172702,100.0,0.1,5.14599705
5326,SGP,2022,91227.6970426492,7851.00557103064,100.0,0.1,4.33121586
5327,SGP,2023,86382.5900499252,8241.8495821727,100.0,0.1,4.49163246
5328,SGP,2024,94896.5621495988,,100.0,0.1,
5329,SGP,2025,98813.9788172877,,100.0,,
5330,SLB,2000,953.17190137706,15.7366559485531,15.7523593692696,0.1,4.82778931
5331,SLB,2001,911.791935385411,16.0459092533048,16.0619258388978,0.1,6.60712814
5332,SLB,2002,756.890296490792,16.3512325830654,16.4026212138182,0.1,10.10627556
5333,SLB,2003,895.984242546501,16.6543051089675,16.7733115757749,0.1,7.07724714
5334,SLB,2004,986.070953503889,16.9564487316899,17.172863006512,0.1,7.72556639
5335,SLB,2005,1144.49233397681,17.2590210789568,17.6001415877737,0.1,9.01794529
5336,SLB,2006,1255.62447417684,17.5632011432655,18.0540134013038,0.1,8.00802231
5337,SLB,2007,1390.14870956707,17.8690961057521,18.5333445288467,0.1,7.18583059
5338,SLB,2008,1525.84666261203,18.1775634155055,19.0370010521463,0.1,5.50656271
5339,SLB,2009,1554.70671006386,18.5116470167917,19.5633740998673,0.1,6.6096673
5340,SLB,2010,1685.14535823757,19.0413719185423,20.1194058206257,0.1,4.66862011
5341,SLB,2011,1924.05795643133,19.7550911039657,20.7284892962955,0.1,5.03008652
5342,SLB,2012,2066.25738638356,20.4932475884244,21.3906964219987,0.1,4.88045692
5343,SLB,2013,2161.38627543917,21.2556270096463,22.1027262484765,0.1,4.58030891
5344,SLB,2014,2164.95289873002,22.0403001071811,22.8612778264703,0.1,4.88962364
5345,SLB,2015,2045.47721526649,22.8444087173991,23.6630502067213,0.1,4.45310211
5346,SLB,2016,2082.62383124213,23.6648445873526,24.5047424399707,0.1,4.52952909
5347,SLB,2017,2143.57670489272,24.497034655234,25.3830535769599,0.1,4.16556406
5348,SLB,2018,2278.19908624102,25.3340836012862,26.2946826684302,0.1,3.86440825
5349,SLB,2019,2223.65890942466,26.014540907467,27.275106750276,0.1,4.43728065
5350,SLB,2020,2063.32780991967,26.5987138263666,28.0327555150022,0.1,4.89478445
5351,SLB,2021,2043.44413170658,27.2451232583065,28.6889396820578,0.1,4.94795895
5352,SLB,2022,1877.78104490956,27.9051804215791,29.3511689856806,0.1,4.82418394
5353,SLB,2023,1882.64394148042,28.581814933905,30.0088821088389,0.1,5.36366177
5354,SLB,2024,1933.55538435227,,30.6617188562194,0.1,
5355,SLB,2025,2086.18955928928,,31.3093190325418,,
5356,SLE,2000,143.743743239644,61.2858270989194,35.5327867241975,1.6,5.29086494
5357,SLE,2001,358.315716051546,65.0140759213078,35.763651295501,1.7,5.22183514
5358,SLE,2002,388.995111216836,68.8755195344971,36.0082791496616,1.7,5.55388832
5359,SLE,2003,413.817607346927,71.7329869770019,36.2690511597053,1.7,5.06219816
5360,SLE,2004,417.749983329227,74.199459684123,36.5491283814755,1.7,5.23798943
5361,SLE,2005,462.633324427945,76.2221113881962,36.8485519672439,1.7,5.23005009
5362,SLE,2006,580.26796974773,77.9227763923524,37.1703805343647,1.6,5.29913139
5363,SLE,2007,631.889926264998,79.65297866445,37.5122859420526,1.6,5.31662989
5364,SLE,2008,705.359014080005,81.6669714602383,37.8725951588418,1.6,5.60332584
5365,SLE,2009,652.845806767943,83.8964533111665,38.2496351532666,1.6,6.27075481
5366,SLE,2010,685.039673490948,86.2110556940981,38.6417328938613,1.6,5.64204741
5367,SLE,2011,761.146365577281,88.4905929620393,39.0472153491602,1.6,6.60636759
5368,SLE,2012,937.504428180231,90.7603214186755,39.4644094876975,1.6,5.92764187
5369,SLE,2013,1117.47183075115,93.0181629260183,39.8916422780075,1.6,8.45845032
5370,SLE,2014,1117.7586465721,95.2671792740371,40.3272406886245,1.6,15.11886978
5371,SLE,2015,964.575980888989,97.5014546965918,40.7669565187099,1.6,12.3831234
5372,SLE,2016,844.416411175476,99.8244389027431,41.229411538771,1.6,10.05438519
5373,SLE,2017,779.186007841728,102.234677195899,41.7106682105058,1.6,6.00532055
5374,SLE,2018,845.914540460932,104.662829038515,42.2011025267803,1.6,5.29927444
5375,SLE,2019,843.71251730417,107.120961485176,42.7018444914441,1.5,5.7052846
5376,SLE,2020,845.277558236182,109.622582432807,43.2129659123546,1.5,5.66489744
5377,SLE,2021,885.396401613729,112.144666112497,43.7345385973699,1.5,5.07244635
5378,SLE,2022,860.371067874555,114.66898032696,44.2666343543487,1.5,4.80377436
5379,SLE,2023,758.329137301888,117.214075921308,44.809324991151,1.4,4.71883011
5380,SLE,2024,806.654650274255,,45.3626823156371,1.4,
5381,SLE,2025,846.296172499617,,45.9267781356681,,
5382,SLV,2000,1982.87093542615,286.841988416988,56.5638569810457,0.5,7.84342813
5383,SLV,2001,2058.04459070452,288.033783783784,57.4526760394716,0.5,7.88604879
5384,SLV,2002,2115.41187355626,288.930067567568,58.3486233966841,0.6,7.88565731
5385,SLV,2003,2207.83089518069,289.507673745174,59.2468576589718,0.6,7.77182293
5386,SLV,2004,2285.68907438892,289.800723938224,60.1425374326239,0.6,8.1302166
5387,SLV,2005,2447.39140845394,289.844498069498,61.0308213239291,0.6,9.20057869
5388,SLV,2006,2665.61807194853,289.68721042471,61.9068679391763,0.6,8.69338894
5389,SLV,2007,2830.65693770733,290.049420849421,62.7676878093683,0.6,8.47836304
5390,SLV,2008,2983.24829577976,290.989237451737,63.6372503452723,0.6,8.49585915
5391,SLV,2009,2910.18651752011,291.905357142857,64.5299047495248,0.6,8.83749676
5392,SLV,2010,3040.07300952878,292.86916023166,65.4327927543162,0.5,8.90416241
5393,SLV,2011,3330.60049486653,293.925048262548,66.334413642034,0.5,8.87645435
5394,SLV,2012,3497.91256915509,295.076013513513,67.2232666950659,0.5,8.60625362
5395,SLV,2013,3582.26694005169,296.276013513514,68.0878511957995,0.5,9.05235958
5396,SLV,2014,3666.01248913873,297.439913127413,68.9166664266223,0.5,8.5989418
5397,SLV,2015,3790.34089108162,298.439961389961,69.6982116699219,0.5,8.75833225
5398,SLV,2016,3901.34014965811,299.266409266409,70.3990173339844,0.5,8.71456337
5399,SLV,2017,4020.12671373919,299.880936293436,71.0856704711914,0.4,8.42286873
5400,SLV,2018,4183.54620971358,300.183735521236,71.7577209472656,0.4,8.322752
5401,SLV,2019,4320.11671534627,300.304922779923,72.4148941040039,0.4,8.80846119
5402,SLV,2020,3997.19279583709,300.901206563707,73.0570220947266,0.4,8.95105076
5403,SLV,2021,4642.60743101342,301.919980694981,73.6838531494141,0.4,10.12668991
5404,SLV,2022,5074.60050994225,303.104198841699,74.1465021298679,0.4,9.82036304
5405,SLV,2023,5319.7195268688,304.518532818533,74.6080675149903,0.4,9.28738594
5406,SLV,2024,5503.10317151907,,75.0674905102199,0.4,
5407,SLV,2025,5766.72574029107,,75.5237123209951,,
5408,SMR,2000,37600.7049136309,446.65,93.7709762556799,,5.7876792
5409,SMR,2001,39035.1004348216,452.383333333333,93.9000015258789,,5.64127541
5410,SMR,2002,41790.8434204136,458.183333333333,93.9488167294543,,5.39155769
5411,SMR,2003,52529.9136967576,464.05,94.0,,4.77200127
5412,SMR,2004,58232.0431338765,490.95,94.2143791763566,,4.86479282
5413,SMR,2005,59877.7862692185,497.266666666667,94.6454896824635,,4.88683653
5414,SMR,2006,63270.7994496499,503.066666666667,95.2084276028853,,4.91361904
5415,SMR,2007,70124.4249984768,520.183333333333,95.8182890221867,,5.09587288
5416,SMR,2008,75902.1677701187,527.7,96.3901700249324,,5.41110897
5417,SMR,2009,62429.0202738462,551.1,96.8391666956869,,6.18409586
5418,SMR,2010,56543.190562068,554.5,97.074615769187,,6.20853519
5419,SMR,2011,55601.4008139955,543.666666666667,97.0999984741211,,8.0707283
5420,SMR,2012,47945.8917557105,557.816666666667,97.0999984741211,,8.98883724
5421,SMR,2013,50807.8206340193,550.683333333333,97.0999984741211,,8.23800278
5422,SMR,2014,51260.4804236805,544.25,97.0999984741211,,8.30091763
5423,SMR,2015,43146.8035302005,548.283333333333,97.0999984741211,,8.43315315
5424,SMR,2016,44359.4574206971,551.683333333333,97.0999984741211,,8.4219532
5425,SMR,2017,45192.0530047599,563.75,97.0999984741211,,8.25972271
5426,SMR,2018,47950.7076296808,575.366666666667,97.0999984741211,,8.2778492
5427,SMR,2019,46626.9998571568,577.716666666667,97.0999984741211,,8.14801598
5428,SMR,2020,44426.6259613672,579.5,97.0999984741211,,8.48147392
5429,SMR,2021,54168.9744311193,570.866666666667,97.1035668453272,,7.51272249
5430,SMR,2022,54264.5837022908,562.583333333333,97.1141889380465,,7.22336292
5431,SMR,2023,59871.3288101478,564.333333333333,97.1317310361655,,6.60829115
5432,SMR,2024,,,97.1560555881096,,
5433,SMR,2025,,,97.1870254171573,,
5434,SOM,2000,386.119274401275,14.089190869385,33.0596136927225,0.3,
5435,SOM,2001,244.914842538455,14.6626916823413,33.5128183866634,0.3,
5436,SOM,2002,229.598918310039,15.2231054930341,33.9872055053711,0.2,
5437,SOM,2003,286.273025198975,15.7955128000765,34.4719665654476,0.2,
5438,SOM,2004,375.410326225387,16.3882392323142,34.9620706047618,0.2,
5439,SOM,2005,439.979907805478,16.9672394554787,35.4674928136211,0.2,
5440,SOM,2006,457.996662206659,17.4953007938279,35.9982083823331,0.2,
5441,SOM,2007,479.635628065289,18.0485574010903,36.5641925012053,0.2,
5442,SOM,2008,507.03744334738,18.5913284662225,37.1754203605454,0.2,
5443,SOM,2009,246.513251675105,19.0665364873912,37.8418671506609,0.2,
5444,SOM,2010,219.202453852397,19.5456307584404,38.5735080618592,0.1,
5445,SOM,2011,235.325945610434,19.6844294959671,39.380318284448,0.1,
5446,SOM,2012,350.261946720512,19.8634871042816,40.2722730087349,0.1,
5447,SOM,2013,393.398703952979,20.5145439474607,41.2593474250273,0.1,3.36953735
5448,SOM,2014,429.431656725102,21.2635747760385,42.3515167236328,0.1,3.02053761
5449,SOM,2015,445.583080073396,22.0087400771511,43.8618107408479,0.1,2.94074512
5450,SOM,2016,460.928490585175,22.8723499218924,45.942842729174,0.1,2.2842648
5451,SOM,2017,510.939952317726,23.7775831287659,48.3639630032265,0.1,2.44348097
5452,SOM,2018,509.497273804534,24.6317578984283,50.9506215336872,0.1,2.50873256
5453,SOM,2019,539.954816211694,25.5538798737527,51.6421170703225,0.1,2.40617251
5454,SOM,2020,518.16113333875,26.5425303663085,52.286318011754,0.1,2.47010517
5455,SOM,2021,549.056994756254,27.5312127395033,52.9060649733324,0.1,2.73509169
5456,SOM,2022,573.141165798229,28.3767924889215,53.5010115886789,0.1,2.8469162
5457,SOM,2023,596.885985135589,29.2642187649441,54.0714435506882,0.1,3.74413586
5458,SOM,2024,629.538899449007,,54.6176465524521,0.1,
5459,SOM,2025,661.173877723116,,55.1399062872976,,
5460,SRB,2000,974.725469278615,,55.5923115701625,0.1,5.80770588
5461,SRB,2001,1812.42088281393,,56.0482321112049,0.1,6.19155836
5462,SRB,2002,2390.73459447107,,56.462901503343,0.1,7.24950886
5463,SRB,2003,3153.9011312754,,56.8784264526306,0.1,7.30602598
5464,SRB,2004,3597.08798057009,,57.3144555999278,0.1,7.63644934
5465,SRB,2005,3807.97417321786,,57.7508909888183,0.1,8.09346867
5466,SRB,2006,4492.7136699046,84.742385090327,58.1709152910668,0.1,8.28575706
5467,SRB,2007,6081.08765700202,84.3994854790761,58.5577111784378,0.1,9.01782608
5468,SRB,2008,7376.73517910716,84.0409558655385,58.8944613226962,0.1,9.12807178
5469,SRB,2009,6414.0448463847,83.7046306883147,59.1643483956067,0.1,8.98933506
5470,SRB,2010,5970.92660940072,83.3688085982163,59.3505550689338,0.1,9.15153027
5471,SRB,2011,7082.2861666075,82.740898696547,59.4349187787267,0.1,8.75940418
5472,SRB,2012,6263.04086072815,82.3404642122113,59.3468437194824,0.1,8.95716667
5473,SRB,2013,7040.41812068781,81.9409215641436,59.6111068725586,0.1,8.93188286
5474,SRB,2014,6886.67809068704,81.5434141321747,59.8779373168945,0.1,8.85966778
5475,SRB,2015,5820.3215576888,81.1271781385776,60.1388092041016,0.1,8.46289921
5476,SRB,2016,5982.37030126471,80.7034301394923,60.3853870034026,0.1,8.15184307
5477,SRB,2017,6548.03653824187,80.275074319689,60.621208190918,0.1,7.89965153
5478,SRB,2018,7559.86165747394,79.8376857992225,60.8433609008789,0.1,8.18469906
5479,SRB,2019,7755.632986437,79.4104161902584,61.0492248535156,0.1,8.28762531
5480,SRB,2020,8098.70955668849,82.0445475086217,61.223201751709,0.1,8.30643559
5481,SRB,2021,9680.52798074468,81.2739445831847,61.363899230957,0.1,9.23441029
5482,SRB,2022,10024.8191112596,79.2537638244738,61.9013813540396,0.1,8.58397198
5483,SRB,2023,12281.707946167,78.7630277084077,62.1434649229738,0.1,8.03133774
5484,SRB,2024,13677.7794863909,,62.3830029804177,0.1,
5485,SRB,2025,15262.0464193413,,62.6379872799333,,
5486,SSA,2000,628.967997107944,32.0460370122195,32.6590838594923,5.10149650038279,4.89255252667221
5487,SSA,2001,586.826461493206,32.9144774774703,33.1233991632771,5.04807161095399,4.90594532246838
5488,SSA,2002,624.838806284965,33.8117140910631,33.6019263795673,4.96746981220325,4.45314306919302
5489,SSA,2003,765.978126389081,34.7364856559253,34.0970604619123,4.86864537565787,5.40213613622158
5490,SSA,2004,925.860782822606,35.4451994558637,34.610244785712,4.75727275355352,5.39321898712087
5491,SSA,2005,1072.97884278867,36.4266922328933,35.1244431664379,4.62723477068195,5.21798697696906
5492,SSA,2006,1233.53123307184,37.4362167612066,35.6414055285036,4.5322384492244,5.1336970085223
5493,SSA,2007,1390.0998726156,38.4785198815047,36.1005734822503,4.44600492014016,5.04189617716036
5494,SSA,2008,1536.38359632821,39.5584279818902,36.62277257183,4.37306737454089,4.82570893022306
5495,SSA,2009,1426.74291944931,40.666469430153,37.0888673329909,4.32677024732023,5.22287682861105
5496,SSA,2010,1642.37471849237,41.8026414849292,37.5321548374391,4.28581200542572,5.16489086199505
5497,SSA,2011,1795.17977483773,42.9641022484483,37.9757403535007,4.22465904490907,5.08906717189061
5498,SSA,2012,1817.07773780046,39.5318926005887,38.4191173810863,4.18484172518026,4.91939475098294
5499,SSA,2013,1879.20059513022,40.6295238121207,38.8777381567093,4.1089034813927,4.90220136869786
5500,SSA,2014,1906.51557748593,41.7463090048594,39.3563962352604,4.07095713372573,4.70014055906919
5501,SSA,2015,1646.07300085129,42.8825385577474,39.8377982630079,3.99759786596418,4.92395707360768
5502,SSA,2016,1455.29231657117,44.0301676138037,40.3032542736816,3.92679488505611,4.99805123628959
5503,SSA,2017,1547.77467837023,45.2000307046991,40.7746030847625,3.80851030324267,4.97575557255574
5504,SSA,2018,1621.1285196776,46.409219960712,41.2564263036696,3.73388234171416,4.67006630730864
5505,SSA,2019,1795.55378673641,47.630303051131,41.7069060558369,3.62192164663095,4.49332825164535
5506,SSA,2020,1627.39235037313,48.8674023588998,42.1668776172731,3.51105488279984,4.86722959990997
5507,SSA,2021,1784.88774854725,50.1196503950214,42.6488015882409,3.41183611467179,5.07427429169396
5508,SSA,2022,1863.26040059117,51.3788417832242,43.15565683019,3.28729328767178,4.91802413678379
5509,SSA,2023,1680.66097936273,52.6599841253972,43.6394241334397,3.14780971533936,4.92011962789578
5510,SSA,2024,1541.07573422834,,44.1494028547268,3.02546989561157,
5511,SSA,2025,1671.41989803328,,44.6584634972637,,
5512,SSD,2000,,,16.0428540117317,2.4,
5513,SSD,2001,,,16.2559618671544,2.4,
5514,SSD,2002,,,16.447645411794,2.5,
5515,SSD,2003,,,16.6154472307377,2.5,
5516,SSD,2004,,,16.7569099090725,2.5,
5517,SSD,2005,,,16.8695760318857,2.4,
5518,SSD,2006,,,16.9509881842643,2.4,
5519,SSD,2007,,,16.9986889512954,2.3,
5520,SSD,2008,1654.21153546555,,17.0301141193955,2.3,
5521,SSD,2009,1323.22068747862,,17.2937284639317,2.2,
5522,SSD,2010,1498.27034985194,,17.535620199576,2.2,
5523,SSD,2011,1448.98435006408,,17.7817678106789,2.1,
5524,SSD,2012,1109.26050083408,17.0212523539,18.0321885447664,2.1,
5525,SSD,2013,1650.18943353528,17.6701137784248,18.2868996493633,2.0,
5526,SSD,2014,1242.73450181032,17.7789834317092,18.5459183719929,2.0,
5527,SSD,2015,1080.14718624765,17.5772015887836,18.8092619601773,2.0,
5528,SSD,2016,,17.1381355529885,19.0769476614377,1.9,
5529,SSD,2017,,16.234636747741,19.3489927232944,1.9,22.11322403
5530,SSD,2018,,16.0191429430475,19.6254143932663,1.8,11.69539356
5531,SSD,2019,,16.4945231275616,19.9062299188719,1.8,9.06570053
5532,SSD,2020,,16.9298292532401,20.1914565476286,1.7,9.35116673
5533,SSD,2021,,17.1945943379805,20.4811115270532,1.7,6.30117083
5534,SSD,2022,,17.4405029038026,20.7752121046616,1.6,6.57254314
5535,SSD,2023,,18.1719082809805,21.0737755279692,1.6,11.61002254
5536,SSD,2024,,,21.3768190444906,1.5,
5537,SSD,2025,,,21.6843599017401,,
5538,SSF,2000,629.85955320409,32.0491625054122,32.6603636070495,5.10149650038279,4.89210703053948
5539,SSF,2001,587.710901869404,32.9175875063926,33.1245713984468,5.04807161095399,4.90534830473167
5540,SSF,2002,625.805568583085,33.8149233729561,33.6030328842218,4.96746981220325,4.45270466556495
5541,SSF,2003,766.914712241418,34.7396305637423,34.098059763338,4.86864537565787,5.40139841379042
5542,SSF,2004,926.94326619829,35.4482929714408,34.6111490644491,4.75727275355352,5.39227172095989
5543,SSF,2005,1074.12476310665,36.4297825401275,35.1252647556364,4.62723477068195,5.21706322418419
5544,SSF,2006,1234.75609892112,37.4393667992787,35.6421605036882,4.5322384492244,5.1328005835852
5545,SSF,2007,1391.26803582887,38.4816677407068,36.1012589693212,4.44600492014016,5.04069676719282
5546,SSF,2008,1537.38333094262,39.5616425246272,36.6233967078065,4.37306737454089,4.82470287172037
5547,SSF,2009,1427.57787495772,40.6696761279706,37.0894274944778,4.32677024732023,5.22162738245254
5548,SSF,2010,1643.30753523371,41.8059392106961,37.5326696254384,4.28581200542572,5.16437485564725
5549,SSF,2011,1796.16109829226,42.967266081547,37.9761873273848,4.22465904490907,5.08859144094539
5550,SSF,2012,1818.06125449252,39.5348275372744,38.4195200457817,4.18484172518026,4.91963229133089
5551,SSF,2013,1880.39980462364,40.6325065160186,38.8781029884112,4.1089034813927,4.90167601754793
5552,SSF,2014,1907.73210907064,41.7493292302074,39.3567243486427,4.07095713372573,4.69994632400439
5553,SSF,2015,1647.32085826836,42.8856228719352,39.8380952067264,3.99759786596418,4.92337499505911
5554,SSF,2016,1456.65211115929,44.0332822288675,40.3035222705197,3.92679488505611,4.9977588086862
5555,SSF,2017,1549.18831908585,45.203171340363,40.7748446210958,3.80851030324267,4.97525397500782
5556,SSF,2018,1622.59575329634,46.4123755169373,41.2566428447246,3.73388234171416,4.66981464111871
5557,SSF,2019,1797.04121765415,47.6334709548081,41.7071031134135,3.62192164663095,4.49310767821026
5558,SSF,2020,1628.43873346869,48.8705812183523,42.1670568799491,3.51105488279984,4.86793728071123
5559,SSF,2021,1785.98118191144,50.1228384471223,42.6489634636483,3.41183611467179,5.07436814274861
5560,SSF,2022,1864.70686111925,51.3828682687896,43.1558281440802,3.28729328767178,4.91756933551018
5561,SSF,2023,1682.2261488119,52.6639815629256,43.639562828921,3.14780971533936,4.91966846383615
5562,SSF,2024,1542.65844261619,,44.1495101463121,3.02546989561157,
5563,SSF,2025,1673.07077574497,,44.6585400495213,,
5564,SST,2000,4846.98211684438,21.7763587407941,49.2961871752943,2.7577227419315,5.00264814411164
5565,SST,2001,4839.48717715581,22.0951703045544,49.3170929143434,2.86943603881264,4.9563826790715
5566,SST,2002,5133.23248844722,22.4156619874063,49.3388064786292,2.94834310735834,5.27638782517586
5567,SST,2003,6060.66996564824,22.6790406564129,49.3908235841846,2.99362854525037,5.37567529920435
5568,SST,2004,6954.24066365358,22.9474936600401,49.467018684534,3.02757962426782,5.42150983451458
5569,SST,2005,7779.56425219565,23.0888082733534,49.514592333948,3.04521951584836,5.45415399698248
5570,SST,2006,8649.77205518934,22.8969574840419,49.5866232129558,3.06456187394915,5.27083578474109
5571,SST,2007,10056.4113345434,23.139797458615,49.6867101238797,3.07649437746567,5.26178421922723
5572,SST,2008,10984.7646983248,23.3853399685667,49.8031679131066,3.10360275688584,5.30929218398443
5573,SST,2009,9299.40869272154,23.6168770741806,49.9082927598953,3.12381860878394,5.930780425078
5574,SST,2010,9799.55180930436,23.8561525796908,49.9789172474027,3.15550937425584,5.75784738559795
5575,SST,2011,10887.8653862795,24.0920849210761,50.0393878949867,3.18595272401647,5.57299158655526
5576,SST,2012,10829.4075164827,24.3340222188766,50.1216411856977,3.20806119508506,5.55162046320129
5577,SST,2013,11137.9509953235,24.5433988583401,50.2078520957445,3.21856279764995,5.70902048226616
5578,SST,2014,11422.9709382889,24.7939970826117,50.3145535848893,3.22669479365851,5.82273851473127
5579,SST,2015,10451.9964952878,25.0522020897752,50.4432480596759,3.19125164532915,6.05129224305221
5580,SST,2016,10492.0492970632,25.30673344668,50.5823717773529,3.15788660222889,6.27538454787241
5581,SST,2017,11319.4921033734,25.5970204103524,50.740519957361,3.10400164991527,6.28904882037557
5582,SST,2018,12064.6886372837,25.8745222195669,50.8834075568435,3.04526127862212,6.32719850846713
5583,SST,2019,11997.3036529705,26.157554001711,51.0510007537325,2.98348706198931,6.48690645798181
5584,SST,2020,10730.4939107969,25.8977652198983,51.2091700462085,2.92386239391558,7.46047796845442
5585,SST,2021,12435.8612830054,26.129704756552,51.340072776001,2.86995441984072,7.38186050356252
5586,SST,2022,13644.5029834497,26.4041388992376,51.5222800598785,2.79704825288346,6.66340815208201
5587,SST,2023,14360.785757405,26.6421485673445,51.7493987022104,2.7154795131521,6.76680777438066
5588,SST,2024,15409.264856078,,51.9275948240725,2.6411893342226,
5589,SST,2025,16577.8450757077,,52.1047234338587,,
5590,STP,2000,529.089383412262,150.01875,52.9663437052108,,9.31892776
5591,STP,2001,518.88050130005,152.473958333333,53.9612039920776,,9.64001942
5592,STP,2002,568.10257252271,156.16875,55.0882710997103,,9.49860477
5593,STP,2003,663.696211810494,160.222916666667,56.4128470868097,,11.46527386
5594,STP,2004,726.560882130444,164.276041666667,57.8774845467458,,10.7211771
5595,STP,2005,844.169181884274,168.373958333333,59.4188016908917,,10.35199738
5596,STP,2006,861.970707697664,172.539583333333,60.9734167306206,,7.10559654
5597,STP,2007,878.885791918745,176.770833333333,62.4779478773056,,7.00608587
5598,STP,2008,1081.8684584729,181.034375,63.8690133423199,,5.97009039
5599,STP,2009,1128.28046213305,185.263541666667,65.0832313370367,,5.75177002
5600,STP,2010,1045.20958234528,189.377083333333,66.0572200728291,,5.80827904
5601,STP,2011,1219.80189089671,193.384375,66.7275977610702,,5.65160036
5602,STP,2012,1210.7926479817,197.332291666667,67.0335889448132,,7.07299662
5603,STP,2013,1382.5757842916,201.195833333333,67.1306686401367,,8.94060898
5604,STP,2014,1489.67633417608,204.965625,67.2606735229492,,7.91452122
5605,STP,2015,1298.10946596396,208.636458333333,67.3915710449219,,6.53226852
5606,STP,2016,1434.87018050521,212.176041666667,67.5218887329102,,7.60211611
5607,STP,2017,1555.79477812888,215.59375,67.6520004272461,,7.46631384
5608,STP,2018,1825.59971753966,218.944791666667,67.7828826904297,,5.91960287
5609,STP,2019,1935.2931816596,222.283333333333,67.9129943847656,,5.48078823
5610,STP,2020,2167.22001796925,226.494791666667,68.0436706542969,,7.32044411
5611,STP,2021,2362.58827248102,231.209375,68.1738967895508,,7.85889721
5612,STP,2022,2389.73729784737,235.734375,68.3720919798341,,5.7744813
5613,STP,2023,2990.6606143535,240.490625,68.6043921103568,,5.77292156
5614,STP,2024,3502.6176807171,,68.8710170184884,,
5615,STP,2025,4084.40062145233,,69.1721865415984,,
5616,SUR,2000,1988.22172925433,2.96959751627976,66.7015222141811,1.1,5.87092161
5617,SUR,2001,1714.64846637242,3.03138274876811,66.718959290312,1.2,3.82474971
5618,SUR,2002,2202.340682196,3.09362901858672,66.7320549534773,1.3,5.32991552
5619,SUR,2003,2516.10404020956,3.15507781842867,66.7404073281911,1.3,4.88878393
5620,SUR,2004,2887.7721728844,3.20186064698116,66.743604713168,1.4,5.4608078
5621,SUR,2005,3453.42865937765,3.23544160927946,66.7321826490881,1.4,5.2439642
5622,SUR,2006,5002.65798695759,3.27085426043039,66.6967982269052,1.4,5.85598755
5623,SUR,2007,5530.17615638309,3.30835404003586,66.6433180134835,1.5,5.22148609
5624,SUR,2008,6576.08546307249,3.34716216882178,66.5776961831642,1.5,4.74699593
5625,SUR,2009,7129.5768626291,3.3865559396218,66.5058869102882,1.5,4.97810316
5626,SUR,2010,7943.60482816915,3.42614907791599,66.4338443691967,1.5,4.6978569
5627,SUR,2011,7949.88867218383,3.46568614410245,66.3675227342307,1.5,4.40932178
5628,SUR,2012,8851.24050668908,3.50533535450438,66.3132562693376,1.6,4.28435707
5629,SUR,2013,9043.19281529222,3.54512786029273,66.2683575134509,1.6,4.48738098
5630,SUR,2014,9108.18905406764,3.58470853811854,66.2249266178037,1.6,4.52127838
5631,SUR,2015,8813.61705392067,3.62367242275927,66.1828815074718,1.6,5.80808163
5632,SUR,2016,5644.2061057532,3.66186375836012,66.1426466980469,1.6,5.99283743
5633,SUR,2017,6049.52128553675,3.69897103321145,66.1046467051207,1.6,5.32285929
5634,SUR,2018,6665.74180472239,3.73510639152873,66.0693060442846,1.6,6.60567093
5635,SUR,2019,6629.66775248603,3.77407650640365,66.0370492311305,1.6,8.38353634
5636,SUR,2020,4755.39221710693,3.81487831013121,66.00830078125,1.6,6.03425598
5637,SUR,2021,5029.84838543953,3.84963678669192,65.9853973388672,1.6,5.01704168
5638,SUR,2022,6084.43876736445,3.88245766041872,65.8985443115234,1.6,5.93297768
5639,SUR,2023,5521.97602122638,3.91810706046897,65.7562408447266,1.6,5.40666008
5640,SUR,2024,6961.78956060258,,65.7641857200885,1.6,
5641,SUR,2025,7069.87230892274,,65.7886836406706,,
5642,SVK,2000,3827.72506501314,112.031600831601,56.1058893284907,0.1,5.30743933
5643,SVK,2001,3974.36802854653,111.826756756757,55.9968426739371,0.1,5.34054947
5644,SVK,2002,4606.38793538107,111.786112266112,55.8776140379959,0.1,5.51793909
5645,SVK,2003,6283.15169311309,111.689336936188,55.7386007222942,0.1,5.48400879
5646,SVK,2004,7996.74076556872,111.689812889813,55.5843833415875,0.1,6.39662457
5647,SVK,2005,9087.20357002472,111.700769230769,55.4189847597721,0.1,6.61619043
5648,SVK,2006,10629.1782325838,111.705904365904,55.2464278407442,0.1,6.8522706
5649,SVK,2007,14330.2064943926,111.738503118503,55.0707354484001,0.1,7.17538357
5650,SVK,2008,17973.8436435514,111.834365904366,54.895930446636,0.1,6.95978355
5651,SVK,2009,16586.7527805228,112.006778956124,54.7260356993483,0.1,7.95280409
5652,SVK,2010,16899.448680529,112.108876920838,54.5650740704331,0.1,7.67065239
5653,SVK,2011,18469.4354316836,112.260522375645,54.4167387988534,0.1,7.31452227
5654,SVK,2012,17516.9691054078,112.451734320413,54.2764528316182,0.1,7.52780581
5655,SVK,2013,18312.7805149823,112.572637664282,54.1384024098892,0.1,7.48013163
5656,SVK,2014,18770.9289896545,112.700686356073,54.0029125499893,0.1,6.86543369
5657,SVK,2015,16442.0760860018,112.803148787488,53.8700628001622,0.1,6.74109745
5658,SVK,2016,16636.0769133073,112.953369384359,53.7399327086517,0.1,7.06081343
5659,SVK,2017,17645.5298716761,113.128785357737,53.6126018237016,0.1,6.73388767
5660,SVK,2018,19573.3717031314,113.285586522463,53.4881496935559,0.1,6.63677502
5661,SVK,2019,19406.0589683582,113.43899750416,53.3666558664583,0.1,6.91102982
5662,SVK,2020,19735.4858280801,113.536335274542,53.2481998906526,0.1,7.06027794
5663,SVK,2021,22123.3342114545,113.295486688852,53.1901479870605,0.1,7.62857914
5664,SVK,2022,21317.7943982363,112.973211314476,53.1902831072528,0.1,7.70245218
5665,SVK,2023,24614.8734642794,112.868968386023,53.190805019646,0.1,7.35262203
5666,SVK,2024,25992.6748502048,,53.1919702985684,0.1,
5667,SVK,2025,28543.6653439813,,53.1940341971169,,
5668,SVN,2000,10135.7219109212,98.7549652432969,50.6975029797519,0.1,7.85456371
5669,SVN,2001,10375.6255869861,98.9106256206554,50.7597503536323,0.1,7.95505714
5670,SVN,2002,11639.1297780477,99.0332671300894,50.7744556266555,0.1,8.11632538
5671,SVN,2003,14711.674874253,99.0929990069513,50.7553842628349,0.1,8.17447376
5672,SVN,2004,17103.8297783905,99.156504468719,50.7124410611224,0.1,7.99959517
5673,SVN,2005,17969.7095907161,99.3284011916584,50.648781400021,0.1,8.0534668
5674,SVN,2006,19563.005059144,99.6458788480636,50.5672552816963,0.1,7.8671999
5675,SVN,2007,23725.1596001515,100.204667328699,50.4707127083144,0.1,7.54076052
5676,SVN,2008,27461.9764165315,100.332370372576,50.3620036820409,0.1,7.89287567
5677,SVN,2009,24501.7897290425,101.245371243634,50.2439782050416,0.1,8.6420126
5678,SVN,2010,23329.8417691156,101.685826607499,50.1194862794826,0.1,8.63941956
5679,SVN,2011,24940.6284841605,101.898292465005,49.9463818748723,0.1,8.60054302
5680,SVN,2012,22442.1417859955,102.114049151928,49.7619476318359,0.1,8.79263687
5681,SVN,2013,23236.9655321695,102.281678252234,50.0466580754027,0.1,8.84043884
5682,SVN,2014,24013.0682060959,102.382323733863,50.983470916748,0.1,8.58487225
5683,SVN,2015,20697.2748530619,102.446109241111,53.6612160294144,0.1,8.57742882
5684,SVN,2016,21447.8377796036,102.52417833383,53.647274017334,0.1,8.5691185
5685,SVN,2017,23303.077705959,102.610871929328,55.2451133728027,0.1,8.2588892
5686,SVN,2018,25888.0481065655,102.992292564709,55.1913430955675,0.1,8.35228634
5687,SVN,2019,25814.1687167572,103.711934605987,55.4523277282715,0.1,8.56564522
5688,SVN,2020,25392.0651093612,104.408881428657,55.384391784668,0.1,9.48984432
5689,SVN,2021,29192.8401933019,104.689964442502,55.3046289429588,0.1,9.52724361
5690,SVN,2022,28360.3041467268,104.888460698039,55.3377817873563,0.1,9.62683296
5691,SVN,2023,32660.4753581346,105.31480791676,55.5378927789875,0.1,9.30008888
5692,SVN,2024,34301.0318686594,,55.7577708405917,0.1,9.87630939
5693,SVN,2025,37376.2216079138,,55.9906997845822,,
5694,SWE,2000,29632.5890811623,21.7806145583158,84.0400009155273,0.1,7.32495546
5695,SWE,2001,27259.3174300217,21.8391676529442,84.0827152824223,0.1,7.89248943
5696,SWE,2002,29957.7776664916,21.9103563929565,84.1342508376823,0.1,8.18597412
5697,SWE,2003,37292.2419727801,21.9920351490414,84.1954289653543,0.1,8.31654263
5698,SWE,2004,42758.0048564929,22.0786999155742,84.2670710494849,0.1,8.1428194
5699,SWE,2005,43378.4077394363,22.1671788927031,84.3499984741211,0.1,8.15987301
5700,SWE,2006,46531.3762240485,22.2922170365422,84.4553200620359,0.1,8.0421772
5701,SWE,2007,53568.3057787832,22.4581399750626,84.5906875454778,0.1,7.9882226
5702,SWE,2008,55817.1759726485,22.6337796193202,84.7517366727063,0.1,8.22603607
5703,SWE,2009,46707.6425044751,22.8274214371936,84.9341031919813,0.1,8.77742958
5704,SWE,2010,52542.5759090299,23.0228627359425,85.1334228515625,0.1,8.32384682
5705,SWE,2011,60379.4814599322,23.1973780115221,85.3600748880524,0.1,10.50179005
5706,SWE,2012,57749.5615420853,23.3696200002111,85.6250668883122,0.1,10.834198
5707,SWE,2013,60843.9888799369,23.5684835040631,85.9249771259894,0.1,10.9872179
5708,SWE,2014,59583.4584491714,23.8034986523533,86.2563838747314,0.1,11.07212639
5709,SWE,2015,51188.1652120493,24.0582617728817,86.6158654081858,0.1,10.93069172
5710,SWE,2016,51703.5088332851,24.362449750883,87.0,0.1,10.95692444
5711,SWE,2017,53210.2233318965,24.6929419766692,87.237373786911,0.1,10.94730949
5712,SWE,2018,54018.4554391861,24.9814588688378,87.4737430925296,0.1,11.09132671
5713,SWE,2019,51648.9892820514,25.2378879395011,87.7088420242759,0.1,10.93444347
5714,SWE,2020,52568.5726980146,25.4209438224317,87.9424046895699,0.1,11.42458725
5715,SWE,2021,60647.5416365347,25.5740792575133,88.1741651958315,0.1,11.23013592
5716,SWE,2022,54836.8907235124,25.7487256923983,88.4038576504809,0.1,10.85505676
5717,SWE,2023,54950.2834725622,25.8713678886243,88.631216160938,,11.152915
5718,SWE,2024,57222.7100565003,,88.8559748346228,,11.21510124
5719,SWE,2025,63133.2126736715,,89.0778677789555,,
5720,SWZ,2000,1629.67038842815,60.5473255813953,22.8409330761997,24.2,4.60951757
5721,SWZ,2001,1429.85630359447,61.1083720930233,22.7095619136459,25.2,5.13895369
5722,SWZ,2002,1315.73634647994,61.5954069767442,22.5690884303038,25.9,5.52298307
5723,SWZ,2003,2015.21743065251,62.0174418604651,22.4312316968119,26.3,6.37864399
5724,SWZ,2004,2525.5640452625,62.3929651162791,22.3077107838089,26.6,6.81432486
5725,SWZ,2005,2871.06877437449,62.7338372093023,22.2102447619336,26.8,7.37623358
5726,SWZ,2006,2964.95865200682,63.0486046511628,22.1505527018245,27.0,7.82560062
5727,SWZ,2007,3109.11097608864,63.4130813953488,22.139989967508,27.2,7.93004131
5728,SWZ,2008,2946.8606613746,63.8425,22.1692008829856,27.5,8.85792923
5729,SWZ,2009,3189.79679956637,64.2530813953488,22.2343865624794,27.7,8.63292217
5730,SWZ,2010,3922.74039390733,64.6308139534884,22.3330792067471,28.0,8.5912571
5731,SWZ,2011,4225.06049411911,64.9902906976744,22.4634753665393,28.4,8.46997261
5732,SWZ,2012,4224.54789174487,65.3408720930233,22.6237715926065,28.8,7.82047606
5733,SWZ,2013,3949.94310039907,65.6970930232558,22.8121644356992,29.2,7.45703411
5734,SWZ,2014,3771.07228381938,66.0638953488372,23.026850446568,29.4,7.25596571
5735,SWZ,2015,3419.82276559528,66.4426162790698,23.2660261759632,29.3,7.05855274
5736,SWZ,2016,3238.17611961364,66.8318023255814,23.5278881746356,29.0,6.82044792
5737,SWZ,2017,3853.09956569679,67.3369186046512,23.8052004963161,28.6,6.98103714
5738,SWZ,2018,3972.65450620357,67.960988372093,24.0579295404227,28.1,7.31937742
5739,SWZ,2019,3913.14577547336,68.5973255813954,24.3459549517751,27.6,8.40033817
5740,SWZ,2020,3466.56936278145,69.3447093023256,24.6652798922192,26.9,7.0983777
5741,SWZ,2021,3984.00229174306,70.1507558139535,25.0156180525173,26.1,7.40552139
5742,SWZ,2022,3894.1620089869,70.8672674418605,25.396682918542,25.2,7.2449131
5743,SWZ,2023,3755.52111232464,71.5410465116279,25.8081878500755,24.3,7.49763966
5744,SWZ,2024,3909.55892378182,,26.2498461258639,23.4,
5745,SWZ,2025,4108.25221093363,,26.7213709706525,,
5746,SXM,2000,,,100.0,,
5747,SXM,2001,,,100.0,,
5748,SXM,2002,,,100.0,,
5749,SXM,2003,,,100.0,,
5750,SXM,2004,,,100.0,,
5751,SXM,2005,,,100.0,,
5752,SXM,2006,,,100.0,,
5753,SXM,2007,,,100.0,,
5754,SXM,2008,,,100.0,,
5755,SXM,2009,25528.412619483,,100.0,,
5756,SXM,2010,26403.8143692163,,100.0,,
5757,SXM,2011,27317.5178881974,1007.85294117647,100.0,,
5758,SXM,2012,28149.0997855041,1030.08823529412,100.0,,
5759,SXM,2013,28529.7324687053,1054.52941176471,100.0,,
5760,SXM,2014,37134.912423099,1078.58823529412,100.0,,
5761,SXM,2015,37839.6283815163,1102.08823529412,100.0,,
5762,SXM,2016,37308.6147795736,1124.97058823529,100.0,,
5763,SXM,2017,34701.3058494468,1146.94117647059,100.0,,
5764,SXM,2018,31708.3110124742,1168.0,100.0,,
5765,SXM,2019,34861.469528968,1187.79411764706,100.0,,
5766,SXM,2020,30150.8998380477,1206.11764705882,100.0,,
5767,SXM,2021,32548.4366854902,1222.67647058824,100.0,,
5768,SXM,2022,37793.1283815826,1239.38235294118,100.0,,
5769,SXM,2023,39451.822911732,1257.32352941176,100.0,,
5770,SXM,2024,41472.5870367865,,100.0,,
5771,SXM,2025,42978.1317407037,,100.0,,
5772,SYC,2000,8063.65500575169,176.371739130435,43.3974230710038,,4.61071777
5773,SYC,2001,8153.2986369879,176.526086956522,43.2172985855685,,4.54768324
5774,SYC,2002,8864.16919495467,182.00652173913,43.0948464521927,,4.19562864
5775,SYC,2003,9070.28460757013,179.958695652174,43.0049328648162,,4.86075974
5776,SYC,2004,10827.671636033,179.29347826087,42.9237756892027,,4.66628933
5777,SYC,2005,11802.1118276833,180.126086956522,42.8510349075107,,4.44606543
5778,SYC,2006,12782.9938926475,183.913043478261,42.7880431397027,,4.33191252
5779,SYC,2007,12669.3026687222,184.854347826087,42.7361330057413,,3.79315019
5780,SYC,2008,11265.4376270005,189.034782608696,42.696637125589,,3.51518679
5781,SYC,2009,9747.09180546291,189.778260869565,42.6708881192085,,3.43580508
5782,SYC,2010,10934.79494629,195.152173913043,42.660307244583,,4.40148449
5783,SYC,2011,12110.0937461973,190.089130434783,42.6739844860866,,4.35539675
5784,SYC,2012,12337.1554669388,191.963043478261,42.7261758463169,,5.2896843
5785,SYC,2013,14821.2921476077,195.541304347826,42.815069634181,,4.19129515
5786,SYC,2014,15188.1902175113,198.60652173913,42.9386256186342,,4.43609142
5787,SYC,2015,15333.1051727105,203.084782608696,43.094803568632,,4.24428654
5788,SYC,2016,16566.9946042294,205.819565217391,43.2815632531296,,4.71349716
5789,SYC,2017,17480.3651911372,208.354347826087,43.4968644410824,,4.47661018
5790,SYC,2018,18440.2340460932,210.352173913043,43.7386669014459,,4.41706038
5791,SYC,2019,19141.5118743615,212.228260869565,44.0049304031754,,4.25269794
5792,SYC,2020,14041.4754074575,214.047826086957,44.2936147152263,,5.83709192
5793,SYC,2021,14982.9111487767,215.778260869565,44.6026796065539,,5.2088151
5794,SYC,2022,16682.6990711785,260.604347826087,44.9108209981157,,4.39909697
5795,SYC,2023,18130.5297135548,260.376086956522,45.0971081321658,,4.48238087
5796,SYC,2024,18364.5259678223,,45.2898622460415,,
5797,SYC,2025,19449.3836346926,,45.4828390704609,,
5798,SYR,2000,1138.18722723683,90.5315485907063,51.876811612138,0.1,4.57202911
5799,SYR,2001,1177.53806921268,92.7812493198389,52.2854637030759,0.1,4.71458244
5800,SYR,2002,1189.98119453595,95.0502339754054,52.6957745699164,0.1,4.96416759
5801,SYR,2003,1220.179077256,97.4415599978212,53.1024010548332,0.1,5.13501024
5802,SYR,2004,1368.11263904001,99.8903687966443,53.5,0.1,4.49753141
5803,SYR,2005,1533.90017615946,102.490009260772,53.8227202374695,0.1,4.12713289
5804,SYR,2006,1718.78469956591,106.937983989544,54.059770380523,0.1,3.79620314
5805,SYR,2007,1937.61199094087,113.723181224134,54.2883969431774,0.1,3.73920178
5806,SYR,2008,2429.1247629459,117.820540187323,54.5858464394493,0.1,3.41378117
5807,SYR,2009,2462.20127278738,119.674194075365,55.0293653833552,0.1,3.57431221
5808,SYR,2010,2730.61487784917,122.433267984534,55.6962002889119,0.1,3.35286307
5809,SYR,2011,2952.14372909443,124.58801938681,58.4817704183521,0.1,2.6616261
5810,SYR,2012,1897.66115018696,123.943598540543,65.0896662830335,0.1,3.22060776
5811,SYR,2013,985.892669221634,117.99225072156,73.0620491886137,0.1,3.77518535
5812,SYR,2014,1060.59105887433,110.404939280074,76.0,0.1,4.23171377
5813,SYR,2015,847.731545352582,105.781288460491,75.7529067188542,0.1,3.67464328
5814,SYR,2016,656.349017520952,104.524500353973,75.15400963398,0.1,3.89073515
5815,SYR,2017,851.501972646386,104.692414093558,74.5395596323392,0.1,3.91299295
5816,SYR,2018,1098.06667935023,106.615721831945,74.0612602381775,0.1,3.93852568
5817,SYR,2019,1109.53933821464,110.839917224854,73.8248788261986,0.1,3.96978569
5818,SYR,2020,593.911771822527,114.629575777378,73.4125031102512,0.1,3.67009115
5819,SYR,2021,688.566109726934,117.784888090181,73.0125007629395,0.1,3.50403309
5820,SYR,2022,1056.78264718197,122.323002777324,72.6124992370605,0.1,3.3840971
5821,SYR,2023,,128.490023416653,72.1673803143204,0.1,2.70998812
5822,SYR,2024,,,72.0761345758254,0.1,
5823,SYR,2025,,,72.0836286208518,,
5824,TCA,2000,,19.7157894736842,84.6139434685266,,
5825,TCA,2001,18325.7458111974,20.6063157894737,85.3337963668196,,
5826,TCA,2002,17803.9471767733,21.6810526315789,86.0142597030394,,
5827,TCA,2003,18859.1890274773,22.8705263157895,86.671565520254,,
5828,TCA,2004,21246.00980049,24.0589473684211,87.3041883072325,,
5829,TCA,2005,24122.3028180757,25.2505263157895,87.908436065312,,
5830,TCA,2006,28734.2873064523,26.4452631578947,88.4806167958296,,
5831,TCA,2007,29443.8523030072,27.6526315789474,89.0170385001222,,
5832,TCA,2008,31453.8228752689,28.8705263157895,89.5140091795268,,
5833,TCA,2009,24596.8938015951,30.0926315789474,89.9678368353804,,
5834,TCA,2010,23093.8498268267,31.3042105263158,90.3748294690201,,
5835,TCA,2011,27327.4006354146,32.4694736842105,90.7312950817828,,
5836,TCA,2012,25923.6156503875,33.8178947368421,91.0352667584286,,
5837,TCA,2013,25653.819867471,35.4242105263158,91.3168927865286,,
5838,TCA,2014,27292.5820256776,36.8947368421053,91.5971200472541,,
5839,TCA,2015,29457.0140691162,38.5315789473684,91.8737937193851,,
5840,TCA,2016,31373.5612684327,40.3315789473684,92.1466904484552,,
5841,TCA,2017,30014.2309523213,42.0136842105263,92.4155868799755,,
5842,TCA,2018,31625.616593277,43.7463157894737,92.6802596594323,,
5843,TCA,2019,31780.5217068989,45.4378947368421,92.9404854322845,,
5844,TCA,2020,20690.9160546118,46.7221052631579,93.1960408439605,,
5845,TCA,2021,27329.2885087196,47.6242105263158,93.4467025398547,,
5846,TCA,2022,31280.5418020808,48.26,93.6922471653237,,
5847,TCA,2023,35470.2151608295,48.6294736842105,93.9324513656818,,
5848,TCA,2024,37506.7798431288,,94.1670917861964,,
5849,TCA,2025,,,94.3959450720822,,
5850,TCD,2000,163.121663683369,6.75992137865311,21.6527690760484,2.4,4.20697546
5851,TCD,2001,194.32295331156,6.99183926302414,21.6780982595188,2.4,4.08039331
5852,TCD,2002,219.061391951349,7.23966963151207,21.7007762031515,2.3,5.60251188
5853,TCD,2003,289.087621122168,7.53481019695044,21.7207031172239,2.2,4.24698305
5854,TCD,2004,445.850767157087,7.87804637865311,21.7377792120134,2.2,4.23982859
5855,TCD,2005,838.092107712557,8.20210609911055,21.7519046977973,2.1,3.73196912
5856,TCD,2006,906.897260572747,8.50256035578145,21.7629797848529,2.0,3.73417258
5857,TCD,2007,980.483531485103,8.80055590851334,21.7709046834576,1.9,3.47199655
5858,TCD,2008,1166.36883453841,9.11395806861499,21.7755796038887,1.8,3.16359782
5859,TCD,2009,1035.63719694254,9.44548443456163,21.7784396568755,1.8,3.36260128
5860,TCD,2010,1141.80069268412,9.77809323379924,21.8472378191095,1.7,3.08810997
5861,TCD,2011,1308.1421872538,10.1294448856417,21.9558736797638,1.7,2.85585785
5862,TCD,2012,1354.34344701937,10.4915803684879,22.1061904148178,1.6,2.67306423
5863,TCD,2013,1304.88742971475,10.8728391041931,22.2975929852391,1.5,2.95766044
5864,TCD,2014,1278.78981422494,11.2680098475222,22.5294513486009,1.5,3.29708338
5865,TCD,2015,993.990730610869,11.6324817344346,22.8011258828974,1.4,3.40253925
5866,TCD,2016,861.831767630746,12.0033791296061,23.1119734707179,1.4,3.70842481
5867,TCD,2017,854.46120040098,12.4068924714104,23.461349471105,1.3,3.51023412
5868,TCD,2018,948.656629871231,12.830790184244,23.8486084924975,1.2,3.2893219
5869,TCD,2019,893.336441643325,13.2506535895807,24.2731047386633,1.2,3.38471627
5870,TCD,2020,866.947814890409,13.6790652795426,24.7341921795416,1.1,4.35215092
5871,TCD,2021,946.358500208374,14.1584124841169,25.2312246423075,1.1,3.9722333
5872,TCD,2022,966.036468278568,14.6563818297332,25.7635558629694,1.0,4.15823555
5873,TCD,2023,949.991054236266,15.342331639136,26.3305395171046,1.0,4.99707747
5874,TCD,2024,980.668312111718,,26.9315292389497,0.9,
5875,TCD,2025,1022.33559390754,,27.5658786336865,,
5876,TEA,2000,972.833173903317,113.239732891779,36.4112152794795,,3.92102861812415
5877,TEA,2001,1026.64920971957,114.318114989172,37.4998031396625,,3.81728619640139
5878,TEA,2002,1127.25093373191,115.348226976538,38.727969853251,,3.87685213664489
5879,TEA,2003,1266.10778868123,116.282856429,39.9594527891421,,3.94145430487179
5880,TEA,2004,1456.9669469541,117.237609924872,41.0390521054045,,3.84906384855423
5881,TEA,2005,1673.18872013796,118.165527105702,42.1137697479925,,3.8381843159185
5882,TEA,2006,1999.8599576078,119.089234291532,43.2653326652269,,3.68821138887436
5883,TEA,2007,2510.42063084895,120.039884645085,44.5393583519821,,3.51573123541236
5884,TEA,2008,3154.16917322889,120.985207739425,45.5089965028553,,3.67992012753729
5885,TEA,2009,3398.52810801107,121.905557589463,46.6637045085209,,4.07100658095478
5886,TEA,2010,4104.80139766727,122.815438556154,47.4944410556877,,3.9656748186692
5887,TEA,2011,4970.50414407986,123.785798668121,49.4756973637545,,4.08422305328848
5888,TEA,2012,5497.15541159145,124.878776695313,50.5489604205707,,4.27904605272502
5889,TEA,2013,6020.77821511419,125.964807846466,51.6977521381035,,4.40816992224757
5890,TEA,2014,6446.18938511466,126.996322772836,52.7530227342422,,4.49103828254546
5891,TEA,2015,6664.53447337008,127.975847866414,54.0210877061728,,4.64742413660237
5892,TEA,2016,6758.79473763568,128.943356299366,55.240567924451,,4.67413568497843
5893,TEA,2017,7323.57112357326,129.92920605548,56.3988367330046,,4.73871314764451
5894,TEA,2018,8136.42934013947,130.770644859426,57.595296727158,,4.83534577953114
5895,TEA,2019,8379.42503514668,131.494477158156,58.6098141698239,,4.99320199063666
5896,TEA,2020,8485.28948088661,132.090022057767,59.3301997601025,,5.2770596097131
5897,TEA,2021,10086.4082581275,132.37999364036,60.3208754851698,,5.1513605762725
5898,TEA,2022,10220.556668162,132.689166036745,60.8301827838521,,5.58502027551356
5899,TEA,2023,10240.3474676862,132.925071716956,61.1991011324118,,5.60851637724168
5900,TEA,2024,10508.2462082104,,61.5847679018686,,
5901,TEA,2025,10965.8265646099,,62.0267995645331,,
5902,TEC,2000,2044.36249557921,19.1530449259825,62.6684950236389,,5.01418708331036
5903,TEC,2001,2080.99745064169,19.1397285952941,62.8394581402795,,5.29911481838997
5904,TEC,2002,2340.84304586083,19.1278967075025,63.0133663929276,,5.53336415213907
5905,TEC,2003,2879.67149467058,19.1321551772837,63.2222679423004,,5.44774307267461
5906,TEC,2004,3723.46934484203,19.1418948279368,63.3623553468548,,5.24149407488512
5907,TEC,2005,4660.83802232756,19.1504483871371,63.4858767579757,,5.22436496944817
5908,TEC,2006,5633.02971807333,19.0859930493063,63.7021713607275,,5.20074495988106
5909,TEC,2007,7247.0818892658,19.0846908058469,63.9485687111677,,5.17244439401752
5910,TEC,2008,8951.35076734201,19.1312337095341,64.1945242729774,,5.27914507032254
5911,TEC,2009,7074.11060707405,19.1995948770159,64.4354379403662,,5.78197780568816
5912,TEC,2010,8293.77511577841,19.2706355617002,64.7258667419875,,5.3481350449325
5913,TEC,2011,10044.9046719064,19.3537254278879,65.0953458128978,,5.05190156769061
5914,TEC,2012,10435.8086234655,19.4450039136596,65.6154048918302,,5.10496871467412
5915,TEC,2013,10986.3954318467,19.5401591479624,66.4664633633165,,5.17147495715292
5916,TEC,2014,10330.3982164695,19.6413354713615,67.3911891022885,,5.20096374390863
5917,TEC,2015,8034.6842596255,19.7342063886841,68.0719889181919,,5.22199292769206
5918,TEC,2016,7679.02768410566,19.8321144333003,68.2998664724156,,5.3332058150221
5919,TEC,2017,8571.09823045668,19.9233397185183,68.3671996828986,,5.33122101543241
5920,TEC,2018,8885.56352555245,20.0075287890585,68.4656324149256,,5.34186505161368
5921,TEC,2019,9040.92665915657,20.094026148344,68.6393881359924,,5.5538069934611
5922,TEC,2020,8455.78453528889,20.1366595550306,68.7550754784278,,6.75002388162956
5923,TEC,2021,9992.00521619821,20.1481046641559,68.8680370709709,,6.45154983916033
5924,TEC,2022,11422.1622613514,20.054020489976,68.9112783282391,,6.04467276638542
5925,TEC,2023,12070.5942969794,19.9519137845936,68.9599808529652,,6.21532365654935
5926,TEC,2024,13364.4486876078,,69.069522725284,,
5927,TEC,2025,15300.0702229683,,69.1547566263432,,
5928,TGO,2000,440.420399069497,87.9522338665196,33.0994844063309,3.7,3.33427
5929,TGO,2001,426.883605884489,90.1662805662806,33.5503635916513,3.7,3.4422195
5930,TGO,2002,479.438373869587,92.4274682846111,34.0011370438307,3.6,3.44502354
5931,TGO,2003,579.728195854724,94.7621253906968,34.4513989657696,3.5,3.44513917
5932,TGO,2004,604.311329116751,97.1009376723662,34.9007435603688,3.4,3.48131895
5933,TGO,2005,595.200212014134,99.5248023533738,35.3487650305291,3.3,3.98242044
5934,TGO,2006,596.249203137762,102.402353373782,35.795057579151,3.2,4.30967808
5935,TGO,2007,654.083697666439,105.689336275051,36.2392154091353,3.0,3.67734432
5936,TGO,2008,771.351190404751,109.140246368818,36.6808327233827,2.9,3.74071932
5937,TGO,2009,770.172869777254,112.721934179077,37.1195037247939,2.8,3.92726755
5938,TGO,2010,750.323421086121,116.304247104247,37.5545882975638,2.7,4.33284378
5939,TGO,2011,834.14671980279,119.51796286082,37.9872305648732,2.7,4.38927078
5940,TGO,2012,813.611525037432,122.333480419195,38.4194359598204,2.6,4.64366484
5941,TGO,2013,885.698522723929,125.001801801802,38.8516767884103,2.5,4.78670263
5942,TGO,2014,921.539748631461,127.553667953668,39.2839506458368,2.4,4.90473413
5943,TGO,2015,813.894676975085,130.014745357602,39.7162551272934,2.3,6.24738503
5944,TGO,2016,843.114204338675,132.3935282221,40.1485878279739,2.2,6.58550072
5945,TGO,2017,872.076408845752,134.664202978489,40.5809463430719,2.2,6.50210476
5946,TGO,2018,942.480774393154,137.124581724582,41.013328267781,2.1,6.16073656
5947,TGO,2019,917.718016777619,140.097904026475,41.445731197295,2.0,5.91268635
5948,TGO,2020,961.219781201934,143.189078874793,41.8781527268075,1.9,6.18928432
5949,TGO,2021,1076.29520076949,145.912410369553,42.3105904515122,1.9,5.6165967
5950,TGO,2022,1071.61539220759,148.34741680456,42.7332327975627,1.8,6.24094057
5951,TGO,2023,1182.32951436696,151.201507630079,43.2496853032436,1.7,6.10829544
5952,TGO,2024,1266.08777721447,,43.8148491605996,1.6,
5953,TGO,2025,1383.89974929887,,44.3949892074399,,
5954,THA,2000,2005.97694514234,123.329513202451,31.4626212652205,2.4,3.10125351
5955,THA,2001,1889.93432467144,124.58873925894,32.7428054763889,2.3,3.02623773
5956,THA,2002,2089.75183111554,125.793100275989,34.0732781018222,2.2,3.334723
5957,THA,2003,2347.54001286066,126.970905674411,35.4270354382579,2.1,3.24312782
5958,THA,2004,2641.56268717857,128.1137759596,36.785516284484,2.0,3.13893151
5959,THA,2005,2867.70383436062,129.220419268336,38.1301594392881,1.9,3.15972233
5960,THA,2006,3331.32043511773,130.297494568302,39.4424037014582,1.9,3.09970832
5961,THA,2007,3918.52817434581,131.344113214195,40.7036878697821,1.8,3.19277525
5962,THA,2008,4309.13509292986,132.356926148486,41.8954507430475,1.8,3.45933938
5963,THA,2009,4135.43986952819,133.338057116013,42.9991311200422,1.7,3.61939645
5964,THA,2010,4973.86288823778,134.235250249564,44.0018736622496,1.6,3.39009809
5965,THA,2011,5373.6232832898,135.072536162383,44.8048723557374,1.6,3.56825495
5966,THA,2012,5725.52802835463,135.912031944254,45.373565813715,1.6,3.5229404
5967,THA,2013,6018.08244729255,136.712626984282,45.8321343847773,1.5,3.45313334
5968,THA,2014,5801.1978916205,137.439305917125,46.3138799467897,1.5,3.68448091
5969,THA,2015,5688.85335397884,138.07433106931,46.9521043776171,1.4,3.8522861
5970,THA,2016,5833.57715617098,138.698821664155,47.8801095551247,1.4,3.93900609
5971,THA,2017,6413.09182530343,139.286709467791,49.2311973571777,1.3,3.85276842
5972,THA,2018,7099.77650081458,139.709289670966,54.5843734741211,1.3,3.87040329
5973,THA,2019,7605.69657797759,139.995441288731,55.9266166687012,1.2,3.78911877
5974,THA,2020,6983.03412836245,140.228785061364,57.2358779907227,1.2,4.35724688
5975,THA,2021,7055.18760721422,140.396821233534,58.5087776184082,1.1,5.15399981
5976,THA,2022,6910.00995211206,140.412474309538,59.742374420166,1.1,5.35471153
5977,THA,2023,7210.54130832685,140.348088629646,60.9341926574707,1.1,4.53787661
5978,THA,2024,7386.63615126055,,61.8689338391321,1.0,
5979,THA,2025,8056.56359761558,,62.7993377136296,,
5980,TJK,2000,136.925716400723,44.903793941126,26.5355104669232,0.1,4.26492405
5981,TJK,2001,168.676285365186,45.780058588168,26.5345041786379,0.1,4.57802534
5982,TJK,2002,186.951638285222,46.6681123178051,26.5336513960096,0.1,4.43647242
5983,TJK,2003,233.58124845289,47.5748428122321,26.5331204386766,0.1,4.70218658
5984,TJK,2004,305.745158587502,48.517769362675,26.5327772632159,0.1,4.79911184
5985,TJK,2005,333.927150941684,49.4764218348099,26.5324878262051,0.1,5.21024704
5986,TJK,2006,401.018403316427,50.425593026579,26.5321180842215,0.2,5.03254795
5987,TJK,2007,516.997210618914,51.4038082309231,26.5315339938424,0.2,5.54050112
5988,TJK,2008,703.327375898643,52.4321448985424,26.5306015116451,0.2,5.91206694
5989,TJK,2009,664.795655734657,53.5169334095456,26.529186594207,0.2,5.85579777
5990,TJK,2010,737.338883219356,54.6737710774507,26.5274312963978,0.2,5.73543453
5991,TJK,2011,833.601978202852,55.9072949414118,26.4792213439941,0.2,5.85971785
5992,TJK,2012,952.452819695469,57.2598170905973,26.4102249145508,0.2,5.98185873
5993,TJK,2013,1028.19704279396,58.7076593312375,26.4883155822754,0.2,6.53226423
5994,TJK,2014,1081.54402932039,60.7089475883735,26.5633735656738,0.2,6.6654973
5995,TJK,2015,956.916310930656,62.2799913538439,26.478832244873,0.2,6.90735912
5996,TJK,2016,788.710481734485,63.8780243533396,26.3718509674072,0.2,6.96349716
5997,TJK,2017,829.45714764957,65.4654225808776,26.2731513977051,0.2,6.85399008
5998,TJK,2018,834.288404578801,67.060544707832,26.2338752746582,0.2,7.01381588
5999,TJK,2019,871.022372934846,68.6646444268319,26.1300735473633,0.2,6.9476676
6000,TJK,2020,834.311715460625,70.2450464730888,26.1925442328719,0.2,8.8903532
6001,TJK,2021,896.748053372182,71.8128683622739,26.1991525151375,0.2,8.37504482
6002,TJK,2022,1052.17949484894,73.3642337344189,26.1957126615618,0.2,7.62917423
6003,TJK,2023,1178.47990060249,74.8598530153469,26.1890127571429,0.2,7.43789911
6004,TJK,2024,1362.02559981695,,26.1788063651548,0.2,
6005,TJK,2025,1637.2542942547,,26.16476270853,,
6006,TKM,2000,633.835487638011,9.75182899580789,46.0736689106993,,4.03080034
6007,TKM,2001,756.034976276398,9.94916051326793,46.3715562022892,,4.7660532
6008,TKM,2002,935.540801478466,10.1493094716234,46.5924846062154,,4.10696697
6009,TKM,2003,1228.94870289404,10.3501904538974,46.7000007629395,,4.97849178
6010,TKM,2004,1379.23009682692,10.5507054242121,46.7375427392139,,6.18652296
6011,TKM,2005,1604.01618452312,10.7510842040304,46.7728683922582,,5.58886814
6012,TKM,2006,1996.59310717308,10.9529185197795,46.8060040482349,,4.92075682
6013,TKM,2007,2414.96071986964,11.1592066903581,46.8369760333063,,3.09328628
6014,TKM,2008,3605.50395120549,11.3740961419786,46.8658106736347,,3.45380449
6015,TKM,2009,3707.97850699617,11.6008597025089,46.8925342953825,,2.81471276
6016,TKM,2010,4058.53937000739,11.8408188453599,46.9171732247121,,3.20879436
6017,TKM,2011,5143.61929334647,12.0941778562765,46.9397537877858,,3.22296
6018,TKM,2012,6053.8748468749,12.3604494286383,46.9603023107661,,3.34203553
6019,TKM,2013,6599.64529055481,12.6387781158896,46.9788451198152,,3.96929264
6020,TKM,2014,7164.14536184006,12.9280594982231,46.9954085410955,,4.25741673
6021,TKM,2015,5759.497903834,13.2270125337816,47.0100189007695,,5.01652908
6022,TKM,2016,5238.00827202546,13.5340178324431,47.0227025249994,,5.58718491
6023,TKM,2017,5125.54920055808,13.8468729385228,47.0334857399476,,5.82361221
6024,TKM,2018,3911.98557297865,14.1627987147022,47.0423948717765,,5.55298042
6025,TKM,2019,4365.1152919542,14.4786329878918,47.0494562466485,,5.5522337
6026,TKM,2020,3935.37749365223,14.7892494626859,47.0546961907259,,5.57226086
6027,TKM,2021,3713.20113171765,15.0917008916222,47.0581410301711,,5.49196625
6028,TKM,2022,5198.18947409551,15.3856808460835,47.0592103414926,,5.37103748
6029,TKM,2023,5298.46421949276,15.6713510522844,47.0678875054171,,5.49789095
6030,TKM,2024,5904.25772576512,,47.0875253910294,,
6031,TKM,2025,6540.17876401136,,47.1053608253747,,
6032,TLA,2000,4388.92619654046,25.3309386607104,75.4082129013231,0.363553569303032,6.37876396935312
6033,TLA,2001,4222.97448407526,25.695108937092,75.8280638419443,0.376396884229756,6.43873268476796
6034,TLA,2002,3714.37478753607,26.0501619925308,76.2174147776475,0.378329432769144,6.29410906180817
6035,TLA,2003,3728.7274317918,26.3968363338717,76.5695191433335,0.382346070438289,6.51934577288185
6036,TLA,2004,4252.8384478077,26.7366789597499,76.8832936904596,0.384812444253481,6.60179325909172
6037,TLA,2005,5103.97071369353,27.0696545262619,77.1629019596436,0.397785037522554,6.66335555722648
6038,TLA,2006,5926.88235769307,27.4018628690075,77.4071292343337,0.406279558546961,6.71016401222035
6039,TLA,2007,6927.88293213364,27.7328975330975,77.640229259954,0.402714440461126,6.83327949938852
6040,TLA,2008,7989.38012096582,28.0626989258994,77.8652582829749,0.402588895604267,6.89546358310872
6041,TLA,2009,7386.60044484214,28.3883302401452,78.0831498466914,0.437384193149478,7.44635219447068
6042,TLA,2010,9115.37372505227,28.7079897400323,78.2956488991946,0.434851159284389,7.18186943259748
6043,TLA,2011,10277.434412177,29.0267758338296,78.5011436720577,0.429752188026683,7.09228244039763
6044,TLA,2012,10261.7354879621,29.3456982827995,78.7047750052812,0.435081396550913,7.11523745307703
6045,TLA,2013,10230.3626492605,29.6612633119693,78.9165836181544,0.470331361315906,7.26223680052096
6046,TLA,2014,10059.0239257076,29.9763215378586,79.1330503121854,0.490676243264353,7.38665156366514
6047,TLA,2015,8404.04978849744,30.2810076969361,79.3548258170168,0.490128587396248,7.72067423077471
6048,TLA,2016,8082.0851229591,30.5775905817578,79.5767193908271,0.525659251143782,7.79635026729668
6049,TLA,2017,8918.58515585187,30.866769214003,79.7952284112037,0.52572765545203,7.99512169638659
6050,TLA,2018,8620.65095771156,31.1427077909886,79.992282192881,0.521592079433477,7.75975433953571
6051,TLA,2019,8363.2081656376,31.4027489621995,80.2043693016899,0.530101903265981,7.8074803164706
6052,TLA,2020,6965.15053129735,31.6102039142227,80.4192977316043,0.565814653533002,8.26457411286595
6053,TLA,2021,8076.87634033776,31.8014346265164,80.621099914497,0.569278577243701,8.30454357499694
6054,TLA,2022,9177.79711881332,32.0029420598489,80.8195255101746,0.568792113010547,7.95652357436016
6055,TLA,2023,10259.5487208892,32.231742223627,81.0398075940594,0.572508245084831,7.94735280706801
6056,TLA,2024,10441.4685782421,,81.2720096738405,0.593230749461575,
6057,TLA,2025,10822.5929247606,,81.5103934487331,,
6058,TLS,2000,492.457669429651,50.1067921990585,24.1139427164365,0.1,
6059,TLS,2001,587.700692767858,54.6233355749832,24.469641672156,0.1,
6060,TLS,2002,533.982476434866,59.122999327505,24.8506108883184,0.1,
6061,TLS,2003,534.901153697657,61.6595830531271,25.2611540807581,0.1,2.84187031
6062,TLS,2004,474.420767344689,62.4797579018157,25.7040830077802,0.1,4.26103544
6063,TLS,2005,487.464555404292,63.7734364492266,26.3097308948751,0.1,5.28044748
6064,TLS,2006,464.667001844159,65.6756556825824,27.121697883382,0.1,6.00192022
6065,TLS,2007,540.154584237662,67.5782784129119,28.0011655196859,0.1,5.64793253
6066,TLS,2008,628.153219252849,69.4303295225286,28.8076745459306,0.1,6.96563959
6067,TLS,2009,686.579295832381,71.2025554808339,29.4007657042596,0.1,7.30931807
6068,TLS,2010,813.060177250597,72.9441156691325,29.6398840020416,0.1,6.47058821
6069,TLS,2011,939.045241112693,74.660860793544,29.633352306451,0.2,6.86541462
6070,TLS,2012,1022.61903188429,76.3204438466712,29.6136082349605,0.2,6.99215221
6071,TLS,2013,1204.56841532931,77.9216543375925,29.5836906253246,0.2,8.5323782
6072,TLS,2014,1224.74957758801,79.4823806321453,29.5463092024041,0.2,7.59958553
6073,TLS,2015,1319.59297370991,81.0444519166106,29.5043315008419,0.2,7.69146681
6074,TLS,2016,1335.54390089814,82.6033624747814,29.4462907628171,0.2,6.94250727
6075,TLS,2017,1266.17767952941,84.1763954270343,29.3600996787092,0.2,6.80442286
6076,TLS,2018,1219.46598597604,85.8075991930061,29.248617510057,0.2,6.40227413
6077,TLS,2019,1562.36458881813,87.4878950907868,29.1148755245217,0.2,4.99218798
6078,TLS,2020,1630.86935439232,89.1763954270343,28.9619049897647,0.2,7.26445007
6079,TLS,2021,2684.92673717299,90.7961667787492,28.7927371734472,0.2,4.9192977
6080,TLS,2022,2343.24955542816,92.0843981170141,28.5857292288968,0.2,7.46371841
6081,TLS,2023,1502.4114958903,93.0925353059852,28.595471832952,0.2,9.59779453
6082,TLS,2024,1331.9705130185,,28.6641074179574,0.2,
6083,TLS,2025,1340.9640193437,,28.7864318960935,,
6084,TMN,2000,1246.01970518845,45.7267664443899,46.1512025453053,0.10681626479029,4.25960508017614
6085,TMN,2001,1225.47782863822,46.7373497544486,46.4220122140797,0.10687848531752,4.54215282520354
6086,TMN,2002,1168.60409646318,47.755065137466,46.6273162735715,0.106936421687816,4.50880485724638
6087,TMN,2003,1263.9157454015,48.816364935731,46.8235027124864,0.106701913308269,4.33293581322855
6088,TMN,2004,1463.30459081335,49.9344941068422,47.0702774116332,0.106404862066979,4.25235894067568
6089,TMN,2005,1657.84291463325,51.0813612608117,47.3188148610601,0.106129585382421,4.2128588126727
6090,TMN,2006,1885.14874832022,52.2570719459928,47.5309166902311,0.105907820890785,4.2034458333815
6091,TMN,2007,2240.98839135161,53.4091525700013,47.7479439125995,0.105522593986158,4.22807173080052
6092,TMN,2008,2662.28112447526,54.5766841700883,47.9748067174573,0.105139576319801,4.25572460218105
6093,TMN,2009,2518.05377845565,55.8091016644827,48.2068846515889,0.104954686548837,4.91131600397517
6094,TMN,2010,2823.25407911922,57.0281145951084,48.4579212313616,0.104578094289247,4.8264868268497
6095,TMN,2011,3240.2024082126,58.2363795525518,48.7709197134048,0.104396527822108,4.80371708704723
6096,TMN,2012,3420.25908562298,59.411911671573,49.2354754411305,0.104030729450181,4.85197336776885
6097,TMN,2013,3152.86009912184,60.5551600896305,49.7861078087819,0.103669916953227,4.77336009076482
6098,TMN,2014,3077.87148288398,61.6802231974817,50.1424314222312,0.10350258705402,5.1453069504503
6099,TMN,2015,2805.48695611112,62.7432255878524,50.385107716384,0.103139524806234,5.5997806436791
6100,TMN,2016,2864.53445831005,63.7760400764393,50.5924176765155,0.102967772992918,5.6870687834071
6101,TMN,2017,2860.68231685818,64.8943558936358,50.7866571436082,0.102788242527944,5.6462920247448
6102,TMN,2018,2810.24942028442,66.0449357978312,50.9917156514723,0.141207077214544,5.169272983874
6103,TMN,2019,2695.09130976796,67.2314094979135,51.2234331146053,0.14098402871358,5.01925236702193
6104,TMN,2020,2409.54729126605,68.4175560643355,51.4495362826798,0.14080860112845,4.97184172980145
6105,TMN,2021,2754.03924421055,69.5921852451478,51.6735754616086,0.140702692419339,4.81678089647386
6106,TMN,2022,3017.03706401547,70.7789212503783,51.925275557204,0.140528417670852,4.72120136862775
6107,TMN,2023,2867.14499885351,72.0171531170022,52.1776709218643,0.140411696362105,5.15422758089718
6108,TMN,2024,2962.60094580465,,52.3941964396274,0.140129032481774,
6109,TMN,2025,2826.65540584536,,52.6132026777518,,
6110,TON,2000,1995.07667546271,142.606944444444,23.0251513819988,,2.90389204
6111,TON,2001,1753.51667576626,143.455555555556,23.0488634076195,,3.42501593
6112,TON,2002,1759.4805324576,144.269444444444,23.071428585567,,3.58957744
6113,TON,2003,1936.04104012389,145.088888888889,23.0943621775072,,3.43583083
6114,TON,2004,2195.44890047673,145.931944444444,23.1191794451059,,4.50741625
6115,TON,2005,2477.72620144825,146.765277777778,23.1473956500293,,4.38560247
6116,TON,2006,2750.34778600857,147.573611111111,23.1801421282521,,5.47225046
6117,TON,2007,2797.06560109144,148.230555555556,23.2239976577967,,4.73330021
6118,TON,2008,3218.45303993196,148.638888888889,23.2889000757567,,6.05759716
6119,TON,2009,2914.23774004564,148.893055555556,23.3612068183251,,3.97380877
6120,TON,2010,3416.08356601207,149.166666666667,23.4243619099178,,4.81632328
6121,TON,2011,3849.99375750134,149.402777777778,23.46075468367,,4.73990822
6122,TON,2012,4384.17058724217,149.25,23.4589062635692,,8.13786125
6123,TON,2013,4219.24670113014,148.719444444444,23.4170795020344,,4.16768837
6124,TON,2014,4136.59010898445,148.068055555556,23.3431040935971,,5.19583178
6125,TON,2015,4123.90347238813,147.354166666667,23.2434422818439,,4.78137636
6126,TON,2016,3987.98618837043,146.561111111111,23.1277038505921,,5.22591066
6127,TON,2017,4365.92929788648,146.327777777778,22.9711300654966,,5.62952805
6128,TON,2018,4675.04776047973,146.620833333333,22.7017138925547,,6.12240648
6129,TON,2019,4788.83350468584,146.7625,22.3288155626206,,5.74527884
6130,TON,2020,4792.35872413906,146.811111111111,21.8766206823411,,5.55919838
6131,TON,2021,4922.8015864044,146.513888888889,21.258003897665,,7.06254101
6132,TON,2022,5298.01942454298,145.891666666667,21.147219451842,,7.95276737
6133,TON,2023,5651.59357939286,145.273611111111,21.147944541337,,7.36037779
6134,TON,2024,6215.38990974121,,21.1505271125521,,
6135,TON,2025,6547.18646814228,,21.1561406217448,,
6136,TSA,2000,440.467918910931,369.362022618166,27.0411850503621,,3.87482351524686
6137,TSA,2001,446.418919348871,376.217803147914,27.3367176958249,,4.084068875594
6138,TSA,2002,462.898836496672,382.915998710263,27.6624110938664,,4.0899820190923
6139,TSA,2003,532.66154684429,389.41334579283,28.0227929273744,,3.88553089557589
6140,TSA,2004,606.478041696258,396.061871291822,28.410648569229,,3.86856198744402
6141,TSA,2005,686.338193475473,402.315400660187,28.8194352543063,,3.72779031080319
6142,TSA,2006,769.378704313512,408.379305503822,29.2427297254624,,3.57308973934197
6143,TSA,2007,967.697911561283,414.28225328772,29.674497317065,,3.51084763549702
6144,TSA,2008,958.275511460297,419.986744874377,30.1090398673123,,3.51163715690981
6145,TSA,2009,1054.43555885745,425.75854200787,30.540665970275,,3.48075323131367
6146,TSA,2010,1294.02734415145,431.612115524143,30.9636904041139,,3.30017600573324
6147,TSA,2011,1397.0068255002,437.408578434374,31.3499145522495,,3.22083950063436
6148,TSA,2012,1387.18205938261,443.137785083324,31.6728581018008,,3.28505446675086
6149,TSA,2013,1405.84072374278,448.546924775609,32.0003773282425,,3.65987146283701
6150,TSA,2014,1528.4920875126,453.976476752004,32.3195810824512,,3.53515216736329
6151,TSA,2015,1570.54142452744,459.325034807082,32.6380348100917,,3.51918654796032
6152,TSA,2016,1722.90703396273,464.622057592857,32.9532139923473,,3.42611411149628
6153,TSA,2017,1956.06707563972,469.82322835622,33.2643876230047,,2.92047698854916
6154,TSA,2018,1988.36633317988,474.800737015142,33.5735795082406,,2.85201740632584
6155,TSA,2019,2067.05975680251,479.655227185199,33.8860664509609,,2.9092236338682
6156,TSA,2020,1957.20343709781,484.334799417988,34.2000653894608,,3.25937586469263
6157,TSA,2021,2273.72055805692,488.431572059838,34.5086968655354,,3.30046062385627
6158,TSA,2022,2326.72890585805,492.36938394431,34.8137520955194,,3.30654430355157
6159,TSA,2023,2449.857142451,496.764562339512,35.137165500664,,3.25977663546509
6160,TSA,2024,2601.82209529365,,35.462858724308,0.186785804852573,
6161,TSA,2025,2705.28227429085,,35.7927050201319,,
6162,TSS,2000,629.859553204091,32.0491625054122,32.6603636070495,5.10149650038279,4.89210703053948
6163,TSS,2001,587.710901869404,32.9175875063926,33.1245713984468,5.04807161095399,4.90534830473167
6164,TSS,2002,625.805568583085,33.8149233729561,33.6030328842218,4.96746981220325,4.45270466556495
6165,TSS,2003,766.914712241419,34.7396305637423,34.098059763338,4.86864537565788,5.40139841379042
6166,TSS,2004,926.943266198291,35.4482929714408,34.6111490644491,4.75727275355352,5.39227172095989
6167,TSS,2005,1074.12476310665,36.4297825401275,35.1252647556364,4.62723477068195,5.21706322418419
6168,TSS,2006,1234.75609892113,37.4393667992787,35.6421605036882,4.5322384492244,5.1328005835852
6169,TSS,2007,1391.26803582887,38.4816677407068,36.1012589693212,4.44600492014016,5.04069676719282
6170,TSS,2008,1537.38333094262,39.5616425246272,36.6233967078065,4.37306737454089,4.82470287172037
6171,TSS,2009,1427.57787495773,40.6696761279706,37.0894274944778,4.32677024732023,5.22162738245254
6172,TSS,2010,1643.30753523371,41.8059392106961,37.5326696254384,4.28581200542572,5.16437485564725
6173,TSS,2011,1796.16109829226,42.967266081547,37.9761873273848,4.22465904490907,5.08859144094539
6174,TSS,2012,1818.06125449252,39.5348275372744,38.4195200457817,4.18484172518026,4.91963229133089
6175,TSS,2013,1880.39980462364,40.6325065160186,38.8781029884112,4.1089034813927,4.90167601754793
6176,TSS,2014,1907.73210907064,41.7493292302074,39.3567243486427,4.07095713372573,4.69994632400439
6177,TSS,2015,1647.32085826836,42.8856228719352,39.8380952067264,3.99759786596418,4.92337499505911
6178,TSS,2016,1456.65211115929,44.0332822288675,40.3035222705197,3.9267948850561,4.9977588086862
6179,TSS,2017,1549.18831908585,45.203171340363,40.7748446210958,3.80851030324267,4.97525397500782
6180,TSS,2018,1622.59575329634,46.4123755169373,41.2566428447246,3.73388234171416,4.66981464111871
6181,TSS,2019,1797.04121765415,47.6334709548081,41.7071031134135,3.62192164663095,4.49310767821026
6182,TSS,2020,1628.43873346869,48.8705812183523,42.1670568799491,3.51105488279983,4.86793728071123
6183,TSS,2021,1785.98118191144,50.1228384471223,42.6489634636483,3.41183611467179,5.07436814274861
6184,TSS,2022,1864.70686111924,51.3828682687896,43.1558281440802,3.28729328767178,4.91756933551017
6185,TSS,2023,1682.2261488119,52.6639815629256,43.6395628289209,3.14780971533936,4.91966846383616
6186,TSS,2024,1542.65844261619,,44.1495101463121,3.02546989561157,
6187,TSS,2025,1673.07077574497,,44.6585400495213,,
6188,TTO,2000,6178.58975559687,257.265886939571,55.9291468285602,,4.23492479
6189,TTO,2001,6657.41466937221,258.395126705653,55.9010190940268,,4.0346489
6190,TTO,2002,6762.93080808096,259.65126705653,55.8298121439974,,4.72302485
6191,TTO,2003,8445.04653518298,260.956920077973,55.7188050758235,,4.18767118
6192,TTO,2004,9871.03419820086,262.25730994152,55.5711241312409,,4.30805206
6193,TTO,2005,12346.4373094075,252.338011695906,55.3898955519853,,4.43451166
6194,TTO,2006,14152.6607422113,253.010526315789,55.1782455797922,,4.15431976
6195,TTO,2007,16606.675360681,254.032748538012,54.9393004563973,,4.1536026
6196,TTO,2008,21298.9945258063,255.085185185185,54.6761864235364,,3.6575706
6197,TTO,2009,14634.0565003912,255.381286549708,54.3920297229449,,5.48676443
6198,TTO,2010,16815.424737361,256.86432748538,54.0899565963587,,5.08042908
6199,TTO,2011,19151.0870229722,258.873099415205,53.9253615474727,,4.72197914
6200,TTO,2012,20332.1389531925,260.271734892788,53.9254053431618,,4.62851572
6201,TTO,2013,21304.9777496628,261.317153996101,53.9255789963372,,4.80224705
6202,TTO,2014,21908.3014555644,262.250097465887,53.9259699537793,,4.87381697
6203,TTO,2015,19887.2327716498,263.09298245614,53.926665238022,,5.6525383
6204,TTO,2016,17449.1538801956,263.917153996101,53.9277523084951,,6.47465849
6205,TTO,2017,17566.0999700656,264.450877192982,53.9293186833833,,6.56562996
6206,TTO,2018,17571.498737278,264.949902534113,53.9314518934907,,6.65089417
6207,TTO,2019,17212.6128892163,265.884015594542,53.9342394732739,,6.90704823
6208,TTO,2020,15283.6270531554,266.418128654971,53.9377689584806,,7.47677326
6209,TTO,2021,17712.5674104655,266.580506822612,53.9421278853848,,7.20521307
6210,TTO,2022,20750.5202434652,266.238791423002,53.9474037904998,,6.64416027
6211,TTO,2023,18308.4536298575,266.571150097466,53.9536842104572,,7.52568626
6212,TTO,2024,18733.4110406494,,53.961056681951,,
6213,TTO,2025,18967.2704636681,,53.9696087417106,,
6214,TUN,2000,2199.04465936314,62.8535980947477,63.6166653822584,0.1,4.81271935
6215,TUN,2001,2235.71981624751,63.5277870751802,63.9541757453358,0.1,4.86132765
6216,TUN,2002,2320.7723805785,64.1832839855819,64.2822554892505,0.1,5.12036419
6217,TUN,2003,2725.8643148859,64.8277033985582,64.6055972687544,0.1,5.20888519
6218,TUN,2004,3067.41936376975,65.4361676107106,64.9272741461338,0.1,5.19890785
6219,TUN,2005,3146.8260743927,66.0110195674562,65.2340901739004,0.1,5.14555788
6220,TUN,2006,3322.56933570096,66.5963568486097,65.5209809651521,0.1,5.13109922
6221,TUN,2007,3726.91672935667,67.209719361483,65.8000030517578,0.1,5.17542839
6222,TUN,2008,4255.05008019523,67.8593910916581,66.0676053984361,0.1,5.1644063
6223,TUN,2009,4080.09032448781,68.554846807415,66.3362197875977,0.1,5.40595293
6224,TUN,2010,4291.86120891575,69.2969876416066,66.6280059814453,0.1,5.60950756
6225,TUN,2011,4420.64772206537,70.069741246138,66.9191886197857,0.1,6.12299299
6226,TUN,2012,4297.26782454273,70.865390061792,67.2098922729492,0.1,6.28984737
6227,TUN,2013,4369.79345826358,71.713188722966,67.4999542236328,0.1,6.51394987
6228,TUN,2014,4458.97895464547,72.5687950566426,67.7524643379101,0.1,6.45006084
6229,TUN,2015,4014.94773686432,73.3925334706488,67.8807907104492,0.1,6.21339941
6230,TUN,2016,3847.80354448809,74.2061920700309,68.0623356528248,0.1,6.24778175
6231,TUN,2017,3619.03247319953,74.9903321318229,68.2877807617188,0.1,6.18557453
6232,TUN,2018,3628.10366464236,75.7306513903193,68.5485240272509,0.1,5.9375186
6233,TUN,2019,3528.87213306798,76.4358972708548,68.8206382576031,0.1,6.02461243
6234,TUN,2020,3548.65363663803,77.0729724510814,69.1043166438476,0.1,7.05612612
6235,TUN,2021,3906.93926319391,77.5529222451081,69.3997523770568,0.1,7.34183979
6236,TUN,2022,3707.29283414381,78.0080715756952,69.707138648303,0.1,7.51270723
6237,TUN,2023,3951.11683376921,78.530065653965,70.0266686486584,0.1,7.98537874
6238,TUN,2024,4187.64079392362,,70.3585355691955,0.1,
6239,TUN,2025,4656.63818386852,,70.7029326009864,,
6240,TUR,2000,4199.3798635759,85.0096293023921,58.9706120006403,,4.59957218
6241,TUR,2001,3052.2256706793,86.0739939971155,59.8722461417316,,4.88784933
6242,TUR,2002,3591.08628982587,87.1182191442641,60.7385342729423,,5.06227875
6243,TUR,2003,4649.63668068586,88.1355066720372,61.5845060653258,,5.01427698
6244,TUR,2004,5979.6054216148,89.1241466678794,62.4388481173262,,4.9096446
6245,TUR,2005,7331.85429430255,90.0816717123813,63.3302470273874,,4.89389706
6246,TUR,2006,7990.08251407245,91.0117186180372,64.2873893939536,,5.14591694
6247,TUR,2007,9766.91734545294,91.1582344763068,65.3389618154687,,5.23760796
6248,TUR,2008,10913.4079047769,92.3192677000637,66.513650890377,,5.21761751
6249,TUR,2009,9076.92472236977,93.6023881605447,67.8401432171223,,5.49438715
6250,TUR,2010,10698.9699409757,95.0354715902447,69.3471253941487,,5.02053452
6251,TUR,2011,11373.6355760885,96.4406649948677,71.0028723528334,,4.6530509
6252,TUR,2012,11776.7593362033,97.6778802801346,73.7788680234324,,4.44444656
6253,TUR,2013,12635.5570016068,98.9405610488157,78.5218368384696,,4.37099934
6254,TUR,2014,12209.3862327674,100.284401595572,83.6024850744433,,4.32517862
6255,TUR,2015,11064.6494504662,101.631276067721,87.2167107972537,,4.11690426
6256,TUR,2016,10984.3643169061,103.007889505347,88.1020958581776,,4.28469229
6257,TUR,2017,10756.3877677883,104.352348531112,88.0320472717286,,4.17974997
6258,TUR,2018,9684.11819884721,105.774468250978,88.1655749576173,,4.12101603
6259,TUR,2019,9395.23378001368,107.297584553617,88.6618152857124,,4.35954332
6260,TUR,2020,8798.11791709313,108.343853540013,88.9303114965222,,4.61640215
6261,TUR,2021,9981.76398411336,109.334768655068,89.1762048153239,,4.56065559
6262,TUR,2022,10897.8397861365,110.416580694619,89.0381164550781,,3.70338893
6263,TUR,2023,13375.0947282864,110.866214934449,89.0218446796121,,4.27524424
6264,TUR,2024,15892.7157287241,,89.3443122873887,,
6265,TUR,2025,18599.4420922378,,89.494060002186,,
6266,TUV,2000,1559.22072281826,318.133333333333,45.5119494377121,0.2,22.2817421
6267,TUV,2001,1475.03705936258,319.533333333333,46.0920220655498,0.2,17.96548271
6268,TUV,2002,1729.16968588975,320.766666666667,46.7435481854875,0.2,11.83691788
6269,TUV,2003,2020.10103886055,323.166666666667,47.4986511586165,0.2,13.70337105
6270,TUV,2004,2330.77403351989,327.2,48.4012126478499,0.2,9.33149719
6271,TUV,2005,2298.44257265761,331.333333333333,49.4209790930126,0.3,10.06694317
6272,TUV,2006,2413.97836453913,335.2,50.5229861226256,0.3,12.17554379
6273,TUV,2007,2803.75365477849,339.4,51.6722693652096,0.3,10.45884991
6274,TUV,2008,3062.00125965971,344.033333333333,52.8338644492855,0.3,10.33977222
6275,TUV,2009,2662.42865634448,348.7,53.9728070033742,0.3,13.0113821
6276,TUV,2010,3054.96154183353,353.8,55.0541326559964,0.3,16.21352577
6277,TUV,2011,3679.5325726267,359.333333333333,56.0428770356731,0.3,14.74390411
6278,TUV,2012,3558.89749224226,364.466666666667,56.8964903305448,0.3,13.87374306
6279,TUV,2013,3524.00277634143,366.7,57.6314336806359,0.3,13.80392075
6280,TUV,2014,3518.13249227107,366.133333333333,58.2999596618832,0.3,14.52762222
6281,TUV,2015,3352.66722400181,365.433333333333,58.9148502652344,0.3,13.44188595
6282,TUV,2016,3779.15293916285,364.333333333333,59.4744768348285,0.3,18.32539177
6283,TUV,2017,4166.79162422818,362.3,59.9531274910912,0.3,24.45763206
6284,TUV,2018,4467.21144027065,358.366666666667,60.5596409590777,0.3,18.42199898
6285,TUV,2019,5058.85266607659,352.7,61.2406529218636,0.4,22.22294044
6286,TUV,2020,5029.57159284173,346.633333333333,61.9212610534937,0.4,17.88715363
6287,TUV,2021,6042.51983141155,339.8,62.6098296425994,0.4,18.57411194
6288,TUV,2022,5414.74642912412,333.066666666667,63.3065768081154,0.4,21.28792
6289,TUV,2023,5143.8397437226,327.2,64.0117206689787,0.4,27.08968544
6290,TUV,2024,5883.50257114002,,64.7254793441291,0.4,
6291,TUV,2025,6041.44908591428,,65.4480709525093,,
6292,TZA,2000,401.698150634766,38.6770591555656,22.1944164040635,6.1,3.41529942
6293,TZA,2001,396.638732910156,39.7361695642357,22.5963228653037,5.9,4.23551702
6294,TZA,2002,402.649047851563,40.7781711447279,23.0306918214565,5.7,4.68907642
6295,TZA,2003,422.18359375,41.8712519756153,23.5202087261949,5.5,5.34231472
6296,TZA,2004,450.385284423828,43.022881011515,24.0832469119457,5.2,5.7373414
6297,TZA,2005,483.334869384766,44.2335470760894,24.7061884538741,5.0,6.32282543
6298,TZA,2006,475.746734619141,45.489841950779,25.3741033202009,4.9,7.598279
6299,TZA,2007,543.198303222656,46.7775028223075,26.0720614791471,4.8,6.88427973
6300,TZA,2008,675.977233886719,48.0590742831339,26.7851328989335,4.7,5.55704737
6301,TZA,2009,693.823547363281,49.2594061864981,27.498387547781,4.6,5.06306362
6302,TZA,2010,736.530151367188,50.5288868819147,28.1968953939105,4.6,5.22392178
6303,TZA,2011,775.392761230469,51.9636114247008,28.865726405543,4.6,5.0559845
6304,TZA,2012,861.969909667969,53.4818920749605,29.4878764597911,4.5,5.01779366
6305,TZA,2013,963.05712890625,55.1186814179273,30.0725108782502,4.5,4.64643383
6306,TZA,2014,1022.74841308594,56.8429803567397,30.6443077170742,4.5,4.01492071
6307,TZA,2015,939.127319335938,58.7276608715286,31.2061566592472,4.5,3.64969945
6308,TZA,2016,953.0107421875,60.7631666290359,31.7577303242916,4.4,3.96350336
6309,TZA,2017,986.674011230469,62.8278279521337,32.2987013317296,4.4,4.02325726
6310,TZA,2018,1023.10626220703,64.842114472793,32.8287423010834,4.3,4.32775831
6311,TZA,2019,1063.32250976563,66.8038959132987,33.3475258518752,4.2,4.02347755
6312,TZA,2020,1117.41528320313,68.8335944908557,33.8547246036273,4.1,3.05028677
6313,TZA,2021,1159.85656738281,70.9306976744186,34.3500111758619,4.0,3.46963334
6314,TZA,2022,1207.52062988281,73.0546635809438,34.8234736377147,3.9,3.13497496
6315,TZA,2023,1224.00219726563,75.2061481146986,35.4748019434954,3.7,3.05201221
6316,TZA,2024,1192.60668945313,,36.1684458862992,3.5,
6317,TZA,2025,1318.81921386719,,36.8833115936643,,
6318,UGA,2000,258.050338731086,120.11485911616,11.6414758125187,8.5,5.0827775
6319,UGA,2001,236.021188853993,123.846033732045,11.9013889740088,8.2,5.05208397
6320,UGA,2002,241.984688408335,127.785746459136,12.202793574555,8.0,4.77136898
6321,UGA,2003,250.71543664681,131.885911616035,12.5904136719317,7.7,4.2991581
6322,UGA,2004,292.38185796262,135.901681597518,13.1221118400615,7.6,4.70022202
6323,UGA,2005,330.405402707025,139.949396927081,13.7907239496723,7.5,5.80516291
6324,UGA,2006,346.518255310647,144.106916570742,14.5851520274647,7.4,6.463305
6325,UGA,2007,401.389130865581,148.408137730844,15.494298100139,7.3,6.11309004
6326,UGA,2008,472.842681495852,152.842965817527,16.5070641943955,7.2,5.45474958
6327,UGA,2009,798.947089938247,157.405290025524,17.6123523369348,7.2,5.78845549
6328,UGA,2010,823.488144282,161.534021543986,18.7990645544572,7.2,6.80890226
6329,UGA,2011,835.620060555838,166.340230400958,20.0561028736631,7.1,6.6959095
6330,UGA,2012,795.222867553127,171.241960901656,21.372369321253,7.1,6.10853958
6331,UGA,2013,818.285427416713,176.227019748654,22.7367659239271,7.0,5.78252411
6332,UGA,2014,896.054795546394,181.505779972073,24.1938503391826,6.9,5.33653069
6333,UGA,2015,862.934610355811,187.170586475165,24.9777856560427,6.8,4.99643135
6334,UGA,2016,752.696571725656,193.49267903451,25.6953567134098,6.6,5.01553297
6335,UGA,2017,765.218332297361,200.365988430082,26.4139260579546,6.5,3.99852037
6336,UGA,2018,792.16570022814,207.290200478755,27.1280475018884,6.3,4.02153397
6337,UGA,2019,822.171150036357,214.440639337722,27.8369781799403,6.1,3.79341364
6338,UGA,2020,845.766463890124,221.709315778975,28.5399752271502,5.8,5.23865509
6339,UGA,2021,882.791717542504,228.959355675244,29.2362957789022,5.6,5.47374916
6340,UGA,2022,963.067314117178,235.950124675843,29.9251969709665,5.4,4.45071125
6341,UGA,2023,1002.30913917142,242.65210951526,30.6059359395495,5.2,4.23600149
6342,UGA,2024,1077.91278438613,,31.2777698213557,4.9,
6343,UGA,2025,1206.30450825002,,31.9399557536617,,
6344,UKR,2000,653.294311523438,85.5383792180892,67.403857296906,,5.30685186
6345,UKR,2001,800.49072265625,84.7619832570985,67.2749805493459,,5.72534418
6346,UKR,2002,903.011901855469,84.0219577450202,67.2672733350904,,5.99220037
6347,UKR,2003,1076.48156738281,83.3968584941485,67.419679868405,,6.54574108
6348,UKR,2004,1401.01806640625,82.81752856699,67.5970968423685,,6.16856956
6349,UKR,2005,1875.33508300781,82.131858193241,67.8136046317755,,6.3461585
6350,UKR,2006,2366.494140625,81.6050365921016,68.0293347798948,,6.4171896
6351,UKR,2007,3160.32763671875,81.236597448777,68.2102322372037,,6.01776791
6352,UKR,2008,4017.806640625,80.8174670303114,68.3752085755346,,5.49754429
6353,UKR,2009,2607.08764648438,80.480099081682,68.5251442249547,,6.60991716
6354,UKR,2010,3039.63232421875,80.190573430919,68.637397133357,,6.81387615
6355,UKR,2011,3656.69799804688,79.9348425740523,68.7234299826222,,6.81669855
6356,UKR,2012,3951.34228515625,79.7660291376096,68.8241983107739,,7.11789227
6357,UKR,2013,4129.89697265625,79.6222640336947,68.9326288082226,,6.94358015
6358,UKR,2014,3054.908203125,79.3598715669181,69.0554339301313,,7.19506168
6359,UKR,2015,2094.47387695313,79.0362271055948,69.1587317201337,,7.78352833
6360,UKR,2016,2158.46118164063,78.7461064406429,69.2102241609089,,7.55205393
6361,UKR,2017,2604.28759765625,78.432661833247,69.2633108489282,,7.44610357
6362,UKR,2018,3059.0517578125,78.0271090783569,69.3157992777909,,7.52051353
6363,UKR,2019,3619.86157226563,77.5931273731446,69.3527648708735,,7.09389353
6364,UKR,2020,3709.76928710938,77.1142802899551,69.3839100516745,,7.56217051
6365,UKR,2021,4775.94580078125,76.4560579910252,69.4027032653896,,8.2027483
6366,UKR,2022,4199.6708984375,70.8470245081118,69.42345912103,,
6367,UKR,2023,5139.59814453125,65.1239834311357,69.4754455027606,,
6368,UKR,2024,5391.62255859375,,69.5315643200148,,
6369,UKR,2025,5865.884765625,,69.5954924645764,,
6370,URY,2000,6987.70098766257,18.6619014969718,91.2769768173566,,9.17182446
6371,URY,2001,6382.76104740859,18.707867672266,91.3759250620534,,9.75702
6372,URY,2002,4149.76140312687,18.734241800937,91.4886084712534,,9.64023018
6373,URY,2003,3671.12329256883,18.7474917152325,91.6260094228609,,9.57667351
6374,URY,2004,4168.66065438387,18.7587018626443,91.8009434091917,,8.26618195
6375,URY,2005,5284.25677987129,18.773688721289,92.0812710048572,,7.72390509
6376,URY,2006,6001.33294783172,18.7950291395269,92.4845482788191,,7.70998907
6377,URY,2007,7222.05403645877,18.8272940235402,92.9603688038713,,7.46167231
6378,URY,2008,9423.96562595893,18.8674265798194,93.45975578621,,8.09081745
6379,URY,2009,9881.39573127081,18.9126442692264,93.9337324320314,,7.91611385
6380,URY,2010,12641.0576849008,18.9611472974517,94.3333219475319,,7.87757301
6381,URY,2011,15132.2675725587,19.0082561992915,94.6036824756941,,7.91521358
6382,URY,2012,16259.5940814256,19.0572563135642,94.7606597546186,,8.03330803
6383,URY,2013,18335.2594772322,19.1140269683465,94.8844735142936,,8.0844841
6384,URY,2014,18322.4276767157,19.1768597874529,94.9897821210514,,8.038908
6385,URY,2015,17125.9016800298,19.2436121586104,95.0800002298303,,8.25703716
6386,URY,2016,17009.7584207276,19.3079819449206,95.1585424955685,,8.63852501
6387,URY,2017,19184.6626114272,19.3602902525426,95.2288235732042,,8.71702194
6388,URY,2018,19249.9404677501,19.3951205576506,95.2942581176758,,8.9001112
6389,URY,2019,18315.7350377437,19.4103873842989,95.3479309082031,,9.240695
6390,URY,2020,15757.5341990356,19.4204548051651,95.3997650146484,,9.08774948
6391,URY,2021,17881.8119616753,19.4074677179751,95.4497146606445,,8.91955471
6392,URY,2022,21009.2883798725,19.3744314935436,95.4977416992188,,8.89015961
6393,URY,2023,23378.6399733516,19.3582504856588,95.5439605712891,,9.01887608
6394,URY,2024,24308.4954958447,,95.5981951588181,,
6395,URY,2025,25215.8238152781,,95.6537192104085,,
6396,USA,2000,36329.9702595751,30.7973013298523,79.0740897861327,,12.49002075
6397,USA,2001,37133.6203973517,31.1036283879362,79.3086223667912,,13.16817093
6398,USA,2002,37997.7424300242,31.3935499327652,79.5461039768657,,13.99535275
6399,USA,2003,39490.3023903176,31.6645346171981,79.7773350255284,,14.50557518
6400,USA,2004,41724.6411982614,31.9589450682826,79.9960936968363,,14.55123138
6401,USA,2005,44123.3996470026,32.2548765979183,80.1961581748464,,14.57946205
6402,USA,2006,46301.9876485519,32.5673998463204,80.3713066436159,,14.70878792
6403,USA,2007,48050.227412195,32.8786113609374,80.5153172872016,,14.91832542
6404,USA,2008,48570.0594269601,33.2436868537795,80.6219682896606,,15.20723629
6405,USA,2009,47194.9500893872,33.5363992251367,80.6850378350499,,16.20067596
6406,USA,2010,48642.6312088213,33.8213646033526,80.6997744673366,,16.19722366
6407,USA,2011,50024.8812320773,34.0904277927547,80.6957554256024,,16.14000511
6408,USA,2012,51708.3940614082,34.3636893244215,80.6837493386238,,16.11975479
6409,USA,2013,53297.3862901595,34.6246572257533,80.660889281215,,15.95227051
6410,USA,2014,55153.3940182967,34.9013776562134,80.6242231779766,,16.1415844
6411,USA,2015,56849.4697923159,35.1809713558577,80.5707989535091,,16.40155411
6412,USA,2016,57976.628204291,35.4584505795077,80.4976645324131,,16.69203949
6413,USA,2017,60047.7190728307,35.7049975840182,80.4018678392891,,16.63827515
6414,USA,2018,62875.6661382728,35.9149986553586,80.2804567987377,,16.51312637
6415,USA,2019,65227.9565911038,36.1004771837305,80.1304793353594,,16.54486084
6416,USA,2020,64465.2971415748,36.2482649752608,79.997451762548,,18.51597404
6417,USA,2021,71441.2319805947,36.3053370239915,80.0074765140272,,17.35207748
6418,USA,2022,78008.6895811877,36.5126236687503,80.0324978239707,,16.52875137
6419,USA,2023,82586.7847707894,36.8142112202129,80.071561119178,,16.69414902
6420,USA,2024,86169.6641581917,,80.1247798047184,,
6421,USA,2025,90026.5163005744,,80.1921733027869,,
6422,UZB,2000,555.149231099186,56.8556053811659,47.6731005044,,5.13293362
6423,UZB,2001,454.415812256778,57.5582699220712,48.4901886313987,,5.23737431
6424,UZB,2002,381.409296889283,58.2687291671924,49.2574592650723,,5.14164925
6425,UZB,2003,394.164028897235,58.9874184689718,49.9566881481443,,5.1882515
6426,UZB,2004,462.171492867885,59.7204791523748,50.5696510233382,,4.84063768
6427,UZB,2005,542.835808692209,60.4727210570633,51.0781236333777,,4.781991
6428,UZB,2006,649.118167003925,61.2574119536538,51.4638817209862,,4.75141335
6429,UZB,2007,824.028192334768,62.1032147968733,51.7087010288873,,4.54267979
6430,UZB,2008,1074.72928796701,63.0661816146635,51.7943572998047,,4.70447445
6431,UZB,2009,1205.7993547038,64.0891121586439,51.6105041503906,,4.79649639
6432,UZB,2010,1956.78127255673,65.1205023262643,51.3321647644043,,5.29938841
6433,UZB,2011,2338.55462817306,66.1372206631804,51.3395500183105,,5.26245499
6434,UZB,2012,2573.95586785056,67.1452569986232,51.3359680175781,,5.54822111
6435,UZB,2013,2781.38869470315,68.207469669955,51.1276969909668,,5.71896601
6436,UZB,2014,3021.00331668049,69.3523563008704,50.8868713378906,,4.43092394
6437,UZB,2015,3172.89899391083,69.7897094870631,50.6597328186035,,4.73596573
6438,UZB,2016,3128.42307170099,71.0059170523229,50.6572189331055,,4.71504498
6439,UZB,2017,2271.4730109511,72.2198017195203,50.6787376403809,,4.30888557
6440,UZB,2018,1894.09088741408,73.4780871882284,50.5814971923828,,4.55261564
6441,UZB,2019,2128.66067138334,74.8253929702307,50.5920104980469,,4.83520985
6442,UZB,2020,2087.96374711792,76.2200658118688,50.7670402526855,,6.08597755
6443,UZB,2021,2370.36480555669,77.7112512566577,50.9269905090332,,6.92742586
6444,UZB,2022,2698.60262953369,79.2892236957962,50.9847412109375,,6.61703825
6445,UZB,2023,3015.97705069457,80.9084466129581,50.9964841114568,,6.74312878
6446,UZB,2024,3337.45492058664,,50.9986686706543,,
6447,UZB,2025,3968.2720079072,,51.0173495084299,,
6448,VCT,2000,3768.95536604022,291.141025641026,44.8903114926141,0.9,3.98284125
6449,VCT,2001,4071.08601098962,291.028205128205,45.0076571524878,0.9,4.01057482
6450,VCT,2002,4303.27976789727,290.633333333333,45.1214266763803,1.0,4.08079481
6451,VCT,2003,4499.61454193342,290.105128205128,45.236152710942,1.0,3.96341038
6452,VCT,2004,4873.48947742443,289.320512820513,45.3517185236482,1.0,3.8710556
6453,VCT,2005,5157.39373878102,288.333333333333,45.4681221654846,1.0,3.83410811
6454,VCT,2006,5744.8278621257,287.215384615385,45.5853616874371,1.0,3.6556716
6455,VCT,2007,6398.19123532172,285.976923076923,45.7034351404912,1.0,3.82213306
6456,VCT,2008,6598.90531450859,284.687179487179,45.8223405756329,1.0,3.8878386
6457,VCT,2009,6463.78777336717,283.353846153846,45.9420760438477,1.0,4.09299564
6458,VCT,2010,6551.96835992405,281.946153846154,46.0626395961215,1.0,4.30325222
6459,VCT,2011,6527.68996854448,280.382051282051,46.18402928344,1.0,4.23327732
6460,VCT,2012,6713.80768643865,278.810256410256,46.3063114823836,1.0,4.46855974
6461,VCT,2013,7072.46737188939,277.269230769231,46.4319347036311,1.0,4.23780632
6462,VCT,2014,7168.82875342911,275.730769230769,46.5579930468544,1.0,4.17431307
6463,VCT,2015,7353.73556054184,274.25641025641,46.6845638727475,1.0,4.11605787
6464,VCT,2016,7656.90042881178,272.689743589744,46.8116589511271,1.0,4.09760141
6465,VCT,2017,7988.04445019298,270.930769230769,46.9392900518098,1.0,4.23171329
6466,VCT,2018,8428.12677153069,269.041025641026,47.0674689446123,0.9,4.25346231
6467,VCT,2019,8740.59425232061,267.094871794872,47.1962073993512,0.9,4.26063251
6468,VCT,2020,8351.20324040982,265.451282051282,47.3255171858432,0.9,4.87071276
6469,VCT,2021,8641.27904024443,263.694871794872,47.4554100739049,0.9,5.26607132
6470,VCT,2022,9693.55867833025,261.65641025641,47.585897833353,0.9,4.6054697
6471,VCT,2023,10582.3656725229,259.802564102564,47.7169922340041,0.8,4.43696308
6472,VCT,2024,11501.2265187188,,47.8487050456749,0.8,
6473,VCT,2025,12561.769166789,,47.9810480381821,,
6474,VEN,2000,4776.2816763938,27.8064826257015,88.219476430842,0.3,
6475,VEN,2001,4920.39313600453,28.3203015702058,88.372774123042,0.4,
6476,VEN,2002,3652.09896501865,28.8369945014455,88.4553810951083,0.4,
6477,VEN,2003,3229.50557082079,29.3551419987529,88.522274342774,0.5,
6478,VEN,2004,4269.08970872392,29.8632027662831,88.5835546444319,0.6,
6479,VEN,2005,5432.4854184654,30.3676707669633,88.638673298371,0.6,
6480,VEN,2006,6739.38065342218,30.8652411994785,88.6870816028803,0.6,
6481,VEN,2007,8331.62096991844,31.346707102772,88.7282308562487,0.6,
6482,VEN,2008,11262.4514256759,31.8051085539369,88.7615723567652,0.6,
6483,VEN,2009,11596.6021921731,32.2411405249136,88.7865574027187,0.6,
6484,VEN,2010,13646.3046622664,32.6660631483476,88.8026372923982,0.6,
6485,VEN,2011,10843.9229703167,33.0879337906014,88.8079278904659,0.5,
6486,VEN,2012,12582.0125686037,33.5058398049997,88.8401868543141,0.5,
6487,VEN,2013,8642.37380007027,33.9121342327532,88.8786817039721,0.5,
6488,VEN,2014,7101.15006382986,34.2997324414716,88.9163913525251,0.5,
6489,VEN,2015,4096.61989137473,34.662402358143,88.9539804079292,0.5,
6490,VEN,2016,3671.23004093383,34.8797913950456,88.9914428378712,0.5,
6491,VEN,2017,3791.63262049576,34.6525967915651,89.0287726100378,0.5,
6492,VEN,2018,3421.51341607593,33.7935400487501,89.0659636921159,0.5,2.41691327
6493,VEN,2019,2523.11527549578,32.8077750694405,89.1030100517924,0.5,2.18563724
6494,VEN,2020,1506.04169391285,32.2476923076923,89.1399056567545,0.5,4.11615133
6495,VEN,2021,2004.93572921136,32.0138608922397,89.1766444746891,0.5,4.1022191
6496,VEN,2022,3155.04190923584,31.9857343688,89.2132204732836,0.5,4.55045986
6497,VEN,2023,3617.47038396528,32.0853171588912,89.249627620225,0.6,3.77611423
6498,VEN,2024,4244.45723136019,,89.285859883201,0.6,
6499,VEN,2025,3494.8138870244,,89.3219112298988,,
6500,VGB,2000,,134.94,41.9814254086647,,
6501,VGB,2001,,138.64,42.0235454180552,,
6502,VGB,2002,,142.866666666667,42.4409178875828,,
6503,VGB,2003,,147.56,42.8526082333374,,
6504,VGB,2004,,152.54,43.2860433292828,,
6505,VGB,2005,,157.766666666667,43.741214134139,,
6506,VGB,2006,,163.286666666667,44.2181116035727,,
6507,VGB,2007,,169.106666666667,44.7167266908574,,
6508,VGB,2008,,175.253333333333,45.2370503473687,,
6509,VGB,2009,,181.453333333333,45.7790735229619,,
6510,VGB,2010,,184.5,46.3427871662626,,
6511,VGB,2011,,191.4,46.9281822248936,,
6512,VGB,2012,,202.3,47.5352496456526,,
6513,VGB,2013,,211.353333333333,48.1639803746541,,
6514,VGB,2014,,219.746666666667,48.8143653574427,,
6515,VGB,2015,,229.986666666667,49.4863955390847,,
6516,VGB,2016,,225.853333333333,50.1800618642422,,
6517,VGB,2017,,217.993333333333,50.8953552772346,,
6518,VGB,2018,,231.046666666667,51.6322667220883,,
6519,VGB,2019,,242.633333333333,52.3907871425786,,
6520,VGB,2020,,247.566666666667,53.1709074822645,,
6521,VGB,2021,,252.06,53.972618684518,,
6522,VGB,2022,,255.46,54.795911692548,,
6523,VGB,2023,,259.9,55.6407774494219,,
6524,VGB,2024,,,56.5072068980827,,
6525,VGB,2025,,,57.3951909813643,,
6526,VIR,2000,,310.405714285714,92.6234446497486,,
6527,VIR,2001,,310.14,92.9312505278715,,
6528,VIR,2002,30062.0225050457,310.025714285714,93.2191674762441,,
6529,VIR,2003,31731.2566241187,310.014285714286,93.4773224233974,,
6530,VIR,2004,35006.3614404514,309.902857142857,93.7071483863705,,
6531,VIR,2005,40828.7460927775,309.865714285714,93.9100783822029,,
6532,VIR,2006,41377.1466009652,309.625714285714,94.0875454279337,,
6533,VIR,2007,44158.5054044325,309.534285714286,94.2409825406024,,
6534,VIR,2008,39152.3750657306,309.705714285714,94.3718227372483,,
6535,VIR,2009,38753.1825393897,309.725714285714,94.4814990349105,,
6536,VIR,2010,39905.1284180994,309.591428571429,94.5724392667003,,
6537,VIR,2011,38997.1373164651,309.4,94.6553578863453,,
6538,VIR,2012,37795.3192590675,309.108571428571,94.7353591077883,,
6539,VIR,2013,34597.9766940328,308.688571428571,94.8105958193224,,
6540,VIR,2014,33045.3643795999,308.234285714286,94.8797070702488,,
6541,VIR,2015,34007.3529411765,307.748571428571,94.9413319098685,,
6542,VIR,2016,35324.9748874586,307.188571428571,94.9941093874829,,
6543,VIR,2017,35365.0693039774,306.517142857143,95.0366785523929,,
6544,VIR,2018,36663.2087550584,305.717142857143,95.0676784538999,,
6545,VIR,2019,38633.5298915336,304.768571428571,95.0857481413049,,
6546,VIR,2020,39787.3741650202,303.685714285714,95.0974024521293,,
6547,VIR,2021,42571.0777368471,302.485714285714,95.1604310610968,,
6548,VIR,2022,44320.909185774,301.18,95.2171514724412,,
6549,VIR,2023,,299.762857142857,95.2740790945924,,
6550,VIR,2024,,,95.3312197036061,,
6551,VIR,2025,,,95.388579075538,,
6552,VNM,2000,404.029784055118,248.035784093101,24.3672526919772,0.2,4.10752726
6553,VNM,2001,419.205677580901,250.632810440708,24.9489362725143,0.3,4.80107498
6554,VNM,2002,445.132861817313,253.6539172436,25.5540925665659,0.3,3.87075853
6555,VNM,2003,497.117089249256,256.599403360531,26.1745407830283,0.3,3.94229889
6556,VNM,2004,565.452284586212,259.099464637017,26.8021001307977,0.3,4.08791971
6557,VNM,2005,710.746759994861,259.203077001761,27.4285898187702,0.3,4.31821251
6558,VNM,2006,807.756645117054,262.689291708627,28.0458290558422,0.3,4.56979847
6559,VNM,2007,925.640338348717,267.577137683246,28.6456370509099,0.4,4.62917614
6560,VNM,2008,1163.83195772873,272.308076932914,29.2198330128693,0.4,4.36028337
6561,VNM,2009,1226.16976051536,276.440290060813,29.7581347355675,0.4,4.48502922
6562,VNM,2010,1683.16182443979,279.147229120251,30.2504027258526,0.4,5.07146072
6563,VNM,2011,1950.92504174913,282.390144405715,30.6996041680996,0.4,4.97468519
6564,VNM,2012,2185.11767654291,285.558644407367,31.1222779403029,0.4,5.00178242
6565,VNM,2013,2359.51736472828,289.364162813695,31.5334201724543,0.4,4.41233158
6566,VNM,2014,2546.38464459903,292.559228518274,31.9480269945454,0.4,4.69078779
6567,VNM,2015,2577.56885340113,296.1974772084,32.3810945365679,0.4,4.71140909
6568,VNM,2016,2735.0604380416,299.948999160782,32.8476189285136,0.4,4.86994743
6569,VNM,2017,2956.10992127753,303.688787280275,33.3625963003742,0.5,4.99014759
6570,VNM,2018,3222.31003125366,307.046632570694,33.9410227821412,0.5,5.02678823
6571,VNM,2019,3440.90025375434,310.034412897339,34.6239134999511,0.5,4.97407484
6572,VNM,2020,3534.03953482647,312.923153250018,35.5706676299742,0.5,4.33219814
6573,VNM,2021,3704.1935590038,315.653937574379,36.6540656426603,0.5,4.53792429
6574,VNM,2022,4147.69777213621,318.032648542413,37.5478515625,0.5,4.53809595
6575,VNM,2023,4322.82572261566,320.175197572656,38.1298904418945,0.4,4.56109476
6576,VNM,2024,4716.6599379632,,38.4900703430176,0.4,
6577,VNM,2025,5065.99091899299,,38.8299160351294,,
6578,VUT,2000,1460.23817692229,15.2814602132896,21.6572490599483,0.1,3.30683255
6579,VUT,2001,1350.18338238522,15.6711238720263,21.9341706883464,0.1,3.38728333
6580,VUT,2002,1340.71537528287,16.0675143560295,22.2011458912344,0.1,3.90437746
6581,VUT,2003,1566.51396790858,16.4680885972108,22.4641372404641,0.1,3.50691938
6582,VUT,2004,1774.31867585894,16.8753896636587,22.7291073078871,0.1,3.53991532
6583,VUT,2005,1873.99142640619,17.2895816242822,23.0020186653551,0.1,3.30490398
6584,VUT,2006,2034.79289624351,17.7131255127153,23.2888338847199,0.1,3.32229328
6585,VUT,2007,2333.70506748914,18.1522559474979,23.5955155378332,0.1,3.10786796
6586,VUT,2008,2603.60883136724,18.6132895816243,23.9280261965467,0.1,3.13883376
6587,VUT,2009,2546.38324565986,19.0919606234619,24.2861753285463,0.1,3.25181413
6588,VUT,2010,2815.18828985779,19.5445447087777,24.742504119873,0.1,3.52637076
6589,VUT,2011,3163.1861645138,19.9732567678425,24.7861634049013,0.1,3.59770703
6590,VUT,2012,3004.78416664293,20.4169811320755,24.8183551383933,0.1,3.93631458
6591,VUT,2013,3392.56675091682,20.8762920426579,24.8407362750263,0.1,4.39240074
6592,VUT,2014,3378.36411965135,21.3486464315012,24.8549637694775,0.1,3.64018846
6593,VUT,2015,3214.41948587141,21.829450369155,24.8626945764242,0.1,4.1583128
6594,VUT,2016,3339.83436471043,22.3205086136177,24.8654875642873,0.1,2.98904061
6595,VUT,2017,3585.31798081216,22.8471698113208,24.7644441456437,0.1,2.88118052
6596,VUT,2018,3626.18862522473,23.4010664479081,24.2729727045038,0.1,3.44049001
6597,VUT,2019,3635.62344878185,23.9528301886792,23.5024668917075,0.1,3.49615431
6598,VUT,2020,3404.30359167624,24.5166529942576,22.4186852094794,0.1,4.12128973
6599,VUT,2021,3576.13770954363,25.0917145200984,22.2501822422475,0.1,4.58828115
6600,VUT,2022,3679.53524327491,25.6805578342904,22.2541249733107,0.1,4.05895281
6601,VUT,2023,3708.18942411253,26.2845775225595,22.2651966823901,0.1,4.1186676
6602,VUT,2024,3959.87703462363,,22.2866933360645,0.1,
6603,VUT,2025,4038.73520713411,,22.3219888836722,,
6604,WLD,2000,5512.56177163867,48.4408170082253,46.8398553166724,0.7,8.60047796448668
6605,WLD,2001,5404.20269822848,49.0954635806151,47.3049897203957,0.7,8.98669805661323
6606,WLD,2002,5539.32465002692,49.7443909573622,47.8262479750919,0.7,9.33304326263168
6607,WLD,2003,6129.8663827398,50.3877969573274,48.3638691712542,0.7,9.48254660035279
6608,WLD,2004,6818.00375324836,50.9814742901465,48.8658931738129,0.7,9.37456805162795
6609,WLD,2005,7290.5661453297,51.6325542243181,49.35871452652,0.7,9.30493157332252
6610,WLD,2006,7803.19467222601,52.2521992519545,49.872262926861,0.7,9.21922617412957
6611,WLD,2007,8685.33108680793,52.9154052869962,50.4154664586044,0.7,9.05877007772008
6612,WLD,2008,9425.73781604823,53.5971060080677,50.8801432860982,0.7,9.05444921266241
6613,WLD,2009,8827.04322994899,54.2733156908108,51.373746374335,0.7,9.78720427630434
6614,WLD,2010,9555.06543969498,54.9368942767572,51.7598125029111,0.7,9.45322811532614
6615,WLD,2011,10496.9310026996,55.6100860131458,52.4582964061998,0.7,9.31161104990118
6616,WLD,2012,10597.8460782595,55.2310680568682,52.9178673657727,0.7,9.32361659254147
6617,WLD,2013,10759.3457336689,55.9161894646313,53.4334012321388,0.7,9.29032296221062
6618,WLD,2014,10912.2447775638,56.5955137439097,53.9090710066533,0.7,9.39433129675668
6619,WLD,2015,10191.9752512662,57.2668873357048,54.4258474649377,0.7,9.6649830947051
6620,WLD,2016,10239.4656645738,57.9319860400358,54.894926437495,0.8,9.78596013948253
6621,WLD,2017,10784.3950896297,58.5928542498149,55.319833918472,0.8,9.66567188284731
6622,WLD,2018,11344.728168656,59.2254645935261,55.7520777819135,0.8,9.57530680594515
6623,WLD,2019,11417.5958587724,59.8477502782866,56.1409825640469,0.8,9.69075766722247
6624,WLD,2020,10999.4917581781,60.4323812223882,56.4441759386598,0.8,10.7456485237635
6625,WLD,2021,12472.9074157191,61.013852243906,56.80922270108,0.7,10.2930274941778
6626,WLD,2022,12876.2377124072,61.5627947638419,57.0722541398634,0.7,10.00575627569
6627,WLD,2023,13313.8575826001,62.1354378370613,57.3116916082902,0.7,10.0604465994699
6628,WLD,2024,13717.0909956338,,57.565600293551,0.7,
6629,WLD,2025,14405.8484595528,,57.8251158115221,,
6630,WSM,2000,1424.75240002471,64.1996466431095,21.9529698020724,,4.28232527
6631,WSM,2001,1453.87021324606,64.7229681978799,21.9749895503804,,3.81804991
6632,WSM,2002,1527.55790455937,65.1840989399293,21.9431903680112,,4.49205494
6633,WSM,2003,1798.12429714048,65.5229681978799,21.7806875309864,,4.17237139
6634,WSM,2004,2189.26042607992,65.8123674911661,21.5282844040566,,4.52578545
6635,WSM,2005,2550.04221437511,66.069964664311,21.2352904191687,,4.63365459
6636,WSM,2006,2663.29135939532,66.3282685512367,20.9567957063672,,4.88451385
6637,WSM,2007,3038.61904093377,66.6971731448763,20.6944481303605,,4.7446332
6638,WSM,2008,3373.60639884263,67.1756183745583,20.4038457706991,,4.53258085
6639,WSM,2009,3279.18269477295,67.6724381625442,20.1045321482817,,5.12732029
6640,WSM,2010,3524.2479246203,68.2060070671378,19.8302101862085,,5.15268326
6641,WSM,2011,3821.50678264479,68.8031802120141,19.6174273708146,,5.38357162
6642,WSM,2012,3934.60320799981,69.4339222614841,19.478718368689,,4.9883461
6643,WSM,2013,4023.5254013825,70.0593639575972,19.3865949620667,,6.21823883
6644,WSM,2014,3982.68080202084,70.6844522968198,19.3126679480432,,6.36147165
6645,WSM,2015,4084.36083819933,71.3010600706714,19.2340105383551,,6.01321936
6646,WSM,2016,4147.07097674888,71.9077738515901,19.126462366749,,5.63959885
6647,WSM,2017,4307.59381964907,73.8902877697842,18.9657191879831,,5.16343021
6648,WSM,2018,4231.81409469194,74.6697841726619,18.7241267935467,,4.77525806
6649,WSM,2019,4351.94234943706,75.4604316546763,18.4147344481283,,5.64761591
6650,WSM,2020,4099.59660548583,76.2388489208633,18.0516608994722,,6.09105825
6651,WSM,2021,4021.55934894283,76.8989208633094,17.5672426452007,,7.19651461
6652,WSM,2022,4132.44717734444,77.4320143884892,17.5007949951039,,6.93412352
6653,WSM,2023,4822.74084650019,77.9363309352518,17.5012799804602,,6.78103304
6654,WSM,2024,5392.87761915762,,17.5029115108018,,
6655,WSM,2025,5872.78333308796,,17.5063874123422,,
6656,XKX,2000,,,37.4831955140268,,
6657,XKX,2001,,,37.508480681916,,
6658,XKX,2002,,,37.5341026492746,,
6659,XKX,2003,,,37.5615508963458,,
6660,XKX,2004,,,37.5923149033726,,
6661,XKX,2005,,,37.627884150598,,
6662,XKX,2006,,,37.6697481182649,,
6663,XKX,2007,,,37.7193962866165,,
6664,XKX,2008,2889.14677086951,,37.7783181358957,,
6665,XKX,2009,2805.94692985371,,37.8480031463455,,
6666,XKX,2010,2987.54523493128,,37.929940798209,,
6667,XKX,2011,3538.94809762524,,38.0255184272137,,
6668,XKX,2012,3410.65497983011,,38.2296959226488,,
6669,XKX,2013,3704.55812411167,,38.6251749487938,,
6670,XKX,2014,3902.49322261901,,39.1938922761744,,
6671,XKX,2015,3520.62685324451,,39.917681154075,,
6672,XKX,2016,3759.44777525332,,40.7783748317802,,
6673,XKX,2017,4009.32022064732,,41.7578065585746,,
6674,XKX,2018,4384.18796440547,,42.8378095837429,,
6675,XKX,2019,4415.6992744623,,44.0002171565695,,
6676,XKX,2020,4320.58382547288,,45.2268625263391,,
6677,XKX,2021,5269.69946181439,,46.4995789423362,,
6678,XKX,2022,5298.1473871027,,47.8001996538455,,
6679,XKX,2023,6220.33213919344,,49.1105579101515,,
6680,XKX,2024,7026.6988128325,,50.3214443938994,,
6681,XKX,2025,7899.41841135202,,50.9260971650398,,
6682,YEM,2000,493.235182634814,37.1690455897115,26.6054859383233,0.1,4.66606569
6683,YEM,2001,487.141257946318,38.3092732541622,27.1033603053549,0.1,4.94514799
6684,YEM,2002,513.241486570603,39.4626323465348,27.5777619268614,0.1,4.83237982
6685,YEM,2003,548.905883049973,40.6393904956721,28.0277061455611,0.1,5.75758314
6686,YEM,2004,627.632023395762,41.8492849972536,28.4506523754813,0.1,5.5144043
6687,YEM,2005,734.159908450927,43.1654923575203,28.8523786558834,0.1,5.20585251
6688,YEM,2006,809.713127624703,44.5917059681421,29.2379493450977,0.1,5.52930164
6689,YEM,2007,890.305768114988,46.0595905070364,29.6091538946366,0.1,5.82077599
6690,YEM,2008,1071.63583282105,47.5631967725439,29.9646637170333,0.1,5.76191616
6691,YEM,2009,969.243509864478,49.1083281247041,30.3031502248211,0.1,5.98619986
6692,YEM,2010,1155.20305261418,50.6740667083357,30.6232848305331,0.1,5.15932894
6693,YEM,2011,1186.47500581215,52.2433035967953,30.9237389467026,0.1,4.7695322
6694,YEM,2012,1245.05068272078,53.8546640907627,31.2031839858628,0.1,5.19593525
6695,YEM,2013,1378.75002954928,55.5201090971078,31.4427187944215,0.1,4.96083164
6696,YEM,2014,1430.16420964026,57.2500501922458,31.8626162180918,0.1,5.8377471
6697,YEM,2015,1362.1738120601,59.0173286360967,32.3883178702702,0.1,6.49017286
6698,YEM,2016,975.359417003225,60.8159743924844,32.9512008005236,0.1,7.71249437
6699,YEM,2017,811.165970405745,62.6757599863629,33.5586912522175,0.1,8.14723873
6700,YEM,2018,633.887202451545,64.5589370608179,34.2106045810864,0.1,9.08948231
6701,YEM,2019,,66.5026573479554,34.9067561732024,0.1,10.97374439
6702,YEM,2020,,68.4411292308275,35.7025604580302,0.1,11.6478138
6703,YEM,2021,,70.3453415913783,36.0704951256305,0.1,9.44125366
6704,YEM,2022,,72.395924010834,36.3226310308295,0.1,8.81763458
6705,YEM,2023,,74.6080250771824,36.5707979836506,0.1,9.69559193
6706,YEM,2024,,,36.8077517596594,0.1,
6707,YEM,2025,,,37.0336664607078,,
6708,ZAF,2000,3217.84693448467,38.8756967743531,56.2589954883628,13.8,7.3366189
6709,ZAF,2001,2847.15191945908,39.2112703921391,57.0014339378269,14.5,7.12327909
6710,ZAF,2002,2688.23676032806,39.584379559637,57.6723587528482,15.1,6.67774487
6711,ZAF,2003,4062.21755993786,39.9808324196886,58.3724341232066,15.5,7.04098177
6712,ZAF,2004,5221.46333731721,40.3856440989539,59.0977390950102,15.8,6.938416
6713,ZAF,2005,5836.87663325127,40.796670486114,59.8241758378997,16.1,6.86216164
6714,ZAF,2006,6077.38293388876,41.2156369271859,60.5276465215157,16.3,6.87650871
6715,ZAF,2007,6591.85535960564,41.6527908069476,61.1840533154988,16.6,6.90510845
6716,ZAF,2008,6184.75474328399,42.1358670832337,61.7692983894896,16.8,7.14832258
6717,ZAF,2009,6374.70560042992,42.6419441261572,62.2592839131287,17.1,7.64941454
6718,ZAF,2010,7973.47195771517,43.1493549530538,62.6299120560569,17.4,7.79358244
6719,ZAF,2011,8646.05571071635,43.6861279872062,62.850627754452,17.7,7.94434404
6720,ZAF,2012,8076.97678479741,44.3351828800831,62.9616560303263,17.9,8.00428867
6721,ZAF,2013,7331.65467384919,45.0739771987239,63.0524024097034,18.1,8.10322285
6722,ZAF,2014,6856.73137092522,45.8291124318888,63.1352327065742,18.3,7.87136555
6723,ZAF,2015,6112.27382485974,46.7595454582925,63.2096349937231,18.5,8.05304241
6724,ZAF,2016,5651.20585165749,47.2014038529705,63.2750973439347,18.6,8.07959366
6725,ZAF,2017,6618.33508255701,47.5110354549127,63.3311078299936,18.6,7.97711372
6726,ZAF,2018,6914.1780318076,48.3171083761304,63.3771545246841,18.6,8.0819664
6727,ZAF,2019,6533.71121032856,49.1207453692636,63.4127255007908,18.5,8.24652863
6728,ZAF,2020,5580.60383075189,49.9240625180325,63.4373088310982,18.4,9.02174091
6729,ZAF,2021,6828.75624590017,50.6991261983859,63.4503925883909,18.2,8.6645031
6730,ZAF,2022,6534.24867783397,51.4210899438624,63.4766699210327,17.9,8.74512291
6731,ZAF,2023,6034.27208964673,52.1085690262058,63.5823705163545,17.6,8.90966797
6732,ZAF,2024,6267.186814093,,63.6917984858172,17.2,
6733,ZAF,2025,6597.71450918774,,63.8154011002522,,
6734,ZMB,2000,359.429500988221,13.475606343911,35.8735460960387,13.5,4.12029076
6735,ZMB,2001,396.548952993504,13.8893245806373,35.8846482932758,13.2,4.77853632
6736,ZMB,2002,393.864625518616,14.3235031410162,36.0706035730014,12.9,5.88845205
6737,ZMB,2003,446.290104839041,14.7750104252142,36.3858560115875,12.6,5.99553585
6738,ZMB,2004,548.685974566277,15.2520184559921,36.8035881130253,12.3,5.46587515
6739,ZMB,2005,710.982068171696,15.7640256123973,37.2969823813059,12.1,6.33088684
6740,ZMB,2006,1051.71714895686,16.3165404431052,37.8392213204204,11.9,5.5774231
6741,ZMB,2007,1118.73162626953,16.9024132689436,38.4034874343601,11.7,4.55994081
6742,ZMB,2008,1375.50211006997,17.5161409219925,38.9629632271162,11.7,4.49370766
6743,ZMB,2009,1136.24168316848,18.1471219682804,39.4908312026796,11.7,5.22568512
6744,ZMB,2010,1451.10616017155,18.7863624746096,39.9558857709992,11.7,4.13426876
6745,ZMB,2011,1624.86817763443,19.4215633785765,40.3684491825881,11.7,3.95913363
6746,ZMB,2012,1710.05061343728,20.0616486635548,40.7698556821596,11.8,4.04541731
6747,ZMB,2013,1820.71854827391,20.7145603249976,41.1682266235825,11.8,4.57390451
6748,ZMB,2014,1707.48573136694,21.3822018052435,41.5634741658525,11.9,3.82924223
6749,ZMB,2015,1295.87788680068,22.0598730141648,41.9555104679652,11.9,4.42974281
6750,ZMB,2016,1239.08527877713,22.7530946071376,42.3442476889162,11.8,4.46923161
6751,ZMB,2017,1483.46577328065,23.4618706197285,42.7295979877011,11.8,4.78156233
6752,ZMB,2018,1463.89997855593,24.1778460834824,43.1114735233156,11.7,4.76996708
6753,ZMB,2019,1258.98619844462,24.9046113076582,43.4897864547552,11.5,6.75330257
6754,ZMB,2020,951.644316655957,25.6384872005273,43.8644489410157,11.1,6.3067441
6755,ZMB,2021,1127.16077872857,26.3705551594721,44.2353731410926,10.7,6.63951397
6756,ZMB,2022,1447.12310138035,27.1095091405588,44.5988511178469,10.3,5.21042967
6757,ZMB,2023,1330.72780576709,27.8776483407095,45.0285853521585,9.8,5.97841072
6758,ZMB,2024,1187.10943350064,,45.4703838491279,9.4,
6759,ZMB,2025,1317.87771619597,,45.9171510161461,,
6760,ZWE,2000,562.833757496076,30.74073930464,32.3991568853313,25.8,
6761,ZWE,2001,566.388746448872,30.947139718237,32.4999278382836,24.5,
6762,ZWE,2002,524.936478570323,31.2463564689156,32.5631884166934,23.2,
6763,ZWE,2003,468.471932927213,31.6203257076386,32.6003372313948,21.9,
6764,ZWE,2004,469.719298949304,31.9656094093318,32.6278168233873,20.6,
6765,ZWE,2005,461.271387547912,32.2694377665762,32.6482709722903,19.5,
6766,ZWE,2006,431.034994414964,32.6649735039421,32.6640794641194,18.6,
6767,ZWE,2007,413.521244592925,33.0982499676877,32.67762208489,17.8,
6768,ZWE,2008,340.917447588572,33.4991572961096,32.6912786206175,17.1,
6769,ZWE,2009,735.821693871697,33.9738658394727,32.7074288573175,16.6,
6770,ZWE,2010,902.010759067388,34.5264262634096,32.7284525810054,16.3,10.47575283
6771,ZWE,2011,1037.77565157218,35.1439162466072,32.7567295776968,16.0,8.081707
6772,ZWE,2012,1239.22709745709,35.7189789324027,32.7931752128328,15.6,6.91838741
6773,ZWE,2013,1362.99498323368,36.2254310456249,32.9019343169941,15.3,7.11022186
6774,ZWE,2014,1372.91526173161,36.7257567532635,33.1628075970801,14.9,8.1335125
6775,ZWE,2015,1387.12632595026,37.2211787514541,33.5612641766874,14.5,7.45204067
6776,ZWE,2016,1408.13945253431,37.7414863642239,34.0799460726314,14.1,7.25845575
6777,ZWE,2017,3445.44941020134,38.2899883675843,34.7014953017273,13.6,6.17448902
6778,ZWE,2018,2270.89531874302,38.8637766576192,35.4085538807905,13.1,4.67327976
6779,ZWE,2019,2184.52155388801,39.4762000775494,36.1837638266364,12.5,3.23268151
6780,ZWE,2020,2059.63704025274,40.13671448882,37.0097671560802,12.0,2.95440102
6781,ZWE,2021,2613.6167414057,40.8354917926845,37.8692058859373,11.5,2.67111874
6782,ZWE,2022,2536.40197087505,41.5382086079876,38.7055207169041,10.9,3.39519501
6783,ZWE,2023,2195.22502010174,42.24071862479,39.2919370795795,10.3,2.92601609
6784,ZWE,2024,2496.15514995576,,39.8933716820696,9.8,
6785,ZWE,2025,3021.43019873632,,40.4951287431452,,
